2026-06-13T21:30:32+07:00	INFO	[vuln] Vulnerability scanning is enabled
2026-06-13T21:30:32+07:00	INFO	[secret] Secret scanning is enabled
2026-06-13T21:30:32+07:00	INFO	[secret] If your scanning is slow, please try '--scanners vuln' to disable secret scanning
2026-06-13T21:30:32+07:00	INFO	[secret] Please see https://trivy.dev/docs/v0.70/guide/scanner/secret#recommendation for faster secret detection
2026-06-13T21:30:33+07:00	INFO	Detected OS	family="debian" version="13.1"
2026-06-13T21:30:33+07:00	INFO	[debian] Detecting vulnerabilities...	os_version="13" pkg_num=469
2026-06-13T21:30:34+07:00	INFO	Number of language-specific files	num=1
2026-06-13T21:30:34+07:00	INFO	[python-pkg] Detecting vulnerabilities...
2026-06-13T21:30:34+07:00	WARN	Using severities from other vendors for some vulnerabilities. Read https://trivy.dev/docs/v0.70/guide/scanner/vulnerability#severity-selection for details.
2026-06-13T21:30:36+07:00	INFO	Table result includes only package filenames. Use '--format json' option to get the full path to the package file.

Report Summary

┌──────────────────────────────────────────────────────────────────────────────────┬────────────┬─────────────────┬─────────┐
│                                      Target                                      │    Type    │ Vulnerabilities │ Secrets │
├──────────────────────────────────────────────────────────────────────────────────┼────────────┼─────────────────┼─────────┤
│ fail-demo (debian 13.1)                                                          │   debian   │      1143       │    -    │
├──────────────────────────────────────────────────────────────────────────────────┼────────────┼─────────────────┼─────────┤
│ app/venv/lib/python3.12/site-packages/Flask-1.0.dist-info/METADATA               │ python-pkg │        1        │    -    │
├──────────────────────────────────────────────────────────────────────────────────┼────────────┼─────────────────┼─────────┤
│ app/venv/lib/python3.12/site-packages/Jinja2-2.10.dist-info/METADATA             │ python-pkg │        1        │    -    │
├──────────────────────────────────────────────────────────────────────────────────┼────────────┼─────────────────┼─────────┤
│ app/venv/lib/python3.12/site-packages/Werkzeug-0.15.0.dist-info/METADATA         │ python-pkg │        4        │    -    │
├──────────────────────────────────────────────────────────────────────────────────┼────────────┼─────────────────┼─────────┤
│ app/venv/lib/python3.12/site-packages/click-8.4.1.dist-info/METADATA             │ python-pkg │        0        │    -    │
├──────────────────────────────────────────────────────────────────────────────────┼────────────┼─────────────────┼─────────┤
│ app/venv/lib/python3.12/site-packages/iniconfig-2.3.0.dist-info/METADATA         │ python-pkg │        0        │    -    │
├──────────────────────────────────────────────────────────────────────────────────┼────────────┼─────────────────┼─────────┤
│ app/venv/lib/python3.12/site-packages/itsdangerous-2.2.0.dist-info/METADATA      │ python-pkg │        0        │    -    │
├──────────────────────────────────────────────────────────────────────────────────┼────────────┼─────────────────┼─────────┤
│ app/venv/lib/python3.12/site-packages/markupsafe-3.0.3.dist-info/METADATA        │ python-pkg │        0        │    -    │
├──────────────────────────────────────────────────────────────────────────────────┼────────────┼─────────────────┼─────────┤
│ app/venv/lib/python3.12/site-packages/packaging-26.2.dist-info/METADATA          │ python-pkg │        0        │    -    │
├──────────────────────────────────────────────────────────────────────────────────┼────────────┼─────────────────┼─────────┤
│ app/venv/lib/python3.12/site-packages/pip-24.0.dist-info/METADATA                │ python-pkg │        0        │    -    │
├──────────────────────────────────────────────────────────────────────────────────┼────────────┼─────────────────┼─────────┤
│ app/venv/lib/python3.12/site-packages/pluggy-1.6.0.dist-info/METADATA            │ python-pkg │        0        │    -    │
├──────────────────────────────────────────────────────────────────────────────────┼────────────┼─────────────────┼─────────┤
│ app/venv/lib/python3.12/site-packages/pygments-2.20.0.dist-info/METADATA         │ python-pkg │        0        │    -    │
├──────────────────────────────────────────────────────────────────────────────────┼────────────┼─────────────────┼─────────┤
│ app/venv/lib/python3.12/site-packages/pytest-9.0.3.dist-info/METADATA            │ python-pkg │        0        │    -    │
├──────────────────────────────────────────────────────────────────────────────────┼────────────┼─────────────────┼─────────┤
│ usr/local/lib/python3.9/site-packages/Flask-1.0.dist-info/METADATA               │ python-pkg │        1        │    -    │
├──────────────────────────────────────────────────────────────────────────────────┼────────────┼─────────────────┼─────────┤
│ usr/local/lib/python3.9/site-packages/Jinja2-2.10.dist-info/METADATA             │ python-pkg │        1        │    -    │
├──────────────────────────────────────────────────────────────────────────────────┼────────────┼─────────────────┼─────────┤
│ usr/local/lib/python3.9/site-packages/Werkzeug-0.15.0.dist-info/METADATA         │ python-pkg │        4        │    -    │
├──────────────────────────────────────────────────────────────────────────────────┼────────────┼─────────────────┼─────────┤
│ usr/local/lib/python3.9/site-packages/click-8.1.8.dist-info/METADATA             │ python-pkg │        0        │    -    │
├──────────────────────────────────────────────────────────────────────────────────┼────────────┼─────────────────┼─────────┤
│ usr/local/lib/python3.9/site-packages/itsdangerous-2.2.0.dist-info/METADATA      │ python-pkg │        0        │    -    │
├──────────────────────────────────────────────────────────────────────────────────┼────────────┼─────────────────┼─────────┤
│ usr/local/lib/python3.9/site-packages/markupsafe-3.0.3.dist-info/METADATA        │ python-pkg │        0        │    -    │
├──────────────────────────────────────────────────────────────────────────────────┼────────────┼─────────────────┼─────────┤
│ usr/local/lib/python3.9/site-packages/pip-23.0.1.dist-info/METADATA              │ python-pkg │        0        │    -    │
├──────────────────────────────────────────────────────────────────────────────────┼────────────┼─────────────────┼─────────┤
│ usr/local/lib/python3.9/site-packages/setuptools-79.0.1.dist-info/METADATA       │ python-pkg │        0        │    -    │
├──────────────────────────────────────────────────────────────────────────────────┼────────────┼─────────────────┼─────────┤
│ usr/local/lib/python3.9/site-packages/setuptools/_vendor/autocommand-2.2.2.dist- │ python-pkg │        0        │    -    │
│ -info/METADATA                                                                   │            │                 │         │
├──────────────────────────────────────────────────────────────────────────────────┼────────────┼─────────────────┼─────────┤
│ usr/local/lib/python3.9/site-packages/setuptools/_vendor/backports.tarfile-1.2.- │ python-pkg │        0        │    -    │
│ 0.dist-info/METADATA                                                             │            │                 │         │
├──────────────────────────────────────────────────────────────────────────────────┼────────────┼─────────────────┼─────────┤
│ usr/local/lib/python3.9/site-packages/setuptools/_vendor/importlib_metadata-8.0- │ python-pkg │        0        │    -    │
│ .0.dist-info/METADATA                                                            │            │                 │         │
├──────────────────────────────────────────────────────────────────────────────────┼────────────┼─────────────────┼─────────┤
│ usr/local/lib/python3.9/site-packages/setuptools/_vendor/inflect-7.3.1.dist-inf- │ python-pkg │        0        │    -    │
│ o/METADATA                                                                       │            │                 │         │
├──────────────────────────────────────────────────────────────────────────────────┼────────────┼─────────────────┼─────────┤
│ usr/local/lib/python3.9/site-packages/setuptools/_vendor/jaraco.collections-5.1- │ python-pkg │        0        │    -    │
│ .0.dist-info/METADATA                                                            │            │                 │         │
├──────────────────────────────────────────────────────────────────────────────────┼────────────┼─────────────────┼─────────┤
│ usr/local/lib/python3.9/site-packages/setuptools/_vendor/jaraco.context-5.3.0.d- │ python-pkg │        1        │    -    │
│ ist-info/METADATA                                                                │            │                 │         │
├──────────────────────────────────────────────────────────────────────────────────┼────────────┼─────────────────┼─────────┤
│ usr/local/lib/python3.9/site-packages/setuptools/_vendor/jaraco.functools-4.0.1- │ python-pkg │        0        │    -    │
│ .dist-info/METADATA                                                              │            │                 │         │
├──────────────────────────────────────────────────────────────────────────────────┼────────────┼─────────────────┼─────────┤
│ usr/local/lib/python3.9/site-packages/setuptools/_vendor/jaraco.text-3.12.1.dis- │ python-pkg │        0        │    -    │
│ t-info/METADATA                                                                  │            │                 │         │
├──────────────────────────────────────────────────────────────────────────────────┼────────────┼─────────────────┼─────────┤
│ usr/local/lib/python3.9/site-packages/setuptools/_vendor/more_itertools-10.3.0.- │ python-pkg │        0        │    -    │
│ dist-info/METADATA                                                               │            │                 │         │
├──────────────────────────────────────────────────────────────────────────────────┼────────────┼─────────────────┼─────────┤
│ usr/local/lib/python3.9/site-packages/setuptools/_vendor/packaging-24.2.dist-in- │ python-pkg │        0        │    -    │
│ fo/METADATA                                                                      │            │                 │         │
├──────────────────────────────────────────────────────────────────────────────────┼────────────┼─────────────────┼─────────┤
│ usr/local/lib/python3.9/site-packages/setuptools/_vendor/platformdirs-4.2.2.dis- │ python-pkg │        0        │    -    │
│ t-info/METADATA                                                                  │            │                 │         │
├──────────────────────────────────────────────────────────────────────────────────┼────────────┼─────────────────┼─────────┤
│ usr/local/lib/python3.9/site-packages/setuptools/_vendor/tomli-2.0.1.dist-info/- │ python-pkg │        0        │    -    │
│ METADATA                                                                         │            │                 │         │
├──────────────────────────────────────────────────────────────────────────────────┼────────────┼─────────────────┼─────────┤
│ usr/local/lib/python3.9/site-packages/setuptools/_vendor/typeguard-4.3.0.dist-i- │ python-pkg │        0        │    -    │
│ nfo/METADATA                                                                     │            │                 │         │
├──────────────────────────────────────────────────────────────────────────────────┼────────────┼─────────────────┼─────────┤
│ usr/local/lib/python3.9/site-packages/setuptools/_vendor/typing_extensions-4.12- │ python-pkg │        0        │    -    │
│ .2.dist-info/METADATA                                                            │            │                 │         │
├──────────────────────────────────────────────────────────────────────────────────┼────────────┼─────────────────┼─────────┤
│ usr/local/lib/python3.9/site-packages/setuptools/_vendor/wheel-0.45.1.dist-info- │ python-pkg │        1        │    -    │
│ /METADATA                                                                        │            │                 │         │
├──────────────────────────────────────────────────────────────────────────────────┼────────────┼─────────────────┼─────────┤
│ usr/local/lib/python3.9/site-packages/setuptools/_vendor/zipp-3.19.2.dist-info/- │ python-pkg │        0        │    -    │
│ METADATA                                                                         │            │                 │         │
├──────────────────────────────────────────────────────────────────────────────────┼────────────┼─────────────────┼─────────┤
│ usr/local/lib/python3.9/site-packages/wheel-0.45.1.dist-info/METADATA            │ python-pkg │        1        │    -    │
└──────────────────────────────────────────────────────────────────────────────────┴────────────┴─────────────────┴─────────┘
Legend:
- '-': Not scanned
- '0': Clean (no security findings detected)


fail-demo (debian 13.1)
=======================
Total: 1143 (HIGH: 961, CRITICAL: 182)

┌──────────────────────────────┬────────────────┬──────────┬──────────────┬────────────────────────────┬────────────────────────────┬──────────────────────────────────────────────────────────────┐
│           Library            │ Vulnerability  │ Severity │    Status    │     Installed Version      │       Fixed Version        │                            Title                             │
├──────────────────────────────┼────────────────┼──────────┼──────────────┼────────────────────────────┼────────────────────────────┼──────────────────────────────────────────────────────────────┤
│ curl                         │ CVE-2026-5773  │ HIGH     │ affected     │ 8.14.1-2                   │                            │ curl: libcurl: Wrong file transfer due to incorrect SMB      │
│                              │                │          │              │                            │                            │ connection reuse                                             │
│                              │                │          │              │                            │                            │ https://avd.aquasec.com/nvd/cve-2026-5773                    │
│                              ├────────────────┤          │              │                            ├────────────────────────────┼──────────────────────────────────────────────────────────────┤
│                              │ CVE-2026-6276  │          │              │                            │                            │ curl: libcurl: Information disclosure due to cookie leak     │
│                              │                │          │              │                            │                            │ when reusing connections with...                             │
│                              │                │          │              │                            │                            │ https://avd.aquasec.com/nvd/cve-2026-6276                    │
├──────────────────────────────┼────────────────┤          ├──────────────┼────────────────────────────┼────────────────────────────┼──────────────────────────────────────────────────────────────┤
│ dirmngr                      │ CVE-2025-68973 │          │ fixed        │ 2.4.7-21+b3                │ 2.4.7-21+deb13u1           │ GnuPG: GnuPG: Information disclosure and potential arbitrary │
│                              │                │          │              │                            │                            │ code execution via out-of-bounds write...                    │
│                              │                │          │              │                            │                            │ https://avd.aquasec.com/nvd/cve-2025-68973                   │
│                              ├────────────────┤          ├──────────────┤                            ├────────────────────────────┼──────────────────────────────────────────────────────────────┤
│                              │ CVE-2026-24882 │          │ affected     │                            │                            │ GnuPG: GnuPG: Stack-based buffer overflow in tpm2daemon      │
│                              │                │          │              │                            │                            │ allows arbitrary code execution                              │
│                              │                │          │              │                            │                            │ https://avd.aquasec.com/nvd/cve-2026-24882                   │
├──────────────────────────────┼────────────────┤          ├──────────────┼────────────────────────────┼────────────────────────────┼──────────────────────────────────────────────────────────────┤
│ gir1.2-gdkpixbuf-2.0         │ CVE-2026-5201  │          │ fixed        │ 2.42.12+dfsg-4             │ 2.42.12+dfsg-4+deb13u1     │ gdk-pixbuf: gdk-pixbuf: Denial of Service via heap-based     │
│                              │                │          │              │                            │                            │ buffer overflow when processing a...                         │
│                              │                │          │              │                            │                            │ https://avd.aquasec.com/nvd/cve-2026-5201                    │
├──────────────────────────────┼────────────────┼──────────┤              ├────────────────────────────┼────────────────────────────┼──────────────────────────────────────────────────────────────┤
│ gir1.2-glib-2.0              │ CVE-2025-14087 │ CRITICAL │              │ 2.84.4-3~deb13u1           │ 2.84.4-3~deb13u2           │ glib: GLib: Buffer underflow in GVariant parser leads to     │
│                              │                │          │              │                            │                            │ heap corruption                                              │
│                              │                │          │              │                            │                            │ https://avd.aquasec.com/nvd/cve-2025-14087                   │
├──────────────────────────────┤                │          │              │                            │                            │                                                              │
│ gir1.2-glib-2.0-dev          │                │          │              │                            │                            │                                                              │
│                              │                │          │              │                            │                            │                                                              │
│                              │                │          │              │                            │                            │                                                              │
├──────────────────────────────┤                │          │              │                            │                            │                                                              │
│ girepository-tools           │                │          │              │                            │                            │                                                              │
│                              │                │          │              │                            │                            │                                                              │
│                              │                │          │              │                            │                            │                                                              │
├──────────────────────────────┼────────────────┼──────────┤              ├────────────────────────────┼────────────────────────────┼──────────────────────────────────────────────────────────────┤
│ gnupg                        │ CVE-2025-68973 │ HIGH     │              │ 2.4.7-21                   │ 2.4.7-21+deb13u1           │ GnuPG: GnuPG: Information disclosure and potential arbitrary │
│                              │                │          │              │                            │                            │ code execution via out-of-bounds write...                    │
│                              │                │          │              │                            │                            │ https://avd.aquasec.com/nvd/cve-2025-68973                   │
│                              ├────────────────┤          ├──────────────┤                            ├────────────────────────────┼──────────────────────────────────────────────────────────────┤
│                              │ CVE-2026-24882 │          │ affected     │                            │                            │ GnuPG: GnuPG: Stack-based buffer overflow in tpm2daemon      │
│                              │                │          │              │                            │                            │ allows arbitrary code execution                              │
│                              │                │          │              │                            │                            │ https://avd.aquasec.com/nvd/cve-2026-24882                   │
├──────────────────────────────┼────────────────┤          ├──────────────┤                            ├────────────────────────────┼──────────────────────────────────────────────────────────────┤
│ gnupg-l10n                   │ CVE-2025-68973 │          │ fixed        │                            │ 2.4.7-21+deb13u1           │ GnuPG: GnuPG: Information disclosure and potential arbitrary │
│                              │                │          │              │                            │                            │ code execution via out-of-bounds write...                    │
│                              │                │          │              │                            │                            │ https://avd.aquasec.com/nvd/cve-2025-68973                   │
│                              ├────────────────┤          ├──────────────┤                            ├────────────────────────────┼──────────────────────────────────────────────────────────────┤
│                              │ CVE-2026-24882 │          │ affected     │                            │                            │ GnuPG: GnuPG: Stack-based buffer overflow in tpm2daemon      │
│                              │                │          │              │                            │                            │ allows arbitrary code execution                              │
│                              │                │          │              │                            │                            │ https://avd.aquasec.com/nvd/cve-2026-24882                   │
├──────────────────────────────┼────────────────┤          ├──────────────┼────────────────────────────┼────────────────────────────┼──────────────────────────────────────────────────────────────┤
│ gpg                          │ CVE-2025-68973 │          │ fixed        │ 2.4.7-21+b3                │ 2.4.7-21+deb13u1           │ GnuPG: GnuPG: Information disclosure and potential arbitrary │
│                              │                │          │              │                            │                            │ code execution via out-of-bounds write...                    │
│                              │                │          │              │                            │                            │ https://avd.aquasec.com/nvd/cve-2025-68973                   │
│                              ├────────────────┤          ├──────────────┤                            ├────────────────────────────┼──────────────────────────────────────────────────────────────┤
│                              │ CVE-2026-24882 │          │ affected     │                            │                            │ GnuPG: GnuPG: Stack-based buffer overflow in tpm2daemon      │
│                              │                │          │              │                            │                            │ allows arbitrary code execution                              │
│                              │                │          │              │                            │                            │ https://avd.aquasec.com/nvd/cve-2026-24882                   │
├──────────────────────────────┼────────────────┤          ├──────────────┤                            ├────────────────────────────┼──────────────────────────────────────────────────────────────┤
│ gpg-agent                    │ CVE-2025-68973 │          │ fixed        │                            │ 2.4.7-21+deb13u1           │ GnuPG: GnuPG: Information disclosure and potential arbitrary │
│                              │                │          │              │                            │                            │ code execution via out-of-bounds write...                    │
│                              │                │          │              │                            │                            │ https://avd.aquasec.com/nvd/cve-2025-68973                   │
│                              ├────────────────┤          ├──────────────┤                            ├────────────────────────────┼──────────────────────────────────────────────────────────────┤
│                              │ CVE-2026-24882 │          │ affected     │                            │                            │ GnuPG: GnuPG: Stack-based buffer overflow in tpm2daemon      │
│                              │                │          │              │                            │                            │ allows arbitrary code execution                              │
│                              │                │          │              │                            │                            │ https://avd.aquasec.com/nvd/cve-2026-24882                   │
├──────────────────────────────┼────────────────┤          ├──────────────┤                            ├────────────────────────────┼──────────────────────────────────────────────────────────────┤
│ gpgconf                      │ CVE-2025-68973 │          │ fixed        │                            │ 2.4.7-21+deb13u1           │ GnuPG: GnuPG: Information disclosure and potential arbitrary │
│                              │                │          │              │                            │                            │ code execution via out-of-bounds write...                    │
│                              │                │          │              │                            │                            │ https://avd.aquasec.com/nvd/cve-2025-68973                   │
│                              ├────────────────┤          ├──────────────┤                            ├────────────────────────────┼──────────────────────────────────────────────────────────────┤
│                              │ CVE-2026-24882 │          │ affected     │                            │                            │ GnuPG: GnuPG: Stack-based buffer overflow in tpm2daemon      │
│                              │                │          │              │                            │                            │ allows arbitrary code execution                              │
│                              │                │          │              │                            │                            │ https://avd.aquasec.com/nvd/cve-2026-24882                   │
├──────────────────────────────┼────────────────┤          ├──────────────┤                            ├────────────────────────────┼──────────────────────────────────────────────────────────────┤
│ gpgsm                        │ CVE-2025-68973 │          │ fixed        │                            │ 2.4.7-21+deb13u1           │ GnuPG: GnuPG: Information disclosure and potential arbitrary │
│                              │                │          │              │                            │                            │ code execution via out-of-bounds write...                    │
│                              │                │          │              │                            │                            │ https://avd.aquasec.com/nvd/cve-2025-68973                   │
│                              ├────────────────┤          ├──────────────┤                            ├────────────────────────────┼──────────────────────────────────────────────────────────────┤
│                              │ CVE-2026-24882 │          │ affected     │                            │                            │ GnuPG: GnuPG: Stack-based buffer overflow in tpm2daemon      │
│                              │                │          │              │                            │                            │ allows arbitrary code execution                              │
│                              │                │          │              │                            │                            │ https://avd.aquasec.com/nvd/cve-2026-24882                   │
├──────────────────────────────┼────────────────┼──────────┼──────────────┼────────────────────────────┼────────────────────────────┼──────────────────────────────────────────────────────────────┤
│ imagemagick                  │ CVE-2026-22770 │ CRITICAL │ fixed        │ 8:7.1.1.43+dfsg1-1+deb13u2 │ 8:7.1.1.43+dfsg1-1+deb13u5 │ ImageMagick: ImageMagick: Denial of Service due to improper  │
│                              │                │          │              │                            │                            │ pointer initialization                                       │
│                              │                │          │              │                            │                            │ https://avd.aquasec.com/nvd/cve-2026-22770                   │
│                              ├────────────────┤          │              │                            │                            ├──────────────────────────────────────────────────────────────┤
│                              │ CVE-2026-23876 │          │              │                            │                            │ ImageMagick: ImageMagick: Arbitrary code execution via a     │
│                              │                │          │              │                            │                            │ crafted XBM image file                                       │
│                              │                │          │              │                            │                            │ https://avd.aquasec.com/nvd/cve-2026-23876                   │
│                              ├────────────────┤          │              │                            ├────────────────────────────┼──────────────────────────────────────────────────────────────┤
│                              │ CVE-2026-25897 │          │              │                            │ 8:7.1.1.43+dfsg1-1+deb13u6 │ ImageMagick: ImageMagick: Out-of-bounds heap write via       │
│                              │                │          │              │                            │                            │ integer overflow in sun decoder                              │
│                              │                │          │              │                            │                            │ https://avd.aquasec.com/nvd/cve-2026-25897                   │
│                              ├────────────────┤          │              │                            │                            ├──────────────────────────────────────────────────────────────┤
│                              │ CVE-2026-25898 │          │              │                            │                            │ ImageMagick: ImageMagick: Information disclosure or denial   │
│                              │                │          │              │                            │                            │ of service via crafted image with...                         │
│                              │                │          │              │                            │                            │ https://avd.aquasec.com/nvd/cve-2026-25898                   │
│                              ├────────────────┤          │              │                            │                            ├──────────────────────────────────────────────────────────────┤
│                              │ CVE-2026-25968 │          │              │                            │                            │ ImageMagick: ImageMagick: Memory corruption via stack buffer │
│                              │                │          │              │                            │                            │ overflow when processing an attribute...                     │
│                              │                │          │              │                            │                            │ https://avd.aquasec.com/nvd/cve-2026-25968                   │
│                              ├────────────────┤          │              │                            │                            ├──────────────────────────────────────────────────────────────┤
│                              │ CVE-2026-25971 │          │              │                            │                            │ ImageMagick: ImageMagick: Denial of Service via circular     │
│                              │                │          │              │                            │                            │ references in MSL files                                      │
│                              │                │          │              │                            │                            │ https://avd.aquasec.com/nvd/cve-2026-25971                   │
│                              ├────────────────┤          │              │                            │                            ├──────────────────────────────────────────────────────────────┤
│                              │ CVE-2026-25983 │          │              │                            │                            │ ImageMagick: ImageMagick: Denial of service via crafted MSL  │
│                              │                │          │              │                            │                            │ script                                                       │
│                              │                │          │              │                            │                            │ https://avd.aquasec.com/nvd/cve-2026-25983                   │
│                              ├────────────────┤          │              │                            │                            ├──────────────────────────────────────────────────────────────┤
│                              │ CVE-2026-25986 │          │              │                            │                            │ ImageMagick: ImageMagick: Denial of Service via malicious    │
│                              │                │          │              │                            │                            │ YUV image processing                                         │
│                              │                │          │              │                            │                            │ https://avd.aquasec.com/nvd/cve-2026-25986                   │
│                              ├────────────────┤          │              │                            │                            ├──────────────────────────────────────────────────────────────┤
│                              │ CVE-2026-25987 │          │              │                            │                            │ ImageMagick: ImageMagick: Memory disclosure and denial of    │
│                              │                │          │              │                            │                            │ service via crafted MAP files...                             │
│                              │                │          │              │                            │                            │ https://avd.aquasec.com/nvd/cve-2026-25987                   │
│                              ├────────────────┤          │              │                            │                            ├──────────────────────────────────────────────────────────────┤
│                              │ CVE-2026-26284 │          │              │                            │                            │ ImageMagick: ImageMagick: Out-of-bounds read via crafted     │
│                              │                │          │              │                            │                            │ Photo CD (PCD) files                                         │
│                              │                │          │              │                            │                            │ https://avd.aquasec.com/nvd/cve-2026-26284                   │
│                              ├────────────────┼──────────┤              │                            ├────────────────────────────┼──────────────────────────────────────────────────────────────┤
│                              │ CVE-2025-62171 │ HIGH     │              │                            │ 8:7.1.1.43+dfsg1-1+deb13u3 │ ImageMagick: ImageMagick vulnerable to denial of service via │
│                              │                │          │              │                            │                            │ integer overflow in BMP...                                   │
│                              │                │          │              │                            │                            │ https://avd.aquasec.com/nvd/cve-2025-62171                   │
│                              ├────────────────┤          │              │                            ├────────────────────────────┼──────────────────────────────────────────────────────────────┤
│                              │ CVE-2025-66628 │          │              │                            │ 8:7.1.1.43+dfsg1-1+deb13u4 │ ImageMagick: ImageMagick Integer Overflow leading to out of  │
│                              │                │          │              │                            │                            │ bounds read (32-bit only)...                                 │
│                              │                │          │              │                            │                            │ https://avd.aquasec.com/nvd/cve-2025-66628                   │
│                              ├────────────────┤          │              │                            │                            ├──────────────────────────────────────────────────────────────┤
│                              │ CVE-2025-68618 │          │              │                            │                            │ ImageMagick: ImageMagick: Denial of Service via malicious    │
│                              │                │          │              │                            │                            │ SVG file                                                     │
│                              │                │          │              │                            │                            │ https://avd.aquasec.com/nvd/cve-2025-68618                   │
│                              ├────────────────┤          │              │                            │                            ├──────────────────────────────────────────────────────────────┤
│                              │ CVE-2025-69204 │          │              │                            │                            │ ImageMagick: ImageMagick: Denial of Service via integer      │
│                              │                │          │              │                            │                            │ overflow in SVG image processing...                          │
│                              │                │          │              │                            │                            │ https://avd.aquasec.com/nvd/cve-2025-69204                   │
│                              ├────────────────┤          │              │                            ├────────────────────────────┼──────────────────────────────────────────────────────────────┤
│                              │ CVE-2026-23952 │          │              │                            │ 8:7.1.1.43+dfsg1-1+deb13u5 │ ImageMagick: ImageMagick: Denial of Service via processing   │
│                              │                │          │              │                            │                            │ of MSL comment tags                                          │
│                              │                │          │              │                            │                            │ https://avd.aquasec.com/nvd/cve-2026-23952                   │
│                              ├────────────────┤          │              │                            ├────────────────────────────┼──────────────────────────────────────────────────────────────┤
│                              │ CVE-2026-25794 │          │              │                            │ 8:7.1.1.43+dfsg1-1+deb13u6 │ ImageMagick: ImageMagick: Denial of service and potential    │
│                              │                │          │              │                            │                            │ arbitrary code execution via integer...                      │
│                              │                │          │              │                            │                            │ https://avd.aquasec.com/nvd/cve-2026-25794                   │
│                              ├────────────────┤          │              │                            │                            ├──────────────────────────────────────────────────────────────┤
│                              │ CVE-2026-25795 │          │              │                            │                            │ ImageMagick: ImageMagick: Denial of Service due to NULL      │
│                              │                │          │              │                            │                            │ pointer dereference during temporary...                      │
│                              │                │          │              │                            │                            │ https://avd.aquasec.com/nvd/cve-2026-25795                   │
│                              ├────────────────┤          │              │                            │                            ├──────────────────────────────────────────────────────────────┤
│                              │ CVE-2026-25796 │          │              │                            │                            │ ImageMagick: ImageMagick: Denial of Service Vulnerability    │
│                              │                │          │              │                            │                            │ https://avd.aquasec.com/nvd/cve-2026-25796                   │
│                              ├────────────────┤          │              │                            │                            ├──────────────────────────────────────────────────────────────┤
│                              │ CVE-2026-25798 │          │              │                            │                            │ ImageMagick: ImageMagick: Denial of Service via crafted      │
│                              │                │          │              │                            │                            │ image file                                                   │
│                              │                │          │              │                            │                            │ https://avd.aquasec.com/nvd/cve-2026-25798                   │
│                              ├────────────────┤          │              │                            │                            ├──────────────────────────────────────────────────────────────┤
│                              │ CVE-2026-25799 │          │              │                            │                            │ ImageMagick: ImageMagick: Denial of Service via YUV sampling │
│                              │                │          │              │                            │                            │ factor validation error                                      │
│                              │                │          │              │                            │                            │ https://avd.aquasec.com/nvd/cve-2026-25799                   │
│                              ├────────────────┤          │              │                            │                            ├──────────────────────────────────────────────────────────────┤
│                              │ CVE-2026-25965 │          │              │                            │                            │ ImageMagick: ImageMagick: Local File Disclosure via Path     │
│                              │                │          │              │                            │                            │ Traversal                                                    │
│                              │                │          │              │                            │                            │ https://avd.aquasec.com/nvd/cve-2026-25965                   │
│                              ├────────────────┤          │              │                            │                            ├──────────────────────────────────────────────────────────────┤
│                              │ CVE-2026-25966 │          │              │                            │                            │ ImageMagick: ImageMagick: Policy bypass allows unauthorized  │
│                              │                │          │              │                            │                            │ access to standard streams via fd:<n>...                     │
│                              │                │          │              │                            │                            │ https://avd.aquasec.com/nvd/cve-2026-25966                   │
│                              ├────────────────┤          │              │                            │                            ├──────────────────────────────────────────────────────────────┤
│                              │ CVE-2026-25967 │          │              │                            │                            │ ImageMagick: ImageMagick: Denial of Service via crafted FTXT │
│                              │                │          │              │                            │                            │ file                                                         │
│                              │                │          │              │                            │                            │ https://avd.aquasec.com/nvd/cve-2026-25967                   │
│                              ├────────────────┤          │              │                            │                            ├──────────────────────────────────────────────────────────────┤
│                              │ CVE-2026-25969 │          │              │                            │                            │ ImageMagick: ImageMagick: Memory leak leading to denial of   │
│                              │                │          │              │                            │                            │ service via image processing...                              │
│                              │                │          │              │                            │                            │ https://avd.aquasec.com/nvd/cve-2026-25969                   │
│                              ├────────────────┤          │              │                            │                            ├──────────────────────────────────────────────────────────────┤
│                              │ CVE-2026-25970 │          │              │                            │                            │ ImageMagick: ImageMagick: Memory corruption and denial of    │
│                              │                │          │              │                            │                            │ service via signed integer overflow...                       │
│                              │                │          │              │                            │                            │ https://avd.aquasec.com/nvd/cve-2026-25970                   │
│                              ├────────────────┤          │              │                            │                            ├──────────────────────────────────────────────────────────────┤
│                              │ CVE-2026-25985 │          │              │                            │                            │ ImageMagick: Memory allocation with excessive without limits │
│                              │                │          │              │                            │                            │ in the internal SVG decoder...                               │
│                              │                │          │              │                            │                            │ https://avd.aquasec.com/nvd/cve-2026-25985                   │
│                              ├────────────────┤          │              │                            │                            ├──────────────────────────────────────────────────────────────┤
│                              │ CVE-2026-25988 │          │              │                            │                            │ ImageMagick: ImageMagick: Denial of Service due to memory    │
│                              │                │          │              │                            │                            │ leak in image processing...                                  │
│                              │                │          │              │                            │                            │ https://avd.aquasec.com/nvd/cve-2026-25988                   │
│                              ├────────────────┤          │              │                            │                            ├──────────────────────────────────────────────────────────────┤
│                              │ CVE-2026-26066 │          │              │                            │                            │ ImageMagick: ImageMagick: Denial of Service via crafted IPTC │
│                              │                │          │              │                            │                            │ data                                                         │
│                              │                │          │              │                            │                            │ https://avd.aquasec.com/nvd/cve-2026-26066                   │
│                              ├────────────────┤          │              │                            │                            ├──────────────────────────────────────────────────────────────┤
│                              │ CVE-2026-26283 │          │              │                            │                            │ ImageMagick: ImageMagick: Denial of Service via crafted      │
│                              │                │          │              │                            │                            │ image leading to an infinite...                              │
│                              │                │          │              │                            │                            │ https://avd.aquasec.com/nvd/cve-2026-26283                   │
│                              ├────────────────┤          │              │                            │                            ├──────────────────────────────────────────────────────────────┤
│                              │ CVE-2026-27798 │          │              │                            │                            │ ImageMagick: ImageMagick: Information disclosure via heap    │
│                              │                │          │              │                            │                            │ buffer over-read when processing images                      │
│                              │                │          │              │                            │                            │ https://avd.aquasec.com/nvd/cve-2026-27798                   │
│                              ├────────────────┤          │              │                            ├────────────────────────────┼──────────────────────────────────────────────────────────────┤
│                              │ CVE-2026-28691 │          │              │                            │ 8:7.1.1.43+dfsg1-1+deb13u7 │ ImageMagick: ImageMagick: Denial of Service via              │
│                              │                │          │              │                            │                            │ uninitialized pointer dereference in JBIG decoder...         │
│                              │                │          │              │                            │                            │ https://avd.aquasec.com/nvd/cve-2026-28691                   │
│                              ├────────────────┤          │              │                            │                            ├──────────────────────────────────────────────────────────────┤
│                              │ CVE-2026-28693 │          │              │                            │                            │ ImageMagick: ImageMagick: Out-of-bounds read or write due to │
│                              │                │          │              │                            │                            │ integer overflow in DIB...                                   │
│                              │                │          │              │                            │                            │ https://avd.aquasec.com/nvd/cve-2026-28693                   │
│                              ├────────────────┤          │              │                            │                            ├──────────────────────────────────────────────────────────────┤
│                              │ CVE-2026-30883 │          │              │                            │                            │ ImageMagick: ImageMagick: Denial of Service due to heap      │
│                              │                │          │              │                            │                            │ overflow when processing large...                            │
│                              │                │          │              │                            │                            │ https://avd.aquasec.com/nvd/cve-2026-30883                   │
│                              ├────────────────┤          │              │                            │                            ├──────────────────────────────────────────────────────────────┤
│                              │ CVE-2026-30929 │          │              │                            │                            │ ImageMagick: stack-based buffer overflow in MagnifyImage     │
│                              │                │          │              │                            │                            │ https://avd.aquasec.com/nvd/cve-2026-30929                   │
│                              ├────────────────┤          │              │                            │                            ├──────────────────────────────────────────────────────────────┤
│                              │ CVE-2026-30931 │          │              │                            │                            │ ImageMagick: ImageMagick: Heap-based buffer overflow leading │
│                              │                │          │              │                            │                            │ to out-of-bounds write                                       │
│                              │                │          │              │                            │                            │ https://avd.aquasec.com/nvd/cve-2026-30931                   │
│                              ├────────────────┤          │              │                            ├────────────────────────────┼──────────────────────────────────────────────────────────────┤
│                              │ CVE-2026-32636 │          │              │                            │ 8:7.1.1.43+dfsg1-1+deb13u8 │ ImageMagick: ImageMagick: Denial of Service via              │
│                              │                │          │              │                            │                            │ out-of-bounds write in NewXMLTree method                     │
│                              │                │          │              │                            │                            │ https://avd.aquasec.com/nvd/cve-2026-32636                   │
│                              ├────────────────┤          │              │                            │                            ├──────────────────────────────────────────────────────────────┤
│                              │ CVE-2026-33900 │          │              │                            │                            │ ImageMagick: Magick.NET: ImageMagick: Denial of Service via  │
│                              │                │          │              │                            │                            │ integer truncation in viff encoder...                        │
│                              │                │          │              │                            │                            │ https://avd.aquasec.com/nvd/cve-2026-33900                   │
│                              ├────────────────┤          │              │                            │                            ├──────────────────────────────────────────────────────────────┤
│                              │ CVE-2026-33901 │          │              │                            │                            │ ImageMagick: Magick.NET: ImageMagick: Denial of Service due  │
│                              │                │          │              │                            │                            │ to heap buffer overflow in...                                │
│                              │                │          │              │                            │                            │ https://avd.aquasec.com/nvd/cve-2026-33901                   │
│                              ├────────────────┤          │              │                            │                            ├──────────────────────────────────────────────────────────────┤
│                              │ CVE-2026-33905 │          │              │                            │                            │ ImageMagick: ImageMagick: Denial of service via              │
│                              │                │          │              │                            │                            │ out-of-bounds read in -sample operation                      │
│                              │                │          │              │                            │                            │ https://avd.aquasec.com/nvd/cve-2026-33905                   │
│                              ├────────────────┤          │              │                            │                            ├──────────────────────────────────────────────────────────────┤
│                              │ CVE-2026-33908 │          │              │                            │                            │ ImageMagick: Magick.NET: ImageMagick: Denial of Service via  │
│                              │                │          │              │                            │                            │ deeply nested XML file processing...                         │
│                              │                │          │              │                            │                            │ https://avd.aquasec.com/nvd/cve-2026-33908                   │
│                              ├────────────────┤          │              │                            ├────────────────────────────┼──────────────────────────────────────────────────────────────┤
│                              │ CVE-2026-45031 │          │              │                            │ 8:7.1.1.43+dfsg1-1+deb13u9 │ ImageMagick: ImageMagick: Denial of Service due to resource  │
│                              │                │          │              │                            │                            │ policy bypass in PSD...                                      │
│                              │                │          │              │                            │                            │ https://avd.aquasec.com/nvd/cve-2026-45031                   │
│                              ├────────────────┤          │              │                            │                            ├──────────────────────────────────────────────────────────────┤
│                              │ CVE-2026-45359 │          │              │                            │                            │ ImageMagick: ImageMagick: Information Disclosure via Invalid │
│                              │                │          │              │                            │                            │ Connected-Components Value                                   │
│                              │                │          │              │                            │                            │ https://avd.aquasec.com/nvd/cve-2026-45359                   │
│                              ├────────────────┤          │              │                            │                            ├──────────────────────────────────────────────────────────────┤
│                              │ CVE-2026-45664 │          │              │                            │                            │ ImageMagick: ImageMagick: Denial of Service due to excessive │
│                              │                │          │              │                            │                            │ resource use in MNG...                                       │
│                              │                │          │              │                            │                            │ https://avd.aquasec.com/nvd/cve-2026-45664                   │
│                              ├────────────────┤          │              │                            │                            ├──────────────────────────────────────────────────────────────┤
│                              │ CVE-2026-46520 │          │              │                            │                            │ ImageMagick: ImageMagick: Denial of Service via              │
│                              │                │          │              │                            │                            │ out-of-bounds write when processing multiple images...       │
│                              │                │          │              │                            │                            │ https://avd.aquasec.com/nvd/cve-2026-46520                   │
│                              ├────────────────┤          │              │                            │                            ├──────────────────────────────────────────────────────────────┤
│                              │ CVE-2026-46522 │          │              │                            │                            │ ImageMagick: ImageMagick: Denial of Service via crafted MIFF │
│                              │                │          │              │                            │                            │ file                                                         │
│                              │                │          │              │                            │                            │ https://avd.aquasec.com/nvd/cve-2026-46522                   │
│                              ├────────────────┤          │              │                            │                            ├──────────────────────────────────────────────────────────────┤
│                              │ CVE-2026-46523 │          │              │                            │                            │ ImageMagick: ImageMagick: Denial of Service via crafted MSL  │
│                              │                │          │              │                            │                            │ image leading to heap-use-after-free...                      │
│                              │                │          │              │                            │                            │ https://avd.aquasec.com/nvd/cve-2026-46523                   │
├──────────────────────────────┼────────────────┼──────────┤              │                            ├────────────────────────────┼──────────────────────────────────────────────────────────────┤
│ imagemagick-7-common         │ CVE-2026-22770 │ CRITICAL │              │                            │ 8:7.1.1.43+dfsg1-1+deb13u5 │ ImageMagick: ImageMagick: Denial of Service due to improper  │
│                              │                │          │              │                            │                            │ pointer initialization                                       │
│                              │                │          │              │                            │                            │ https://avd.aquasec.com/nvd/cve-2026-22770                   │
│                              ├────────────────┤          │              │                            │                            ├──────────────────────────────────────────────────────────────┤
│                              │ CVE-2026-23876 │          │              │                            │                            │ ImageMagick: ImageMagick: Arbitrary code execution via a     │
│                              │                │          │              │                            │                            │ crafted XBM image file                                       │
│                              │                │          │              │                            │                            │ https://avd.aquasec.com/nvd/cve-2026-23876                   │
│                              ├────────────────┤          │              │                            ├────────────────────────────┼──────────────────────────────────────────────────────────────┤
│                              │ CVE-2026-25897 │          │              │                            │ 8:7.1.1.43+dfsg1-1+deb13u6 │ ImageMagick: ImageMagick: Out-of-bounds heap write via       │
│                              │                │          │              │                            │                            │ integer overflow in sun decoder                              │
│                              │                │          │              │                            │                            │ https://avd.aquasec.com/nvd/cve-2026-25897                   │
│                              ├────────────────┤          │              │                            │                            ├──────────────────────────────────────────────────────────────┤
│                              │ CVE-2026-25898 │          │              │                            │                            │ ImageMagick: ImageMagick: Information disclosure or denial   │
│                              │                │          │              │                            │                            │ of service via crafted image with...                         │
│                              │                │          │              │                            │                            │ https://avd.aquasec.com/nvd/cve-2026-25898                   │
│                              ├────────────────┤          │              │                            │                            ├──────────────────────────────────────────────────────────────┤
│                              │ CVE-2026-25968 │          │              │                            │                            │ ImageMagick: ImageMagick: Memory corruption via stack buffer │
│                              │                │          │              │                            │                            │ overflow when processing an attribute...                     │
│                              │                │          │              │                            │                            │ https://avd.aquasec.com/nvd/cve-2026-25968                   │
│                              ├────────────────┤          │              │                            │                            ├──────────────────────────────────────────────────────────────┤
│                              │ CVE-2026-25971 │          │              │                            │                            │ ImageMagick: ImageMagick: Denial of Service via circular     │
│                              │                │          │              │                            │                            │ references in MSL files                                      │
│                              │                │          │              │                            │                            │ https://avd.aquasec.com/nvd/cve-2026-25971                   │
│                              ├────────────────┤          │              │                            │                            ├──────────────────────────────────────────────────────────────┤
│                              │ CVE-2026-25983 │          │              │                            │                            │ ImageMagick: ImageMagick: Denial of service via crafted MSL  │
│                              │                │          │              │                            │                            │ script                                                       │
│                              │                │          │              │                            │                            │ https://avd.aquasec.com/nvd/cve-2026-25983                   │
│                              ├────────────────┤          │              │                            │                            ├──────────────────────────────────────────────────────────────┤
│                              │ CVE-2026-25986 │          │              │                            │                            │ ImageMagick: ImageMagick: Denial of Service via malicious    │
│                              │                │          │              │                            │                            │ YUV image processing                                         │
│                              │                │          │              │                            │                            │ https://avd.aquasec.com/nvd/cve-2026-25986                   │
│                              ├────────────────┤          │              │                            │                            ├──────────────────────────────────────────────────────────────┤
│                              │ CVE-2026-25987 │          │              │                            │                            │ ImageMagick: ImageMagick: Memory disclosure and denial of    │
│                              │                │          │              │                            │                            │ service via crafted MAP files...                             │
│                              │                │          │              │                            │                            │ https://avd.aquasec.com/nvd/cve-2026-25987                   │
│                              ├────────────────┤          │              │                            │                            ├──────────────────────────────────────────────────────────────┤
│                              │ CVE-2026-26284 │          │              │                            │                            │ ImageMagick: ImageMagick: Out-of-bounds read via crafted     │
│                              │                │          │              │                            │                            │ Photo CD (PCD) files                                         │
│                              │                │          │              │                            │                            │ https://avd.aquasec.com/nvd/cve-2026-26284                   │
│                              ├────────────────┼──────────┤              │                            ├────────────────────────────┼──────────────────────────────────────────────────────────────┤
│                              │ CVE-2025-62171 │ HIGH     │              │                            │ 8:7.1.1.43+dfsg1-1+deb13u3 │ ImageMagick: ImageMagick vulnerable to denial of service via │
│                              │                │          │              │                            │                            │ integer overflow in BMP...                                   │
│                              │                │          │              │                            │                            │ https://avd.aquasec.com/nvd/cve-2025-62171                   │
│                              ├────────────────┤          │              │                            ├────────────────────────────┼──────────────────────────────────────────────────────────────┤
│                              │ CVE-2025-66628 │          │              │                            │ 8:7.1.1.43+dfsg1-1+deb13u4 │ ImageMagick: ImageMagick Integer Overflow leading to out of  │
│                              │                │          │              │                            │                            │ bounds read (32-bit only)...                                 │
│                              │                │          │              │                            │                            │ https://avd.aquasec.com/nvd/cve-2025-66628                   │
│                              ├────────────────┤          │              │                            │                            ├──────────────────────────────────────────────────────────────┤
│                              │ CVE-2025-68618 │          │              │                            │                            │ ImageMagick: ImageMagick: Denial of Service via malicious    │
│                              │                │          │              │                            │                            │ SVG file                                                     │
│                              │                │          │              │                            │                            │ https://avd.aquasec.com/nvd/cve-2025-68618                   │
│                              ├────────────────┤          │              │                            │                            ├──────────────────────────────────────────────────────────────┤
│                              │ CVE-2025-69204 │          │              │                            │                            │ ImageMagick: ImageMagick: Denial of Service via integer      │
│                              │                │          │              │                            │                            │ overflow in SVG image processing...                          │
│                              │                │          │              │                            │                            │ https://avd.aquasec.com/nvd/cve-2025-69204                   │
│                              ├────────────────┤          │              │                            ├────────────────────────────┼──────────────────────────────────────────────────────────────┤
│                              │ CVE-2026-23952 │          │              │                            │ 8:7.1.1.43+dfsg1-1+deb13u5 │ ImageMagick: ImageMagick: Denial of Service via processing   │
│                              │                │          │              │                            │                            │ of MSL comment tags                                          │
│                              │                │          │              │                            │                            │ https://avd.aquasec.com/nvd/cve-2026-23952                   │
│                              ├────────────────┤          │              │                            ├────────────────────────────┼──────────────────────────────────────────────────────────────┤
│                              │ CVE-2026-25794 │          │              │                            │ 8:7.1.1.43+dfsg1-1+deb13u6 │ ImageMagick: ImageMagick: Denial of service and potential    │
│                              │                │          │              │                            │                            │ arbitrary code execution via integer...                      │
│                              │                │          │              │                            │                            │ https://avd.aquasec.com/nvd/cve-2026-25794                   │
│                              ├────────────────┤          │              │                            │                            ├──────────────────────────────────────────────────────────────┤
│                              │ CVE-2026-25795 │          │              │                            │                            │ ImageMagick: ImageMagick: Denial of Service due to NULL      │
│                              │                │          │              │                            │                            │ pointer dereference during temporary...                      │
│                              │                │          │              │                            │                            │ https://avd.aquasec.com/nvd/cve-2026-25795                   │
│                              ├────────────────┤          │              │                            │                            ├──────────────────────────────────────────────────────────────┤
│                              │ CVE-2026-25796 │          │              │                            │                            │ ImageMagick: ImageMagick: Denial of Service Vulnerability    │
│                              │                │          │              │                            │                            │ https://avd.aquasec.com/nvd/cve-2026-25796                   │
│                              ├────────────────┤          │              │                            │                            ├──────────────────────────────────────────────────────────────┤
│                              │ CVE-2026-25798 │          │              │                            │                            │ ImageMagick: ImageMagick: Denial of Service via crafted      │
│                              │                │          │              │                            │                            │ image file                                                   │
│                              │                │          │              │                            │                            │ https://avd.aquasec.com/nvd/cve-2026-25798                   │
│                              ├────────────────┤          │              │                            │                            ├──────────────────────────────────────────────────────────────┤
│                              │ CVE-2026-25799 │          │              │                            │                            │ ImageMagick: ImageMagick: Denial of Service via YUV sampling │
│                              │                │          │              │                            │                            │ factor validation error                                      │
│                              │                │          │              │                            │                            │ https://avd.aquasec.com/nvd/cve-2026-25799                   │
│                              ├────────────────┤          │              │                            │                            ├──────────────────────────────────────────────────────────────┤
│                              │ CVE-2026-25965 │          │              │                            │                            │ ImageMagick: ImageMagick: Local File Disclosure via Path     │
│                              │                │          │              │                            │                            │ Traversal                                                    │
│                              │                │          │              │                            │                            │ https://avd.aquasec.com/nvd/cve-2026-25965                   │
│                              ├────────────────┤          │              │                            │                            ├──────────────────────────────────────────────────────────────┤
│                              │ CVE-2026-25966 │          │              │                            │                            │ ImageMagick: ImageMagick: Policy bypass allows unauthorized  │
│                              │                │          │              │                            │                            │ access to standard streams via fd:<n>...                     │
│                              │                │          │              │                            │                            │ https://avd.aquasec.com/nvd/cve-2026-25966                   │
│                              ├────────────────┤          │              │                            │                            ├──────────────────────────────────────────────────────────────┤
│                              │ CVE-2026-25967 │          │              │                            │                            │ ImageMagick: ImageMagick: Denial of Service via crafted FTXT │
│                              │                │          │              │                            │                            │ file                                                         │
│                              │                │          │              │                            │                            │ https://avd.aquasec.com/nvd/cve-2026-25967                   │
│                              ├────────────────┤          │              │                            │                            ├──────────────────────────────────────────────────────────────┤
│                              │ CVE-2026-25969 │          │              │                            │                            │ ImageMagick: ImageMagick: Memory leak leading to denial of   │
│                              │                │          │              │                            │                            │ service via image processing...                              │
│                              │                │          │              │                            │                            │ https://avd.aquasec.com/nvd/cve-2026-25969                   │
│                              ├────────────────┤          │              │                            │                            ├──────────────────────────────────────────────────────────────┤
│                              │ CVE-2026-25970 │          │              │                            │                            │ ImageMagick: ImageMagick: Memory corruption and denial of    │
│                              │                │          │              │                            │                            │ service via signed integer overflow...                       │
│                              │                │          │              │                            │                            │ https://avd.aquasec.com/nvd/cve-2026-25970                   │
│                              ├────────────────┤          │              │                            │                            ├──────────────────────────────────────────────────────────────┤
│                              │ CVE-2026-25985 │          │              │                            │                            │ ImageMagick: Memory allocation with excessive without limits │
│                              │                │          │              │                            │                            │ in the internal SVG decoder...                               │
│                              │                │          │              │                            │                            │ https://avd.aquasec.com/nvd/cve-2026-25985                   │
│                              ├────────────────┤          │              │                            │                            ├──────────────────────────────────────────────────────────────┤
│                              │ CVE-2026-25988 │          │              │                            │                            │ ImageMagick: ImageMagick: Denial of Service due to memory    │
│                              │                │          │              │                            │                            │ leak in image processing...                                  │
│                              │                │          │              │                            │                            │ https://avd.aquasec.com/nvd/cve-2026-25988                   │
│                              ├────────────────┤          │              │                            │                            ├──────────────────────────────────────────────────────────────┤
│                              │ CVE-2026-26066 │          │              │                            │                            │ ImageMagick: ImageMagick: Denial of Service via crafted IPTC │
│                              │                │          │              │                            │                            │ data                                                         │
│                              │                │          │              │                            │                            │ https://avd.aquasec.com/nvd/cve-2026-26066                   │
│                              ├────────────────┤          │              │                            │                            ├──────────────────────────────────────────────────────────────┤
│                              │ CVE-2026-26283 │          │              │                            │                            │ ImageMagick: ImageMagick: Denial of Service via crafted      │
│                              │                │          │              │                            │                            │ image leading to an infinite...                              │
│                              │                │          │              │                            │                            │ https://avd.aquasec.com/nvd/cve-2026-26283                   │
│                              ├────────────────┤          │              │                            │                            ├──────────────────────────────────────────────────────────────┤
│                              │ CVE-2026-27798 │          │              │                            │                            │ ImageMagick: ImageMagick: Information disclosure via heap    │
│                              │                │          │              │                            │                            │ buffer over-read when processing images                      │
│                              │                │          │              │                            │                            │ https://avd.aquasec.com/nvd/cve-2026-27798                   │
│                              ├────────────────┤          │              │                            ├────────────────────────────┼──────────────────────────────────────────────────────────────┤
│                              │ CVE-2026-28691 │          │              │                            │ 8:7.1.1.43+dfsg1-1+deb13u7 │ ImageMagick: ImageMagick: Denial of Service via              │
│                              │                │          │              │                            │                            │ uninitialized pointer dereference in JBIG decoder...         │
│                              │                │          │              │                            │                            │ https://avd.aquasec.com/nvd/cve-2026-28691                   │
│                              ├────────────────┤          │              │                            │                            ├──────────────────────────────────────────────────────────────┤
│                              │ CVE-2026-28693 │          │              │                            │                            │ ImageMagick: ImageMagick: Out-of-bounds read or write due to │
│                              │                │          │              │                            │                            │ integer overflow in DIB...                                   │
│                              │                │          │              │                            │                            │ https://avd.aquasec.com/nvd/cve-2026-28693                   │
│                              ├────────────────┤          │              │                            │                            ├──────────────────────────────────────────────────────────────┤
│                              │ CVE-2026-30883 │          │              │                            │                            │ ImageMagick: ImageMagick: Denial of Service due to heap      │
│                              │                │          │              │                            │                            │ overflow when processing large...                            │
│                              │                │          │              │                            │                            │ https://avd.aquasec.com/nvd/cve-2026-30883                   │
│                              ├────────────────┤          │              │                            │                            ├──────────────────────────────────────────────────────────────┤
│                              │ CVE-2026-30929 │          │              │                            │                            │ ImageMagick: stack-based buffer overflow in MagnifyImage     │
│                              │                │          │              │                            │                            │ https://avd.aquasec.com/nvd/cve-2026-30929                   │
│                              ├────────────────┤          │              │                            │                            ├──────────────────────────────────────────────────────────────┤
│                              │ CVE-2026-30931 │          │              │                            │                            │ ImageMagick: ImageMagick: Heap-based buffer overflow leading │
│                              │                │          │              │                            │                            │ to out-of-bounds write                                       │
│                              │                │          │              │                            │                            │ https://avd.aquasec.com/nvd/cve-2026-30931                   │
│                              ├────────────────┤          │              │                            ├────────────────────────────┼──────────────────────────────────────────────────────────────┤
│                              │ CVE-2026-32636 │          │              │                            │ 8:7.1.1.43+dfsg1-1+deb13u8 │ ImageMagick: ImageMagick: Denial of Service via              │
│                              │                │          │              │                            │                            │ out-of-bounds write in NewXMLTree method                     │
│                              │                │          │              │                            │                            │ https://avd.aquasec.com/nvd/cve-2026-32636                   │
│                              ├────────────────┤          │              │                            │                            ├──────────────────────────────────────────────────────────────┤
│                              │ CVE-2026-33900 │          │              │                            │                            │ ImageMagick: Magick.NET: ImageMagick: Denial of Service via  │
│                              │                │          │              │                            │                            │ integer truncation in viff encoder...                        │
│                              │                │          │              │                            │                            │ https://avd.aquasec.com/nvd/cve-2026-33900                   │
│                              ├────────────────┤          │              │                            │                            ├──────────────────────────────────────────────────────────────┤
│                              │ CVE-2026-33901 │          │              │                            │                            │ ImageMagick: Magick.NET: ImageMagick: Denial of Service due  │
│                              │                │          │              │                            │                            │ to heap buffer overflow in...                                │
│                              │                │          │              │                            │                            │ https://avd.aquasec.com/nvd/cve-2026-33901                   │
│                              ├────────────────┤          │              │                            │                            ├──────────────────────────────────────────────────────────────┤
│                              │ CVE-2026-33905 │          │              │                            │                            │ ImageMagick: ImageMagick: Denial of service via              │
│                              │                │          │              │                            │                            │ out-of-bounds read in -sample operation                      │
│                              │                │          │              │                            │                            │ https://avd.aquasec.com/nvd/cve-2026-33905                   │
│                              ├────────────────┤          │              │                            │                            ├──────────────────────────────────────────────────────────────┤
│                              │ CVE-2026-33908 │          │              │                            │                            │ ImageMagick: Magick.NET: ImageMagick: Denial of Service via  │
│                              │                │          │              │                            │                            │ deeply nested XML file processing...                         │
│                              │                │          │              │                            │                            │ https://avd.aquasec.com/nvd/cve-2026-33908                   │
│                              ├────────────────┤          │              │                            ├────────────────────────────┼──────────────────────────────────────────────────────────────┤
│                              │ CVE-2026-45031 │          │              │                            │ 8:7.1.1.43+dfsg1-1+deb13u9 │ ImageMagick: ImageMagick: Denial of Service due to resource  │
│                              │                │          │              │                            │                            │ policy bypass in PSD...                                      │
│                              │                │          │              │                            │                            │ https://avd.aquasec.com/nvd/cve-2026-45031                   │
│                              ├────────────────┤          │              │                            │                            ├──────────────────────────────────────────────────────────────┤
│                              │ CVE-2026-45359 │          │              │                            │                            │ ImageMagick: ImageMagick: Information Disclosure via Invalid │
│                              │                │          │              │                            │                            │ Connected-Components Value                                   │
│                              │                │          │              │                            │                            │ https://avd.aquasec.com/nvd/cve-2026-45359                   │
│                              ├────────────────┤          │              │                            │                            ├──────────────────────────────────────────────────────────────┤
│                              │ CVE-2026-45664 │          │              │                            │                            │ ImageMagick: ImageMagick: Denial of Service due to excessive │
│                              │                │          │              │                            │                            │ resource use in MNG...                                       │
│                              │                │          │              │                            │                            │ https://avd.aquasec.com/nvd/cve-2026-45664                   │
│                              ├────────────────┤          │              │                            │                            ├──────────────────────────────────────────────────────────────┤
│                              │ CVE-2026-46520 │          │              │                            │                            │ ImageMagick: ImageMagick: Denial of Service via              │
│                              │                │          │              │                            │                            │ out-of-bounds write when processing multiple images...       │
│                              │                │          │              │                            │                            │ https://avd.aquasec.com/nvd/cve-2026-46520                   │
│                              ├────────────────┤          │              │                            │                            ├──────────────────────────────────────────────────────────────┤
│                              │ CVE-2026-46522 │          │              │                            │                            │ ImageMagick: ImageMagick: Denial of Service via crafted MIFF │
│                              │                │          │              │                            │                            │ file                                                         │
│                              │                │          │              │                            │                            │ https://avd.aquasec.com/nvd/cve-2026-46522                   │
│                              ├────────────────┤          │              │                            │                            ├──────────────────────────────────────────────────────────────┤
│                              │ CVE-2026-46523 │          │              │                            │                            │ ImageMagick: ImageMagick: Denial of Service via crafted MSL  │
│                              │                │          │              │                            │                            │ image leading to heap-use-after-free...                      │
│                              │                │          │              │                            │                            │ https://avd.aquasec.com/nvd/cve-2026-46523                   │
├──────────────────────────────┼────────────────┼──────────┤              │                            ├────────────────────────────┼──────────────────────────────────────────────────────────────┤
│ imagemagick-7.q16            │ CVE-2026-22770 │ CRITICAL │              │                            │ 8:7.1.1.43+dfsg1-1+deb13u5 │ ImageMagick: ImageMagick: Denial of Service due to improper  │
│                              │                │          │              │                            │                            │ pointer initialization                                       │
│                              │                │          │              │                            │                            │ https://avd.aquasec.com/nvd/cve-2026-22770                   │
│                              ├────────────────┤          │              │                            │                            ├──────────────────────────────────────────────────────────────┤
│                              │ CVE-2026-23876 │          │              │                            │                            │ ImageMagick: ImageMagick: Arbitrary code execution via a     │
│                              │                │          │              │                            │                            │ crafted XBM image file                                       │
│                              │                │          │              │                            │                            │ https://avd.aquasec.com/nvd/cve-2026-23876                   │
│                              ├────────────────┤          │              │                            ├────────────────────────────┼──────────────────────────────────────────────────────────────┤
│                              │ CVE-2026-25897 │          │              │                            │ 8:7.1.1.43+dfsg1-1+deb13u6 │ ImageMagick: ImageMagick: Out-of-bounds heap write via       │
│                              │                │          │              │                            │                            │ integer overflow in sun decoder                              │
│                              │                │          │              │                            │                            │ https://avd.aquasec.com/nvd/cve-2026-25897                   │
│                              ├────────────────┤          │              │                            │                            ├──────────────────────────────────────────────────────────────┤
│                              │ CVE-2026-25898 │          │              │                            │                            │ ImageMagick: ImageMagick: Information disclosure or denial   │
│                              │                │          │              │                            │                            │ of service via crafted image with...                         │
│                              │                │          │              │                            │                            │ https://avd.aquasec.com/nvd/cve-2026-25898                   │
│                              ├────────────────┤          │              │                            │                            ├──────────────────────────────────────────────────────────────┤
│                              │ CVE-2026-25968 │          │              │                            │                            │ ImageMagick: ImageMagick: Memory corruption via stack buffer │
│                              │                │          │              │                            │                            │ overflow when processing an attribute...                     │
│                              │                │          │              │                            │                            │ https://avd.aquasec.com/nvd/cve-2026-25968                   │
│                              ├────────────────┤          │              │                            │                            ├──────────────────────────────────────────────────────────────┤
│                              │ CVE-2026-25971 │          │              │                            │                            │ ImageMagick: ImageMagick: Denial of Service via circular     │
│                              │                │          │              │                            │                            │ references in MSL files                                      │
│                              │                │          │              │                            │                            │ https://avd.aquasec.com/nvd/cve-2026-25971                   │
│                              ├────────────────┤          │              │                            │                            ├──────────────────────────────────────────────────────────────┤
│                              │ CVE-2026-25983 │          │              │                            │                            │ ImageMagick: ImageMagick: Denial of service via crafted MSL  │
│                              │                │          │              │                            │                            │ script                                                       │
│                              │                │          │              │                            │                            │ https://avd.aquasec.com/nvd/cve-2026-25983                   │
│                              ├────────────────┤          │              │                            │                            ├──────────────────────────────────────────────────────────────┤
│                              │ CVE-2026-25986 │          │              │                            │                            │ ImageMagick: ImageMagick: Denial of Service via malicious    │
│                              │                │          │              │                            │                            │ YUV image processing                                         │
│                              │                │          │              │                            │                            │ https://avd.aquasec.com/nvd/cve-2026-25986                   │
│                              ├────────────────┤          │              │                            │                            ├──────────────────────────────────────────────────────────────┤
│                              │ CVE-2026-25987 │          │              │                            │                            │ ImageMagick: ImageMagick: Memory disclosure and denial of    │
│                              │                │          │              │                            │                            │ service via crafted MAP files...                             │
│                              │                │          │              │                            │                            │ https://avd.aquasec.com/nvd/cve-2026-25987                   │
│                              ├────────────────┤          │              │                            │                            ├──────────────────────────────────────────────────────────────┤
│                              │ CVE-2026-26284 │          │              │                            │                            │ ImageMagick: ImageMagick: Out-of-bounds read via crafted     │
│                              │                │          │              │                            │                            │ Photo CD (PCD) files                                         │
│                              │                │          │              │                            │                            │ https://avd.aquasec.com/nvd/cve-2026-26284                   │
│                              ├────────────────┼──────────┤              │                            ├────────────────────────────┼──────────────────────────────────────────────────────────────┤
│                              │ CVE-2025-62171 │ HIGH     │              │                            │ 8:7.1.1.43+dfsg1-1+deb13u3 │ ImageMagick: ImageMagick vulnerable to denial of service via │
│                              │                │          │              │                            │                            │ integer overflow in BMP...                                   │
│                              │                │          │              │                            │                            │ https://avd.aquasec.com/nvd/cve-2025-62171                   │
│                              ├────────────────┤          │              │                            ├────────────────────────────┼──────────────────────────────────────────────────────────────┤
│                              │ CVE-2025-66628 │          │              │                            │ 8:7.1.1.43+dfsg1-1+deb13u4 │ ImageMagick: ImageMagick Integer Overflow leading to out of  │
│                              │                │          │              │                            │                            │ bounds read (32-bit only)...                                 │
│                              │                │          │              │                            │                            │ https://avd.aquasec.com/nvd/cve-2025-66628                   │
│                              ├────────────────┤          │              │                            │                            ├──────────────────────────────────────────────────────────────┤
│                              │ CVE-2025-68618 │          │              │                            │                            │ ImageMagick: ImageMagick: Denial of Service via malicious    │
│                              │                │          │              │                            │                            │ SVG file                                                     │
│                              │                │          │              │                            │                            │ https://avd.aquasec.com/nvd/cve-2025-68618                   │
│                              ├────────────────┤          │              │                            │                            ├──────────────────────────────────────────────────────────────┤
│                              │ CVE-2025-69204 │          │              │                            │                            │ ImageMagick: ImageMagick: Denial of Service via integer      │
│                              │                │          │              │                            │                            │ overflow in SVG image processing...                          │
│                              │                │          │              │                            │                            │ https://avd.aquasec.com/nvd/cve-2025-69204                   │
│                              ├────────────────┤          │              │                            ├────────────────────────────┼──────────────────────────────────────────────────────────────┤
│                              │ CVE-2026-23952 │          │              │                            │ 8:7.1.1.43+dfsg1-1+deb13u5 │ ImageMagick: ImageMagick: Denial of Service via processing   │
│                              │                │          │              │                            │                            │ of MSL comment tags                                          │
│                              │                │          │              │                            │                            │ https://avd.aquasec.com/nvd/cve-2026-23952                   │
│                              ├────────────────┤          │              │                            ├────────────────────────────┼──────────────────────────────────────────────────────────────┤
│                              │ CVE-2026-25794 │          │              │                            │ 8:7.1.1.43+dfsg1-1+deb13u6 │ ImageMagick: ImageMagick: Denial of service and potential    │
│                              │                │          │              │                            │                            │ arbitrary code execution via integer...                      │
│                              │                │          │              │                            │                            │ https://avd.aquasec.com/nvd/cve-2026-25794                   │
│                              ├────────────────┤          │              │                            │                            ├──────────────────────────────────────────────────────────────┤
│                              │ CVE-2026-25795 │          │              │                            │                            │ ImageMagick: ImageMagick: Denial of Service due to NULL      │
│                              │                │          │              │                            │                            │ pointer dereference during temporary...                      │
│                              │                │          │              │                            │                            │ https://avd.aquasec.com/nvd/cve-2026-25795                   │
│                              ├────────────────┤          │              │                            │                            ├──────────────────────────────────────────────────────────────┤
│                              │ CVE-2026-25796 │          │              │                            │                            │ ImageMagick: ImageMagick: Denial of Service Vulnerability    │
│                              │                │          │              │                            │                            │ https://avd.aquasec.com/nvd/cve-2026-25796                   │
│                              ├────────────────┤          │              │                            │                            ├──────────────────────────────────────────────────────────────┤
│                              │ CVE-2026-25798 │          │              │                            │                            │ ImageMagick: ImageMagick: Denial of Service via crafted      │
│                              │                │          │              │                            │                            │ image file                                                   │
│                              │                │          │              │                            │                            │ https://avd.aquasec.com/nvd/cve-2026-25798                   │
│                              ├────────────────┤          │              │                            │                            ├──────────────────────────────────────────────────────────────┤
│                              │ CVE-2026-25799 │          │              │                            │                            │ ImageMagick: ImageMagick: Denial of Service via YUV sampling │
│                              │                │          │              │                            │                            │ factor validation error                                      │
│                              │                │          │              │                            │                            │ https://avd.aquasec.com/nvd/cve-2026-25799                   │
│                              ├────────────────┤          │              │                            │                            ├──────────────────────────────────────────────────────────────┤
│                              │ CVE-2026-25965 │          │              │                            │                            │ ImageMagick: ImageMagick: Local File Disclosure via Path     │
│                              │                │          │              │                            │                            │ Traversal                                                    │
│                              │                │          │              │                            │                            │ https://avd.aquasec.com/nvd/cve-2026-25965                   │
│                              ├────────────────┤          │              │                            │                            ├──────────────────────────────────────────────────────────────┤
│                              │ CVE-2026-25966 │          │              │                            │                            │ ImageMagick: ImageMagick: Policy bypass allows unauthorized  │
│                              │                │          │              │                            │                            │ access to standard streams via fd:<n>...                     │
│                              │                │          │              │                            │                            │ https://avd.aquasec.com/nvd/cve-2026-25966                   │
│                              ├────────────────┤          │              │                            │                            ├──────────────────────────────────────────────────────────────┤
│                              │ CVE-2026-25967 │          │              │                            │                            │ ImageMagick: ImageMagick: Denial of Service via crafted FTXT │
│                              │                │          │              │                            │                            │ file                                                         │
│                              │                │          │              │                            │                            │ https://avd.aquasec.com/nvd/cve-2026-25967                   │
│                              ├────────────────┤          │              │                            │                            ├──────────────────────────────────────────────────────────────┤
│                              │ CVE-2026-25969 │          │              │                            │                            │ ImageMagick: ImageMagick: Memory leak leading to denial of   │
│                              │                │          │              │                            │                            │ service via image processing...                              │
│                              │                │          │              │                            │                            │ https://avd.aquasec.com/nvd/cve-2026-25969                   │
│                              ├────────────────┤          │              │                            │                            ├──────────────────────────────────────────────────────────────┤
│                              │ CVE-2026-25970 │          │              │                            │                            │ ImageMagick: ImageMagick: Memory corruption and denial of    │
│                              │                │          │              │                            │                            │ service via signed integer overflow...                       │
│                              │                │          │              │                            │                            │ https://avd.aquasec.com/nvd/cve-2026-25970                   │
│                              ├────────────────┤          │              │                            │                            ├──────────────────────────────────────────────────────────────┤
│                              │ CVE-2026-25985 │          │              │                            │                            │ ImageMagick: Memory allocation with excessive without limits │
│                              │                │          │              │                            │                            │ in the internal SVG decoder...                               │
│                              │                │          │              │                            │                            │ https://avd.aquasec.com/nvd/cve-2026-25985                   │
│                              ├────────────────┤          │              │                            │                            ├──────────────────────────────────────────────────────────────┤
│                              │ CVE-2026-25988 │          │              │                            │                            │ ImageMagick: ImageMagick: Denial of Service due to memory    │
│                              │                │          │              │                            │                            │ leak in image processing...                                  │
│                              │                │          │              │                            │                            │ https://avd.aquasec.com/nvd/cve-2026-25988                   │
│                              ├────────────────┤          │              │                            │                            ├──────────────────────────────────────────────────────────────┤
│                              │ CVE-2026-26066 │          │              │                            │                            │ ImageMagick: ImageMagick: Denial of Service via crafted IPTC │
│                              │                │          │              │                            │                            │ data                                                         │
│                              │                │          │              │                            │                            │ https://avd.aquasec.com/nvd/cve-2026-26066                   │
│                              ├────────────────┤          │              │                            │                            ├──────────────────────────────────────────────────────────────┤
│                              │ CVE-2026-26283 │          │              │                            │                            │ ImageMagick: ImageMagick: Denial of Service via crafted      │
│                              │                │          │              │                            │                            │ image leading to an infinite...                              │
│                              │                │          │              │                            │                            │ https://avd.aquasec.com/nvd/cve-2026-26283                   │
│                              ├────────────────┤          │              │                            │                            ├──────────────────────────────────────────────────────────────┤
│                              │ CVE-2026-27798 │          │              │                            │                            │ ImageMagick: ImageMagick: Information disclosure via heap    │
│                              │                │          │              │                            │                            │ buffer over-read when processing images                      │
│                              │                │          │              │                            │                            │ https://avd.aquasec.com/nvd/cve-2026-27798                   │
│                              ├────────────────┤          │              │                            ├────────────────────────────┼──────────────────────────────────────────────────────────────┤
│                              │ CVE-2026-28691 │          │              │                            │ 8:7.1.1.43+dfsg1-1+deb13u7 │ ImageMagick: ImageMagick: Denial of Service via              │
│                              │                │          │              │                            │                            │ uninitialized pointer dereference in JBIG decoder...         │
│                              │                │          │              │                            │                            │ https://avd.aquasec.com/nvd/cve-2026-28691                   │
│                              ├────────────────┤          │              │                            │                            ├──────────────────────────────────────────────────────────────┤
│                              │ CVE-2026-28693 │          │              │                            │                            │ ImageMagick: ImageMagick: Out-of-bounds read or write due to │
│                              │                │          │              │                            │                            │ integer overflow in DIB...                                   │
│                              │                │          │              │                            │                            │ https://avd.aquasec.com/nvd/cve-2026-28693                   │
│                              ├────────────────┤          │              │                            │                            ├──────────────────────────────────────────────────────────────┤
│                              │ CVE-2026-30883 │          │              │                            │                            │ ImageMagick: ImageMagick: Denial of Service due to heap      │
│                              │                │          │              │                            │                            │ overflow when processing large...                            │
│                              │                │          │              │                            │                            │ https://avd.aquasec.com/nvd/cve-2026-30883                   │
│                              ├────────────────┤          │              │                            │                            ├──────────────────────────────────────────────────────────────┤
│                              │ CVE-2026-30929 │          │              │                            │                            │ ImageMagick: stack-based buffer overflow in MagnifyImage     │
│                              │                │          │              │                            │                            │ https://avd.aquasec.com/nvd/cve-2026-30929                   │
│                              ├────────────────┤          │              │                            │                            ├──────────────────────────────────────────────────────────────┤
│                              │ CVE-2026-30931 │          │              │                            │                            │ ImageMagick: ImageMagick: Heap-based buffer overflow leading │
│                              │                │          │              │                            │                            │ to out-of-bounds write                                       │
│                              │                │          │              │                            │                            │ https://avd.aquasec.com/nvd/cve-2026-30931                   │
│                              ├────────────────┤          │              │                            ├────────────────────────────┼──────────────────────────────────────────────────────────────┤
│                              │ CVE-2026-32636 │          │              │                            │ 8:7.1.1.43+dfsg1-1+deb13u8 │ ImageMagick: ImageMagick: Denial of Service via              │
│                              │                │          │              │                            │                            │ out-of-bounds write in NewXMLTree method                     │
│                              │                │          │              │                            │                            │ https://avd.aquasec.com/nvd/cve-2026-32636                   │
│                              ├────────────────┤          │              │                            │                            ├──────────────────────────────────────────────────────────────┤
│                              │ CVE-2026-33900 │          │              │                            │                            │ ImageMagick: Magick.NET: ImageMagick: Denial of Service via  │
│                              │                │          │              │                            │                            │ integer truncation in viff encoder...                        │
│                              │                │          │              │                            │                            │ https://avd.aquasec.com/nvd/cve-2026-33900                   │
│                              ├────────────────┤          │              │                            │                            ├──────────────────────────────────────────────────────────────┤
│                              │ CVE-2026-33901 │          │              │                            │                            │ ImageMagick: Magick.NET: ImageMagick: Denial of Service due  │
│                              │                │          │              │                            │                            │ to heap buffer overflow in...                                │
│                              │                │          │              │                            │                            │ https://avd.aquasec.com/nvd/cve-2026-33901                   │
│                              ├────────────────┤          │              │                            │                            ├──────────────────────────────────────────────────────────────┤
│                              │ CVE-2026-33905 │          │              │                            │                            │ ImageMagick: ImageMagick: Denial of service via              │
│                              │                │          │              │                            │                            │ out-of-bounds read in -sample operation                      │
│                              │                │          │              │                            │                            │ https://avd.aquasec.com/nvd/cve-2026-33905                   │
│                              ├────────────────┤          │              │                            │                            ├──────────────────────────────────────────────────────────────┤
│                              │ CVE-2026-33908 │          │              │                            │                            │ ImageMagick: Magick.NET: ImageMagick: Denial of Service via  │
│                              │                │          │              │                            │                            │ deeply nested XML file processing...                         │
│                              │                │          │              │                            │                            │ https://avd.aquasec.com/nvd/cve-2026-33908                   │
│                              ├────────────────┤          │              │                            ├────────────────────────────┼──────────────────────────────────────────────────────────────┤
│                              │ CVE-2026-45031 │          │              │                            │ 8:7.1.1.43+dfsg1-1+deb13u9 │ ImageMagick: ImageMagick: Denial of Service due to resource  │
│                              │                │          │              │                            │                            │ policy bypass in PSD...                                      │
│                              │                │          │              │                            │                            │ https://avd.aquasec.com/nvd/cve-2026-45031                   │
│                              ├────────────────┤          │              │                            │                            ├──────────────────────────────────────────────────────────────┤
│                              │ CVE-2026-45359 │          │              │                            │                            │ ImageMagick: ImageMagick: Information Disclosure via Invalid │
│                              │                │          │              │                            │                            │ Connected-Components Value                                   │
│                              │                │          │              │                            │                            │ https://avd.aquasec.com/nvd/cve-2026-45359                   │
│                              ├────────────────┤          │              │                            │                            ├──────────────────────────────────────────────────────────────┤
│                              │ CVE-2026-45664 │          │              │                            │                            │ ImageMagick: ImageMagick: Denial of Service due to excessive │
│                              │                │          │              │                            │                            │ resource use in MNG...                                       │
│                              │                │          │              │                            │                            │ https://avd.aquasec.com/nvd/cve-2026-45664                   │
│                              ├────────────────┤          │              │                            │                            ├──────────────────────────────────────────────────────────────┤
│                              │ CVE-2026-46520 │          │              │                            │                            │ ImageMagick: ImageMagick: Denial of Service via              │
│                              │                │          │              │                            │                            │ out-of-bounds write when processing multiple images...       │
│                              │                │          │              │                            │                            │ https://avd.aquasec.com/nvd/cve-2026-46520                   │
│                              ├────────────────┤          │              │                            │                            ├──────────────────────────────────────────────────────────────┤
│                              │ CVE-2026-46522 │          │              │                            │                            │ ImageMagick: ImageMagick: Denial of Service via crafted MIFF │
│                              │                │          │              │                            │                            │ file                                                         │
│                              │                │          │              │                            │                            │ https://avd.aquasec.com/nvd/cve-2026-46522                   │
│                              ├────────────────┤          │              │                            │                            ├──────────────────────────────────────────────────────────────┤
│                              │ CVE-2026-46523 │          │              │                            │                            │ ImageMagick: ImageMagick: Denial of Service via crafted MSL  │
│                              │                │          │              │                            │                            │ image leading to heap-use-after-free...                      │
│                              │                │          │              │                            │                            │ https://avd.aquasec.com/nvd/cve-2026-46523                   │
├──────────────────────────────┼────────────────┤          ├──────────────┼────────────────────────────┼────────────────────────────┼──────────────────────────────────────────────────────────────┤
│ libbluetooth-dev             │ CVE-2023-44431 │          │ fix_deferred │ 5.82-1.1                   │                            │ bluez: AVRCP stack-based buffer overflow remote code         │
│                              │                │          │              │                            │                            │ execution vulnerability                                      │
│                              │                │          │              │                            │                            │ https://avd.aquasec.com/nvd/cve-2023-44431                   │
├──────────────────────────────┤                │          │              │                            ├────────────────────────────┤                                                              │
│ libbluetooth3                │                │          │              │                            │                            │                                                              │
│                              │                │          │              │                            │                            │                                                              │
│                              │                │          │              │                            │                            │                                                              │
├──────────────────────────────┼────────────────┤          ├──────────────┼────────────────────────────┼────────────────────────────┼──────────────────────────────────────────────────────────────┤
│ libcap2                      │ CVE-2026-4878  │          │ fixed        │ 1:2.75-10+b1               │ 1:2.75-10+deb13u1          │ libcap: libcap: Privilege escalation via TOCTOU race         │
│                              │                │          │              │                            │                            │ condition in cap_set_file()                                  │
│                              │                │          │              │                            │                            │ https://avd.aquasec.com/nvd/cve-2026-4878                    │
├──────────────────────────────┼────────────────┤          ├──────────────┼────────────────────────────┼────────────────────────────┼──────────────────────────────────────────────────────────────┤
│ libcurl3t64-gnutls           │ CVE-2026-5773  │          │ affected     │ 8.14.1-2                   │                            │ curl: libcurl: Wrong file transfer due to incorrect SMB      │
│                              │                │          │              │                            │                            │ connection reuse                                             │
│                              │                │          │              │                            │                            │ https://avd.aquasec.com/nvd/cve-2026-5773                    │
│                              ├────────────────┤          │              │                            ├────────────────────────────┼──────────────────────────────────────────────────────────────┤
│                              │ CVE-2026-6276  │          │              │                            │                            │ curl: libcurl: Information disclosure due to cookie leak     │
│                              │                │          │              │                            │                            │ when reusing connections with...                             │
│                              │                │          │              │                            │                            │ https://avd.aquasec.com/nvd/cve-2026-6276                    │
├──────────────────────────────┼────────────────┤          │              │                            ├────────────────────────────┼──────────────────────────────────────────────────────────────┤
│ libcurl4-openssl-dev         │ CVE-2026-5773  │          │              │                            │                            │ curl: libcurl: Wrong file transfer due to incorrect SMB      │
│                              │                │          │              │                            │                            │ connection reuse                                             │
│                              │                │          │              │                            │                            │ https://avd.aquasec.com/nvd/cve-2026-5773                    │
│                              ├────────────────┤          │              │                            ├────────────────────────────┼──────────────────────────────────────────────────────────────┤
│                              │ CVE-2026-6276  │          │              │                            │                            │ curl: libcurl: Information disclosure due to cookie leak     │
│                              │                │          │              │                            │                            │ when reusing connections with...                             │
│                              │                │          │              │                            │                            │ https://avd.aquasec.com/nvd/cve-2026-6276                    │
├──────────────────────────────┼────────────────┤          │              │                            ├────────────────────────────┼──────────────────────────────────────────────────────────────┤
│ libcurl4t64                  │ CVE-2026-5773  │          │              │                            │                            │ curl: libcurl: Wrong file transfer due to incorrect SMB      │
│                              │                │          │              │                            │                            │ connection reuse                                             │
│                              │                │          │              │                            │                            │ https://avd.aquasec.com/nvd/cve-2026-5773                    │
│                              ├────────────────┤          │              │                            ├────────────────────────────┼──────────────────────────────────────────────────────────────┤
│                              │ CVE-2026-6276  │          │              │                            │                            │ curl: libcurl: Information disclosure due to cookie leak     │
│                              │                │          │              │                            │                            │ when reusing connections with...                             │
│                              │                │          │              │                            │                            │ https://avd.aquasec.com/nvd/cve-2026-6276                    │
├──────────────────────────────┼────────────────┤          │              ├────────────────────────────┼────────────────────────────┼──────────────────────────────────────────────────────────────┤
│ libde265-0                   │ CVE-2026-33164 │          │              │ 1.0.15-1+b3                │                            │ libde265 is an open source implementation of the h.265 video │
│                              │                │          │              │                            │                            │ codec. Pr...                                                 │
│                              │                │          │              │                            │                            │ https://avd.aquasec.com/nvd/cve-2026-33164                   │
├──────────────────────────────┼────────────────┤          ├──────────────┼────────────────────────────┼────────────────────────────┼──────────────────────────────────────────────────────────────┤
│ libexif-dev                  │ CVE-2026-32775 │          │ fixed        │ 0.6.25-1                   │ 0.6.25-1+deb13u1           │ libexif: libexif: Buffer overwrite via integer underflow in  │
│                              │                │          │              │                            │                            │ MakerNotes decoding                                          │
│                              │                │          │              │                            │                            │ https://avd.aquasec.com/nvd/cve-2026-32775                   │
│                              ├────────────────┤          │              │                            │                            ├──────────────────────────────────────────────────────────────┤
│                              │ CVE-2026-40385 │          │              │                            │                            │ libexif: libexif: Information disclosure and crashes via     │
│                              │                │          │              │                            │                            │ integer overflow in Nikon MakerNote...                       │
│                              │                │          │              │                            │                            │ https://avd.aquasec.com/nvd/cve-2026-40385                   │
│                              ├────────────────┤          │              │                            │                            ├──────────────────────────────────────────────────────────────┤
│                              │ CVE-2026-40386 │          │              │                            │                            │ libexif: libexif: Denial of Service and information          │
│                              │                │          │              │                            │                            │ disclosure via integer underflow in...                       │
│                              │                │          │              │                            │                            │ https://avd.aquasec.com/nvd/cve-2026-40386                   │
├──────────────────────────────┼────────────────┤          │              │                            │                            ├──────────────────────────────────────────────────────────────┤
│ libexif12                    │ CVE-2026-32775 │          │              │                            │                            │ libexif: libexif: Buffer overwrite via integer underflow in  │
│                              │                │          │              │                            │                            │ MakerNotes decoding                                          │
│                              │                │          │              │                            │                            │ https://avd.aquasec.com/nvd/cve-2026-32775                   │
│                              ├────────────────┤          │              │                            │                            ├──────────────────────────────────────────────────────────────┤
│                              │ CVE-2026-40385 │          │              │                            │                            │ libexif: libexif: Information disclosure and crashes via     │
│                              │                │          │              │                            │                            │ integer overflow in Nikon MakerNote...                       │
│                              │                │          │              │                            │                            │ https://avd.aquasec.com/nvd/cve-2026-40385                   │
│                              ├────────────────┤          │              │                            │                            ├──────────────────────────────────────────────────────────────┤
│                              │ CVE-2026-40386 │          │              │                            │                            │ libexif: libexif: Denial of Service and information          │
│                              │                │          │              │                            │                            │ disclosure via integer underflow in...                       │
│                              │                │          │              │                            │                            │ https://avd.aquasec.com/nvd/cve-2026-40386                   │
├──────────────────────────────┼────────────────┤          ├──────────────┼────────────────────────────┼────────────────────────────┼──────────────────────────────────────────────────────────────┤
│ libexpat1                    │ CVE-2025-59375 │          │ affected     │ 2.7.1-2                    │                            │ firefox: thunderbird: expat: libexpat in Expat allows        │
│                              │                │          │              │                            │                            │ attackers to trigger large dynamic...                        │
│                              │                │          │              │                            │                            │ https://avd.aquasec.com/nvd/cve-2025-59375                   │
│                              ├────────────────┤          │              │                            ├────────────────────────────┼──────────────────────────────────────────────────────────────┤
│                              │ CVE-2026-25210 │          │              │                            │                            │ libexpat: libexpat: Information disclosure and data          │
│                              │                │          │              │                            │                            │ integrity issues due to integer overflow...                  │
│                              │                │          │              │                            │                            │ https://avd.aquasec.com/nvd/cve-2026-25210                   │
│                              ├────────────────┤          │              │                            ├────────────────────────────┼──────────────────────────────────────────────────────────────┤
│                              │ CVE-2026-45186 │          │              │                            │                            │ libexpat: denial of service via crafted XML input            │
│                              │                │          │              │                            │                            │ https://avd.aquasec.com/nvd/cve-2026-45186                   │
├──────────────────────────────┼────────────────┤          │              │                            ├────────────────────────────┼──────────────────────────────────────────────────────────────┤
│ libexpat1-dev                │ CVE-2025-59375 │          │              │                            │                            │ firefox: thunderbird: expat: libexpat in Expat allows        │
│                              │                │          │              │                            │                            │ attackers to trigger large dynamic...                        │
│                              │                │          │              │                            │                            │ https://avd.aquasec.com/nvd/cve-2025-59375                   │
│                              ├────────────────┤          │              │                            ├────────────────────────────┼──────────────────────────────────────────────────────────────┤
│                              │ CVE-2026-25210 │          │              │                            │                            │ libexpat: libexpat: Information disclosure and data          │
│                              │                │          │              │                            │                            │ integrity issues due to integer overflow...                  │
│                              │                │          │              │                            │                            │ https://avd.aquasec.com/nvd/cve-2026-25210                   │
│                              ├────────────────┤          │              │                            ├────────────────────────────┼──────────────────────────────────────────────────────────────┤
│                              │ CVE-2026-45186 │          │              │                            │                            │ libexpat: denial of service via crafted XML input            │
│                              │                │          │              │                            │                            │ https://avd.aquasec.com/nvd/cve-2026-45186                   │
├──────────────────────────────┼────────────────┤          ├──────────────┼────────────────────────────┼────────────────────────────┼──────────────────────────────────────────────────────────────┤
│ libgdk-pixbuf-2.0-0          │ CVE-2026-5201  │          │ fixed        │ 2.42.12+dfsg-4             │ 2.42.12+dfsg-4+deb13u1     │ gdk-pixbuf: gdk-pixbuf: Denial of Service via heap-based     │
│                              │                │          │              │                            │                            │ buffer overflow when processing a...                         │
│                              │                │          │              │                            │                            │ https://avd.aquasec.com/nvd/cve-2026-5201                    │
├──────────────────────────────┤                │          │              │                            │                            │                                                              │
│ libgdk-pixbuf-2.0-dev        │                │          │              │                            │                            │                                                              │
│                              │                │          │              │                            │                            │                                                              │
│                              │                │          │              │                            │                            │                                                              │
├──────────────────────────────┤                │          │              │                            │                            │                                                              │
│ libgdk-pixbuf2.0-bin         │                │          │              │                            │                            │                                                              │
│                              │                │          │              │                            │                            │                                                              │
│                              │                │          │              │                            │                            │                                                              │
├──────────────────────────────┤                │          │              │                            │                            │                                                              │
│ libgdk-pixbuf2.0-common      │                │          │              │                            │                            │                                                              │
│                              │                │          │              │                            │                            │                                                              │
│                              │                │          │              │                            │                            │                                                              │
├──────────────────────────────┼────────────────┼──────────┤              ├────────────────────────────┼────────────────────────────┼──────────────────────────────────────────────────────────────┤
│ libgio-2.0-dev               │ CVE-2025-14087 │ CRITICAL │              │ 2.84.4-3~deb13u1           │ 2.84.4-3~deb13u2           │ glib: GLib: Buffer underflow in GVariant parser leads to     │
│                              │                │          │              │                            │                            │ heap corruption                                              │
│                              │                │          │              │                            │                            │ https://avd.aquasec.com/nvd/cve-2025-14087                   │
├──────────────────────────────┤                │          │              │                            │                            │                                                              │
│ libgio-2.0-dev-bin           │                │          │              │                            │                            │                                                              │
│                              │                │          │              │                            │                            │                                                              │
│                              │                │          │              │                            │                            │                                                              │
├──────────────────────────────┤                │          │              │                            │                            │                                                              │
│ libgirepository-2.0-0        │                │          │              │                            │                            │                                                              │
│                              │                │          │              │                            │                            │                                                              │
│                              │                │          │              │                            │                            │                                                              │
├──────────────────────────────┤                │          │              │                            │                            │                                                              │
│ libglib2.0-0t64              │                │          │              │                            │                            │                                                              │
│                              │                │          │              │                            │                            │                                                              │
│                              │                │          │              │                            │                            │                                                              │
├──────────────────────────────┤                │          │              │                            │                            │                                                              │
│ libglib2.0-bin               │                │          │              │                            │                            │                                                              │
│                              │                │          │              │                            │                            │                                                              │
│                              │                │          │              │                            │                            │                                                              │
├──────────────────────────────┤                │          │              │                            │                            │                                                              │
│ libglib2.0-data              │                │          │              │                            │                            │                                                              │
│                              │                │          │              │                            │                            │                                                              │
│                              │                │          │              │                            │                            │                                                              │
├──────────────────────────────┤                │          │              │                            │                            │                                                              │
│ libglib2.0-dev               │                │          │              │                            │                            │                                                              │
│                              │                │          │              │                            │                            │                                                              │
│                              │                │          │              │                            │                            │                                                              │
├──────────────────────────────┤                │          │              │                            │                            │                                                              │
│ libglib2.0-dev-bin           │                │          │              │                            │                            │                                                              │
│                              │                │          │              │                            │                            │                                                              │
│                              │                │          │              │                            │                            │                                                              │
├──────────────────────────────┼────────────────┤          │              ├────────────────────────────┼────────────────────────────┼──────────────────────────────────────────────────────────────┤
│ libgnutls-dane0t64           │ CVE-2026-33845 │          │              │ 3.8.9-3                    │ 3.8.9-3+deb13u4            │ gnutls: GnuTLS: Denial of Service via DTLS zero-length       │
│                              │                │          │              │                            │                            │ fragment                                                     │
│                              │                │          │              │                            │                            │ https://avd.aquasec.com/nvd/cve-2026-33845                   │
│                              ├────────────────┤          │              │                            │                            ├──────────────────────────────────────────────────────────────┤
│                              │ CVE-2026-42010 │          │              │                            │                            │ gnutls: gnutls: Authentication Bypass via NUL Character in   │
│                              │                │          │              │                            │                            │ Username                                                     │
│                              │                │          │              │                            │                            │ https://avd.aquasec.com/nvd/cve-2026-42010                   │
│                              ├────────────────┼──────────┤              │                            │                            ├──────────────────────────────────────────────────────────────┤
│                              │ CVE-2026-33846 │ HIGH     │              │                            │                            │ gnutls: GnuTLS: Denial of Service via heap buffer overflow   │
│                              │                │          │              │                            │                            │ in DTLS handshake...                                         │
│                              │                │          │              │                            │                            │ https://avd.aquasec.com/nvd/cve-2026-33846                   │
│                              ├────────────────┤          │              │                            │                            ├──────────────────────────────────────────────────────────────┤
│                              │ CVE-2026-3833  │          │              │                            │                            │ gnutls: GnuTLS: Policy bypass due to case-sensitive          │
│                              │                │          │              │                            │                            │ nameConstraints comparison                                   │
│                              │                │          │              │                            │                            │ https://avd.aquasec.com/nvd/cve-2026-3833                    │
│                              ├────────────────┤          │              │                            │                            ├──────────────────────────────────────────────────────────────┤
│                              │ CVE-2026-42009 │          │              │                            │                            │ gnutls: gnutls: Denial of Service via DTLS packet reordering │
│                              │                │          │              │                            │                            │ vulnerability                                                │
│                              │                │          │              │                            │                            │ https://avd.aquasec.com/nvd/cve-2026-42009                   │
├──────────────────────────────┼────────────────┼──────────┤              │                            │                            ├──────────────────────────────────────────────────────────────┤
│ libgnutls-openssl27t64       │ CVE-2026-33845 │ CRITICAL │              │                            │                            │ gnutls: GnuTLS: Denial of Service via DTLS zero-length       │
│                              │                │          │              │                            │                            │ fragment                                                     │
│                              │                │          │              │                            │                            │ https://avd.aquasec.com/nvd/cve-2026-33845                   │
│                              ├────────────────┤          │              │                            │                            ├──────────────────────────────────────────────────────────────┤
│                              │ CVE-2026-42010 │          │              │                            │                            │ gnutls: gnutls: Authentication Bypass via NUL Character in   │
│                              │                │          │              │                            │                            │ Username                                                     │
│                              │                │          │              │                            │                            │ https://avd.aquasec.com/nvd/cve-2026-42010                   │
│                              ├────────────────┼──────────┤              │                            │                            ├──────────────────────────────────────────────────────────────┤
│                              │ CVE-2026-33846 │ HIGH     │              │                            │                            │ gnutls: GnuTLS: Denial of Service via heap buffer overflow   │
│                              │                │          │              │                            │                            │ in DTLS handshake...                                         │
│                              │                │          │              │                            │                            │ https://avd.aquasec.com/nvd/cve-2026-33846                   │
│                              ├────────────────┤          │              │                            │                            ├──────────────────────────────────────────────────────────────┤
│                              │ CVE-2026-3833  │          │              │                            │                            │ gnutls: GnuTLS: Policy bypass due to case-sensitive          │
│                              │                │          │              │                            │                            │ nameConstraints comparison                                   │
│                              │                │          │              │                            │                            │ https://avd.aquasec.com/nvd/cve-2026-3833                    │
│                              ├────────────────┤          │              │                            │                            ├──────────────────────────────────────────────────────────────┤
│                              │ CVE-2026-42009 │          │              │                            │                            │ gnutls: gnutls: Denial of Service via DTLS packet reordering │
│                              │                │          │              │                            │                            │ vulnerability                                                │
│                              │                │          │              │                            │                            │ https://avd.aquasec.com/nvd/cve-2026-42009                   │
├──────────────────────────────┼────────────────┼──────────┤              │                            │                            ├──────────────────────────────────────────────────────────────┤
│ libgnutls28-dev              │ CVE-2026-33845 │ CRITICAL │              │                            │                            │ gnutls: GnuTLS: Denial of Service via DTLS zero-length       │
│                              │                │          │              │                            │                            │ fragment                                                     │
│                              │                │          │              │                            │                            │ https://avd.aquasec.com/nvd/cve-2026-33845                   │
│                              ├────────────────┤          │              │                            │                            ├──────────────────────────────────────────────────────────────┤
│                              │ CVE-2026-42010 │          │              │                            │                            │ gnutls: gnutls: Authentication Bypass via NUL Character in   │
│                              │                │          │              │                            │                            │ Username                                                     │
│                              │                │          │              │                            │                            │ https://avd.aquasec.com/nvd/cve-2026-42010                   │
│                              ├────────────────┼──────────┤              │                            │                            ├──────────────────────────────────────────────────────────────┤
│                              │ CVE-2026-33846 │ HIGH     │              │                            │                            │ gnutls: GnuTLS: Denial of Service via heap buffer overflow   │
│                              │                │          │              │                            │                            │ in DTLS handshake...                                         │
│                              │                │          │              │                            │                            │ https://avd.aquasec.com/nvd/cve-2026-33846                   │
│                              ├────────────────┤          │              │                            │                            ├──────────────────────────────────────────────────────────────┤
│                              │ CVE-2026-3833  │          │              │                            │                            │ gnutls: GnuTLS: Policy bypass due to case-sensitive          │
│                              │                │          │              │                            │                            │ nameConstraints comparison                                   │
│                              │                │          │              │                            │                            │ https://avd.aquasec.com/nvd/cve-2026-3833                    │
│                              ├────────────────┤          │              │                            │                            ├──────────────────────────────────────────────────────────────┤
│                              │ CVE-2026-42009 │          │              │                            │                            │ gnutls: gnutls: Denial of Service via DTLS packet reordering │
│                              │                │          │              │                            │                            │ vulnerability                                                │
│                              │                │          │              │                            │                            │ https://avd.aquasec.com/nvd/cve-2026-42009                   │
├──────────────────────────────┼────────────────┼──────────┤              │                            │                            ├──────────────────────────────────────────────────────────────┤
│ libgnutls30t64               │ CVE-2026-33845 │ CRITICAL │              │                            │                            │ gnutls: GnuTLS: Denial of Service via DTLS zero-length       │
│                              │                │          │              │                            │                            │ fragment                                                     │
│                              │                │          │              │                            │                            │ https://avd.aquasec.com/nvd/cve-2026-33845                   │
│                              ├────────────────┤          │              │                            │                            ├──────────────────────────────────────────────────────────────┤
│                              │ CVE-2026-42010 │          │              │                            │                            │ gnutls: gnutls: Authentication Bypass via NUL Character in   │
│                              │                │          │              │                            │                            │ Username                                                     │
│                              │                │          │              │                            │                            │ https://avd.aquasec.com/nvd/cve-2026-42010                   │
│                              ├────────────────┼──────────┤              │                            │                            ├──────────────────────────────────────────────────────────────┤
│                              │ CVE-2026-33846 │ HIGH     │              │                            │                            │ gnutls: GnuTLS: Denial of Service via heap buffer overflow   │
│                              │                │          │              │                            │                            │ in DTLS handshake...                                         │
│                              │                │          │              │                            │                            │ https://avd.aquasec.com/nvd/cve-2026-33846                   │
│                              ├────────────────┤          │              │                            │                            ├──────────────────────────────────────────────────────────────┤
│                              │ CVE-2026-3833  │          │              │                            │                            │ gnutls: GnuTLS: Policy bypass due to case-sensitive          │
│                              │                │          │              │                            │                            │ nameConstraints comparison                                   │
│                              │                │          │              │                            │                            │ https://avd.aquasec.com/nvd/cve-2026-3833                    │
│                              ├────────────────┤          │              │                            │                            ├──────────────────────────────────────────────────────────────┤
│                              │ CVE-2026-42009 │          │              │                            │                            │ gnutls: gnutls: Denial of Service via DTLS packet reordering │
│                              │                │          │              │                            │                            │ vulnerability                                                │
│                              │                │          │              │                            │                            │ https://avd.aquasec.com/nvd/cve-2026-42009                   │
├──────────────────────────────┼────────────────┤          ├──────────────┼────────────────────────────┼────────────────────────────┼──────────────────────────────────────────────────────────────┤
│ libheif-plugin-dav1d         │ CVE-2025-68431 │          │ affected     │ 1.19.8-1                   │                            │ libheif is an HEIF and AVIF file format decoder and encoder. │
│                              │                │          │              │                            │                            │ Prior...                                                     │
│                              │                │          │              │                            │                            │ https://avd.aquasec.com/nvd/cve-2025-68431                   │
│                              ├────────────────┤          │              │                            ├────────────────────────────┼──────────────────────────────────────────────────────────────┤
│                              │ CVE-2026-32740 │          │              │                            │                            │ libheif: libheif: Arbitrary code execution or denial of      │
│                              │                │          │              │                            │                            │ service via crafted HEIF/AVIF...                             │
│                              │                │          │              │                            │                            │ https://avd.aquasec.com/nvd/cve-2026-32740                   │
│                              ├────────────────┤          │              │                            ├────────────────────────────┼──────────────────────────────────────────────────────────────┤
│                              │ CVE-2026-32741 │          │              │                            │                            │ libheif: libheif: Heap buffer overflow vulnerability in      │
│                              │                │          │              │                            │                            │ image decoding                                               │
│                              │                │          │              │                            │                            │ https://avd.aquasec.com/nvd/cve-2026-32741                   │
│                              ├────────────────┤          │              │                            ├────────────────────────────┼──────────────────────────────────────────────────────────────┤
│                              │ CVE-2026-32882 │          │              │                            │                            │ libheif: libheif: Denial of Service and Information          │
│                              │                │          │              │                            │                            │ Disclosure vulnerability                                     │
│                              │                │          │              │                            │                            │ https://avd.aquasec.com/nvd/cve-2026-32882                   │
│                              ├────────────────┤          │              │                            ├────────────────────────────┼──────────────────────────────────────────────────────────────┤
│                              │ CVE-2026-41071 │          │              │                            │                            │ libheif is a HEIF and AVIF file format decoder and encoder.  │
│                              │                │          │              │                            │                            │ In...                                                        │
│                              │                │          │              │                            │                            │ https://avd.aquasec.com/nvd/cve-2026-41071                   │
├──────────────────────────────┼────────────────┤          │              │                            ├────────────────────────────┼──────────────────────────────────────────────────────────────┤
│ libheif-plugin-libde265      │ CVE-2025-68431 │          │              │                            │                            │ libheif is an HEIF and AVIF file format decoder and encoder. │
│                              │                │          │              │                            │                            │ Prior...                                                     │
│                              │                │          │              │                            │                            │ https://avd.aquasec.com/nvd/cve-2025-68431                   │
│                              ├────────────────┤          │              │                            ├────────────────────────────┼──────────────────────────────────────────────────────────────┤
│                              │ CVE-2026-32740 │          │              │                            │                            │ libheif: libheif: Arbitrary code execution or denial of      │
│                              │                │          │              │                            │                            │ service via crafted HEIF/AVIF...                             │
│                              │                │          │              │                            │                            │ https://avd.aquasec.com/nvd/cve-2026-32740                   │
│                              ├────────────────┤          │              │                            ├────────────────────────────┼──────────────────────────────────────────────────────────────┤
│                              │ CVE-2026-32741 │          │              │                            │                            │ libheif: libheif: Heap buffer overflow vulnerability in      │
│                              │                │          │              │                            │                            │ image decoding                                               │
│                              │                │          │              │                            │                            │ https://avd.aquasec.com/nvd/cve-2026-32741                   │
│                              ├────────────────┤          │              │                            ├────────────────────────────┼──────────────────────────────────────────────────────────────┤
│                              │ CVE-2026-32882 │          │              │                            │                            │ libheif: libheif: Denial of Service and Information          │
│                              │                │          │              │                            │                            │ Disclosure vulnerability                                     │
│                              │                │          │              │                            │                            │ https://avd.aquasec.com/nvd/cve-2026-32882                   │
│                              ├────────────────┤          │              │                            ├────────────────────────────┼──────────────────────────────────────────────────────────────┤
│                              │ CVE-2026-41071 │          │              │                            │                            │ libheif is a HEIF and AVIF file format decoder and encoder.  │
│                              │                │          │              │                            │                            │ In...                                                        │
│                              │                │          │              │                            │                            │ https://avd.aquasec.com/nvd/cve-2026-41071                   │
├──────────────────────────────┼────────────────┤          │              │                            ├────────────────────────────┼──────────────────────────────────────────────────────────────┤
│ libheif1                     │ CVE-2025-68431 │          │              │                            │                            │ libheif is an HEIF and AVIF file format decoder and encoder. │
│                              │                │          │              │                            │                            │ Prior...                                                     │
│                              │                │          │              │                            │                            │ https://avd.aquasec.com/nvd/cve-2025-68431                   │
│                              ├────────────────┤          │              │                            ├────────────────────────────┼──────────────────────────────────────────────────────────────┤
│                              │ CVE-2026-32740 │          │              │                            │                            │ libheif: libheif: Arbitrary code execution or denial of      │
│                              │                │          │              │                            │                            │ service via crafted HEIF/AVIF...                             │
│                              │                │          │              │                            │                            │ https://avd.aquasec.com/nvd/cve-2026-32740                   │
│                              ├────────────────┤          │              │                            ├────────────────────────────┼──────────────────────────────────────────────────────────────┤
│                              │ CVE-2026-32741 │          │              │                            │                            │ libheif: libheif: Heap buffer overflow vulnerability in      │
│                              │                │          │              │                            │                            │ image decoding                                               │
│                              │                │          │              │                            │                            │ https://avd.aquasec.com/nvd/cve-2026-32741                   │
│                              ├────────────────┤          │              │                            ├────────────────────────────┼──────────────────────────────────────────────────────────────┤
│                              │ CVE-2026-32882 │          │              │                            │                            │ libheif: libheif: Denial of Service and Information          │
│                              │                │          │              │                            │                            │ Disclosure vulnerability                                     │
│                              │                │          │              │                            │                            │ https://avd.aquasec.com/nvd/cve-2026-32882                   │
│                              ├────────────────┤          │              │                            ├────────────────────────────┼──────────────────────────────────────────────────────────────┤
│                              │ CVE-2026-41071 │          │              │                            │                            │ libheif is a HEIF and AVIF file format decoder and encoder.  │
│                              │                │          │              │                            │                            │ In...                                                        │
│                              │                │          │              │                            │                            │ https://avd.aquasec.com/nvd/cve-2026-41071                   │
├──────────────────────────────┼────────────────┤          ├──────────────┼────────────────────────────┼────────────────────────────┼──────────────────────────────────────────────────────────────┤
│ liblcms2-2                   │ CVE-2026-41254 │          │ fixed        │ 2.16-2                     │ 2.16-2+deb13u2             │ Little CMS: lcms2: mm2/Little-CMS: Little CMS: Information   │
│                              │                │          │              │                            │                            │ disclosure or denial of service...                           │
│                              │                │          │              │                            │                            │ https://avd.aquasec.com/nvd/cve-2026-41254                   │
├──────────────────────────────┤                │          │              │                            │                            │                                                              │
│ liblcms2-dev                 │                │          │              │                            │                            │                                                              │
│                              │                │          │              │                            │                            │                                                              │
│                              │                │          │              │                            │                            │                                                              │
├──────────────────────────────┼────────────────┼──────────┤              ├────────────────────────────┼────────────────────────────┼──────────────────────────────────────────────────────────────┤
│ libmagickcore-7-arch-config  │ CVE-2026-22770 │ CRITICAL │              │ 8:7.1.1.43+dfsg1-1+deb13u2 │ 8:7.1.1.43+dfsg1-1+deb13u5 │ ImageMagick: ImageMagick: Denial of Service due to improper  │
│                              │                │          │              │                            │                            │ pointer initialization                                       │
│                              │                │          │              │                            │                            │ https://avd.aquasec.com/nvd/cve-2026-22770                   │
│                              ├────────────────┤          │              │                            │                            ├──────────────────────────────────────────────────────────────┤
│                              │ CVE-2026-23876 │          │              │                            │                            │ ImageMagick: ImageMagick: Arbitrary code execution via a     │
│                              │                │          │              │                            │                            │ crafted XBM image file                                       │
│                              │                │          │              │                            │                            │ https://avd.aquasec.com/nvd/cve-2026-23876                   │
│                              ├────────────────┤          │              │                            ├────────────────────────────┼──────────────────────────────────────────────────────────────┤
│                              │ CVE-2026-25897 │          │              │                            │ 8:7.1.1.43+dfsg1-1+deb13u6 │ ImageMagick: ImageMagick: Out-of-bounds heap write via       │
│                              │                │          │              │                            │                            │ integer overflow in sun decoder                              │
│                              │                │          │              │                            │                            │ https://avd.aquasec.com/nvd/cve-2026-25897                   │
│                              ├────────────────┤          │              │                            │                            ├──────────────────────────────────────────────────────────────┤
│                              │ CVE-2026-25898 │          │              │                            │                            │ ImageMagick: ImageMagick: Information disclosure or denial   │
│                              │                │          │              │                            │                            │ of service via crafted image with...                         │
│                              │                │          │              │                            │                            │ https://avd.aquasec.com/nvd/cve-2026-25898                   │
│                              ├────────────────┤          │              │                            │                            ├──────────────────────────────────────────────────────────────┤
│                              │ CVE-2026-25968 │          │              │                            │                            │ ImageMagick: ImageMagick: Memory corruption via stack buffer │
│                              │                │          │              │                            │                            │ overflow when processing an attribute...                     │
│                              │                │          │              │                            │                            │ https://avd.aquasec.com/nvd/cve-2026-25968                   │
│                              ├────────────────┤          │              │                            │                            ├──────────────────────────────────────────────────────────────┤
│                              │ CVE-2026-25971 │          │              │                            │                            │ ImageMagick: ImageMagick: Denial of Service via circular     │
│                              │                │          │              │                            │                            │ references in MSL files                                      │
│                              │                │          │              │                            │                            │ https://avd.aquasec.com/nvd/cve-2026-25971                   │
│                              ├────────────────┤          │              │                            │                            ├──────────────────────────────────────────────────────────────┤
│                              │ CVE-2026-25983 │          │              │                            │                            │ ImageMagick: ImageMagick: Denial of service via crafted MSL  │
│                              │                │          │              │                            │                            │ script                                                       │
│                              │                │          │              │                            │                            │ https://avd.aquasec.com/nvd/cve-2026-25983                   │
│                              ├────────────────┤          │              │                            │                            ├──────────────────────────────────────────────────────────────┤
│                              │ CVE-2026-25986 │          │              │                            │                            │ ImageMagick: ImageMagick: Denial of Service via malicious    │
│                              │                │          │              │                            │                            │ YUV image processing                                         │
│                              │                │          │              │                            │                            │ https://avd.aquasec.com/nvd/cve-2026-25986                   │
│                              ├────────────────┤          │              │                            │                            ├──────────────────────────────────────────────────────────────┤
│                              │ CVE-2026-25987 │          │              │                            │                            │ ImageMagick: ImageMagick: Memory disclosure and denial of    │
│                              │                │          │              │                            │                            │ service via crafted MAP files...                             │
│                              │                │          │              │                            │                            │ https://avd.aquasec.com/nvd/cve-2026-25987                   │
│                              ├────────────────┤          │              │                            │                            ├──────────────────────────────────────────────────────────────┤
│                              │ CVE-2026-26284 │          │              │                            │                            │ ImageMagick: ImageMagick: Out-of-bounds read via crafted     │
│                              │                │          │              │                            │                            │ Photo CD (PCD) files                                         │
│                              │                │          │              │                            │                            │ https://avd.aquasec.com/nvd/cve-2026-26284                   │
│                              ├────────────────┼──────────┤              │                            ├────────────────────────────┼──────────────────────────────────────────────────────────────┤
│                              │ CVE-2025-62171 │ HIGH     │              │                            │ 8:7.1.1.43+dfsg1-1+deb13u3 │ ImageMagick: ImageMagick vulnerable to denial of service via │
│                              │                │          │              │                            │                            │ integer overflow in BMP...                                   │
│                              │                │          │              │                            │                            │ https://avd.aquasec.com/nvd/cve-2025-62171                   │
│                              ├────────────────┤          │              │                            ├────────────────────────────┼──────────────────────────────────────────────────────────────┤
│                              │ CVE-2025-66628 │          │              │                            │ 8:7.1.1.43+dfsg1-1+deb13u4 │ ImageMagick: ImageMagick Integer Overflow leading to out of  │
│                              │                │          │              │                            │                            │ bounds read (32-bit only)...                                 │
│                              │                │          │              │                            │                            │ https://avd.aquasec.com/nvd/cve-2025-66628                   │
│                              ├────────────────┤          │              │                            │                            ├──────────────────────────────────────────────────────────────┤
│                              │ CVE-2025-68618 │          │              │                            │                            │ ImageMagick: ImageMagick: Denial of Service via malicious    │
│                              │                │          │              │                            │                            │ SVG file                                                     │
│                              │                │          │              │                            │                            │ https://avd.aquasec.com/nvd/cve-2025-68618                   │
│                              ├────────────────┤          │              │                            │                            ├──────────────────────────────────────────────────────────────┤
│                              │ CVE-2025-69204 │          │              │                            │                            │ ImageMagick: ImageMagick: Denial of Service via integer      │
│                              │                │          │              │                            │                            │ overflow in SVG image processing...                          │
│                              │                │          │              │                            │                            │ https://avd.aquasec.com/nvd/cve-2025-69204                   │
│                              ├────────────────┤          │              │                            ├────────────────────────────┼──────────────────────────────────────────────────────────────┤
│                              │ CVE-2026-23952 │          │              │                            │ 8:7.1.1.43+dfsg1-1+deb13u5 │ ImageMagick: ImageMagick: Denial of Service via processing   │
│                              │                │          │              │                            │                            │ of MSL comment tags                                          │
│                              │                │          │              │                            │                            │ https://avd.aquasec.com/nvd/cve-2026-23952                   │
│                              ├────────────────┤          │              │                            ├────────────────────────────┼──────────────────────────────────────────────────────────────┤
│                              │ CVE-2026-25794 │          │              │                            │ 8:7.1.1.43+dfsg1-1+deb13u6 │ ImageMagick: ImageMagick: Denial of service and potential    │
│                              │                │          │              │                            │                            │ arbitrary code execution via integer...                      │
│                              │                │          │              │                            │                            │ https://avd.aquasec.com/nvd/cve-2026-25794                   │
│                              ├────────────────┤          │              │                            │                            ├──────────────────────────────────────────────────────────────┤
│                              │ CVE-2026-25795 │          │              │                            │                            │ ImageMagick: ImageMagick: Denial of Service due to NULL      │
│                              │                │          │              │                            │                            │ pointer dereference during temporary...                      │
│                              │                │          │              │                            │                            │ https://avd.aquasec.com/nvd/cve-2026-25795                   │
│                              ├────────────────┤          │              │                            │                            ├──────────────────────────────────────────────────────────────┤
│                              │ CVE-2026-25796 │          │              │                            │                            │ ImageMagick: ImageMagick: Denial of Service Vulnerability    │
│                              │                │          │              │                            │                            │ https://avd.aquasec.com/nvd/cve-2026-25796                   │
│                              ├────────────────┤          │              │                            │                            ├──────────────────────────────────────────────────────────────┤
│                              │ CVE-2026-25798 │          │              │                            │                            │ ImageMagick: ImageMagick: Denial of Service via crafted      │
│                              │                │          │              │                            │                            │ image file                                                   │
│                              │                │          │              │                            │                            │ https://avd.aquasec.com/nvd/cve-2026-25798                   │
│                              ├────────────────┤          │              │                            │                            ├──────────────────────────────────────────────────────────────┤
│                              │ CVE-2026-25799 │          │              │                            │                            │ ImageMagick: ImageMagick: Denial of Service via YUV sampling │
│                              │                │          │              │                            │                            │ factor validation error                                      │
│                              │                │          │              │                            │                            │ https://avd.aquasec.com/nvd/cve-2026-25799                   │
│                              ├────────────────┤          │              │                            │                            ├──────────────────────────────────────────────────────────────┤
│                              │ CVE-2026-25965 │          │              │                            │                            │ ImageMagick: ImageMagick: Local File Disclosure via Path     │
│                              │                │          │              │                            │                            │ Traversal                                                    │
│                              │                │          │              │                            │                            │ https://avd.aquasec.com/nvd/cve-2026-25965                   │
│                              ├────────────────┤          │              │                            │                            ├──────────────────────────────────────────────────────────────┤
│                              │ CVE-2026-25966 │          │              │                            │                            │ ImageMagick: ImageMagick: Policy bypass allows unauthorized  │
│                              │                │          │              │                            │                            │ access to standard streams via fd:<n>...                     │
│                              │                │          │              │                            │                            │ https://avd.aquasec.com/nvd/cve-2026-25966                   │
│                              ├────────────────┤          │              │                            │                            ├──────────────────────────────────────────────────────────────┤
│                              │ CVE-2026-25967 │          │              │                            │                            │ ImageMagick: ImageMagick: Denial of Service via crafted FTXT │
│                              │                │          │              │                            │                            │ file                                                         │
│                              │                │          │              │                            │                            │ https://avd.aquasec.com/nvd/cve-2026-25967                   │
│                              ├────────────────┤          │              │                            │                            ├──────────────────────────────────────────────────────────────┤
│                              │ CVE-2026-25969 │          │              │                            │                            │ ImageMagick: ImageMagick: Memory leak leading to denial of   │
│                              │                │          │              │                            │                            │ service via image processing...                              │
│                              │                │          │              │                            │                            │ https://avd.aquasec.com/nvd/cve-2026-25969                   │
│                              ├────────────────┤          │              │                            │                            ├──────────────────────────────────────────────────────────────┤
│                              │ CVE-2026-25970 │          │              │                            │                            │ ImageMagick: ImageMagick: Memory corruption and denial of    │
│                              │                │          │              │                            │                            │ service via signed integer overflow...                       │
│                              │                │          │              │                            │                            │ https://avd.aquasec.com/nvd/cve-2026-25970                   │
│                              ├────────────────┤          │              │                            │                            ├──────────────────────────────────────────────────────────────┤
│                              │ CVE-2026-25985 │          │              │                            │                            │ ImageMagick: Memory allocation with excessive without limits │
│                              │                │          │              │                            │                            │ in the internal SVG decoder...                               │
│                              │                │          │              │                            │                            │ https://avd.aquasec.com/nvd/cve-2026-25985                   │
│                              ├────────────────┤          │              │                            │                            ├──────────────────────────────────────────────────────────────┤
│                              │ CVE-2026-25988 │          │              │                            │                            │ ImageMagick: ImageMagick: Denial of Service due to memory    │
│                              │                │          │              │                            │                            │ leak in image processing...                                  │
│                              │                │          │              │                            │                            │ https://avd.aquasec.com/nvd/cve-2026-25988                   │
│                              ├────────────────┤          │              │                            │                            ├──────────────────────────────────────────────────────────────┤
│                              │ CVE-2026-26066 │          │              │                            │                            │ ImageMagick: ImageMagick: Denial of Service via crafted IPTC │
│                              │                │          │              │                            │                            │ data                                                         │
│                              │                │          │              │                            │                            │ https://avd.aquasec.com/nvd/cve-2026-26066                   │
│                              ├────────────────┤          │              │                            │                            ├──────────────────────────────────────────────────────────────┤
│                              │ CVE-2026-26283 │          │              │                            │                            │ ImageMagick: ImageMagick: Denial of Service via crafted      │
│                              │                │          │              │                            │                            │ image leading to an infinite...                              │
│                              │                │          │              │                            │                            │ https://avd.aquasec.com/nvd/cve-2026-26283                   │
│                              ├────────────────┤          │              │                            │                            ├──────────────────────────────────────────────────────────────┤
│                              │ CVE-2026-27798 │          │              │                            │                            │ ImageMagick: ImageMagick: Information disclosure via heap    │
│                              │                │          │              │                            │                            │ buffer over-read when processing images                      │
│                              │                │          │              │                            │                            │ https://avd.aquasec.com/nvd/cve-2026-27798                   │
│                              ├────────────────┤          │              │                            ├────────────────────────────┼──────────────────────────────────────────────────────────────┤
│                              │ CVE-2026-28691 │          │              │                            │ 8:7.1.1.43+dfsg1-1+deb13u7 │ ImageMagick: ImageMagick: Denial of Service via              │
│                              │                │          │              │                            │                            │ uninitialized pointer dereference in JBIG decoder...         │
│                              │                │          │              │                            │                            │ https://avd.aquasec.com/nvd/cve-2026-28691                   │
│                              ├────────────────┤          │              │                            │                            ├──────────────────────────────────────────────────────────────┤
│                              │ CVE-2026-28693 │          │              │                            │                            │ ImageMagick: ImageMagick: Out-of-bounds read or write due to │
│                              │                │          │              │                            │                            │ integer overflow in DIB...                                   │
│                              │                │          │              │                            │                            │ https://avd.aquasec.com/nvd/cve-2026-28693                   │
│                              ├────────────────┤          │              │                            │                            ├──────────────────────────────────────────────────────────────┤
│                              │ CVE-2026-30883 │          │              │                            │                            │ ImageMagick: ImageMagick: Denial of Service due to heap      │
│                              │                │          │              │                            │                            │ overflow when processing large...                            │
│                              │                │          │              │                            │                            │ https://avd.aquasec.com/nvd/cve-2026-30883                   │
│                              ├────────────────┤          │              │                            │                            ├──────────────────────────────────────────────────────────────┤
│                              │ CVE-2026-30929 │          │              │                            │                            │ ImageMagick: stack-based buffer overflow in MagnifyImage     │
│                              │                │          │              │                            │                            │ https://avd.aquasec.com/nvd/cve-2026-30929                   │
│                              ├────────────────┤          │              │                            │                            ├──────────────────────────────────────────────────────────────┤
│                              │ CVE-2026-30931 │          │              │                            │                            │ ImageMagick: ImageMagick: Heap-based buffer overflow leading │
│                              │                │          │              │                            │                            │ to out-of-bounds write                                       │
│                              │                │          │              │                            │                            │ https://avd.aquasec.com/nvd/cve-2026-30931                   │
│                              ├────────────────┤          │              │                            ├────────────────────────────┼──────────────────────────────────────────────────────────────┤
│                              │ CVE-2026-32636 │          │              │                            │ 8:7.1.1.43+dfsg1-1+deb13u8 │ ImageMagick: ImageMagick: Denial of Service via              │
│                              │                │          │              │                            │                            │ out-of-bounds write in NewXMLTree method                     │
│                              │                │          │              │                            │                            │ https://avd.aquasec.com/nvd/cve-2026-32636                   │
│                              ├────────────────┤          │              │                            │                            ├──────────────────────────────────────────────────────────────┤
│                              │ CVE-2026-33900 │          │              │                            │                            │ ImageMagick: Magick.NET: ImageMagick: Denial of Service via  │
│                              │                │          │              │                            │                            │ integer truncation in viff encoder...                        │
│                              │                │          │              │                            │                            │ https://avd.aquasec.com/nvd/cve-2026-33900                   │
│                              ├────────────────┤          │              │                            │                            ├──────────────────────────────────────────────────────────────┤
│                              │ CVE-2026-33901 │          │              │                            │                            │ ImageMagick: Magick.NET: ImageMagick: Denial of Service due  │
│                              │                │          │              │                            │                            │ to heap buffer overflow in...                                │
│                              │                │          │              │                            │                            │ https://avd.aquasec.com/nvd/cve-2026-33901                   │
│                              ├────────────────┤          │              │                            │                            ├──────────────────────────────────────────────────────────────┤
│                              │ CVE-2026-33905 │          │              │                            │                            │ ImageMagick: ImageMagick: Denial of service via              │
│                              │                │          │              │                            │                            │ out-of-bounds read in -sample operation                      │
│                              │                │          │              │                            │                            │ https://avd.aquasec.com/nvd/cve-2026-33905                   │
│                              ├────────────────┤          │              │                            │                            ├──────────────────────────────────────────────────────────────┤
│                              │ CVE-2026-33908 │          │              │                            │                            │ ImageMagick: Magick.NET: ImageMagick: Denial of Service via  │
│                              │                │          │              │                            │                            │ deeply nested XML file processing...                         │
│                              │                │          │              │                            │                            │ https://avd.aquasec.com/nvd/cve-2026-33908                   │
│                              ├────────────────┤          │              │                            ├────────────────────────────┼──────────────────────────────────────────────────────────────┤
│                              │ CVE-2026-45031 │          │              │                            │ 8:7.1.1.43+dfsg1-1+deb13u9 │ ImageMagick: ImageMagick: Denial of Service due to resource  │
│                              │                │          │              │                            │                            │ policy bypass in PSD...                                      │
│                              │                │          │              │                            │                            │ https://avd.aquasec.com/nvd/cve-2026-45031                   │
│                              ├────────────────┤          │              │                            │                            ├──────────────────────────────────────────────────────────────┤
│                              │ CVE-2026-45359 │          │              │                            │                            │ ImageMagick: ImageMagick: Information Disclosure via Invalid │
│                              │                │          │              │                            │                            │ Connected-Components Value                                   │
│                              │                │          │              │                            │                            │ https://avd.aquasec.com/nvd/cve-2026-45359                   │
│                              ├────────────────┤          │              │                            │                            ├──────────────────────────────────────────────────────────────┤
│                              │ CVE-2026-45664 │          │              │                            │                            │ ImageMagick: ImageMagick: Denial of Service due to excessive │
│                              │                │          │              │                            │                            │ resource use in MNG...                                       │
│                              │                │          │              │                            │                            │ https://avd.aquasec.com/nvd/cve-2026-45664                   │
│                              ├────────────────┤          │              │                            │                            ├──────────────────────────────────────────────────────────────┤
│                              │ CVE-2026-46520 │          │              │                            │                            │ ImageMagick: ImageMagick: Denial of Service via              │
│                              │                │          │              │                            │                            │ out-of-bounds write when processing multiple images...       │
│                              │                │          │              │                            │                            │ https://avd.aquasec.com/nvd/cve-2026-46520                   │
│                              ├────────────────┤          │              │                            │                            ├──────────────────────────────────────────────────────────────┤
│                              │ CVE-2026-46522 │          │              │                            │                            │ ImageMagick: ImageMagick: Denial of Service via crafted MIFF │
│                              │                │          │              │                            │                            │ file                                                         │
│                              │                │          │              │                            │                            │ https://avd.aquasec.com/nvd/cve-2026-46522                   │
│                              ├────────────────┤          │              │                            │                            ├──────────────────────────────────────────────────────────────┤
│                              │ CVE-2026-46523 │          │              │                            │                            │ ImageMagick: ImageMagick: Denial of Service via crafted MSL  │
│                              │                │          │              │                            │                            │ image leading to heap-use-after-free...                      │
│                              │                │          │              │                            │                            │ https://avd.aquasec.com/nvd/cve-2026-46523                   │
├──────────────────────────────┼────────────────┼──────────┤              │                            ├────────────────────────────┼──────────────────────────────────────────────────────────────┤
│ libmagickcore-7-headers      │ CVE-2026-22770 │ CRITICAL │              │                            │ 8:7.1.1.43+dfsg1-1+deb13u5 │ ImageMagick: ImageMagick: Denial of Service due to improper  │
│                              │                │          │              │                            │                            │ pointer initialization                                       │
│                              │                │          │              │                            │                            │ https://avd.aquasec.com/nvd/cve-2026-22770                   │
│                              ├────────────────┤          │              │                            │                            ├──────────────────────────────────────────────────────────────┤
│                              │ CVE-2026-23876 │          │              │                            │                            │ ImageMagick: ImageMagick: Arbitrary code execution via a     │
│                              │                │          │              │                            │                            │ crafted XBM image file                                       │
│                              │                │          │              │                            │                            │ https://avd.aquasec.com/nvd/cve-2026-23876                   │
│                              ├────────────────┤          │              │                            ├────────────────────────────┼──────────────────────────────────────────────────────────────┤
│                              │ CVE-2026-25897 │          │              │                            │ 8:7.1.1.43+dfsg1-1+deb13u6 │ ImageMagick: ImageMagick: Out-of-bounds heap write via       │
│                              │                │          │              │                            │                            │ integer overflow in sun decoder                              │
│                              │                │          │              │                            │                            │ https://avd.aquasec.com/nvd/cve-2026-25897                   │
│                              ├────────────────┤          │              │                            │                            ├──────────────────────────────────────────────────────────────┤
│                              │ CVE-2026-25898 │          │              │                            │                            │ ImageMagick: ImageMagick: Information disclosure or denial   │
│                              │                │          │              │                            │                            │ of service via crafted image with...                         │
│                              │                │          │              │                            │                            │ https://avd.aquasec.com/nvd/cve-2026-25898                   │
│                              ├────────────────┤          │              │                            │                            ├──────────────────────────────────────────────────────────────┤
│                              │ CVE-2026-25968 │          │              │                            │                            │ ImageMagick: ImageMagick: Memory corruption via stack buffer │
│                              │                │          │              │                            │                            │ overflow when processing an attribute...                     │
│                              │                │          │              │                            │                            │ https://avd.aquasec.com/nvd/cve-2026-25968                   │
│                              ├────────────────┤          │              │                            │                            ├──────────────────────────────────────────────────────────────┤
│                              │ CVE-2026-25971 │          │              │                            │                            │ ImageMagick: ImageMagick: Denial of Service via circular     │
│                              │                │          │              │                            │                            │ references in MSL files                                      │
│                              │                │          │              │                            │                            │ https://avd.aquasec.com/nvd/cve-2026-25971                   │
│                              ├────────────────┤          │              │                            │                            ├──────────────────────────────────────────────────────────────┤
│                              │ CVE-2026-25983 │          │              │                            │                            │ ImageMagick: ImageMagick: Denial of service via crafted MSL  │
│                              │                │          │              │                            │                            │ script                                                       │
│                              │                │          │              │                            │                            │ https://avd.aquasec.com/nvd/cve-2026-25983                   │
│                              ├────────────────┤          │              │                            │                            ├──────────────────────────────────────────────────────────────┤
│                              │ CVE-2026-25986 │          │              │                            │                            │ ImageMagick: ImageMagick: Denial of Service via malicious    │
│                              │                │          │              │                            │                            │ YUV image processing                                         │
│                              │                │          │              │                            │                            │ https://avd.aquasec.com/nvd/cve-2026-25986                   │
│                              ├────────────────┤          │              │                            │                            ├──────────────────────────────────────────────────────────────┤
│                              │ CVE-2026-25987 │          │              │                            │                            │ ImageMagick: ImageMagick: Memory disclosure and denial of    │
│                              │                │          │              │                            │                            │ service via crafted MAP files...                             │
│                              │                │          │              │                            │                            │ https://avd.aquasec.com/nvd/cve-2026-25987                   │
│                              ├────────────────┤          │              │                            │                            ├──────────────────────────────────────────────────────────────┤
│                              │ CVE-2026-26284 │          │              │                            │                            │ ImageMagick: ImageMagick: Out-of-bounds read via crafted     │
│                              │                │          │              │                            │                            │ Photo CD (PCD) files                                         │
│                              │                │          │              │                            │                            │ https://avd.aquasec.com/nvd/cve-2026-26284                   │
│                              ├────────────────┼──────────┤              │                            ├────────────────────────────┼──────────────────────────────────────────────────────────────┤
│                              │ CVE-2025-62171 │ HIGH     │              │                            │ 8:7.1.1.43+dfsg1-1+deb13u3 │ ImageMagick: ImageMagick vulnerable to denial of service via │
│                              │                │          │              │                            │                            │ integer overflow in BMP...                                   │
│                              │                │          │              │                            │                            │ https://avd.aquasec.com/nvd/cve-2025-62171                   │
│                              ├────────────────┤          │              │                            ├────────────────────────────┼──────────────────────────────────────────────────────────────┤
│                              │ CVE-2025-66628 │          │              │                            │ 8:7.1.1.43+dfsg1-1+deb13u4 │ ImageMagick: ImageMagick Integer Overflow leading to out of  │
│                              │                │          │              │                            │                            │ bounds read (32-bit only)...                                 │
│                              │                │          │              │                            │                            │ https://avd.aquasec.com/nvd/cve-2025-66628                   │
│                              ├────────────────┤          │              │                            │                            ├──────────────────────────────────────────────────────────────┤
│                              │ CVE-2025-68618 │          │              │                            │                            │ ImageMagick: ImageMagick: Denial of Service via malicious    │
│                              │                │          │              │                            │                            │ SVG file                                                     │
│                              │                │          │              │                            │                            │ https://avd.aquasec.com/nvd/cve-2025-68618                   │
│                              ├────────────────┤          │              │                            │                            ├──────────────────────────────────────────────────────────────┤
│                              │ CVE-2025-69204 │          │              │                            │                            │ ImageMagick: ImageMagick: Denial of Service via integer      │
│                              │                │          │              │                            │                            │ overflow in SVG image processing...                          │
│                              │                │          │              │                            │                            │ https://avd.aquasec.com/nvd/cve-2025-69204                   │
│                              ├────────────────┤          │              │                            ├────────────────────────────┼──────────────────────────────────────────────────────────────┤
│                              │ CVE-2026-23952 │          │              │                            │ 8:7.1.1.43+dfsg1-1+deb13u5 │ ImageMagick: ImageMagick: Denial of Service via processing   │
│                              │                │          │              │                            │                            │ of MSL comment tags                                          │
│                              │                │          │              │                            │                            │ https://avd.aquasec.com/nvd/cve-2026-23952                   │
│                              ├────────────────┤          │              │                            ├────────────────────────────┼──────────────────────────────────────────────────────────────┤
│                              │ CVE-2026-25794 │          │              │                            │ 8:7.1.1.43+dfsg1-1+deb13u6 │ ImageMagick: ImageMagick: Denial of service and potential    │
│                              │                │          │              │                            │                            │ arbitrary code execution via integer...                      │
│                              │                │          │              │                            │                            │ https://avd.aquasec.com/nvd/cve-2026-25794                   │
│                              ├────────────────┤          │              │                            │                            ├──────────────────────────────────────────────────────────────┤
│                              │ CVE-2026-25795 │          │              │                            │                            │ ImageMagick: ImageMagick: Denial of Service due to NULL      │
│                              │                │          │              │                            │                            │ pointer dereference during temporary...                      │
│                              │                │          │              │                            │                            │ https://avd.aquasec.com/nvd/cve-2026-25795                   │
│                              ├────────────────┤          │              │                            │                            ├──────────────────────────────────────────────────────────────┤
│                              │ CVE-2026-25796 │          │              │                            │                            │ ImageMagick: ImageMagick: Denial of Service Vulnerability    │
│                              │                │          │              │                            │                            │ https://avd.aquasec.com/nvd/cve-2026-25796                   │
│                              ├────────────────┤          │              │                            │                            ├──────────────────────────────────────────────────────────────┤
│                              │ CVE-2026-25798 │          │              │                            │                            │ ImageMagick: ImageMagick: Denial of Service via crafted      │
│                              │                │          │              │                            │                            │ image file                                                   │
│                              │                │          │              │                            │                            │ https://avd.aquasec.com/nvd/cve-2026-25798                   │
│                              ├────────────────┤          │              │                            │                            ├──────────────────────────────────────────────────────────────┤
│                              │ CVE-2026-25799 │          │              │                            │                            │ ImageMagick: ImageMagick: Denial of Service via YUV sampling │
│                              │                │          │              │                            │                            │ factor validation error                                      │
│                              │                │          │              │                            │                            │ https://avd.aquasec.com/nvd/cve-2026-25799                   │
│                              ├────────────────┤          │              │                            │                            ├──────────────────────────────────────────────────────────────┤
│                              │ CVE-2026-25965 │          │              │                            │                            │ ImageMagick: ImageMagick: Local File Disclosure via Path     │
│                              │                │          │              │                            │                            │ Traversal                                                    │
│                              │                │          │              │                            │                            │ https://avd.aquasec.com/nvd/cve-2026-25965                   │
│                              ├────────────────┤          │              │                            │                            ├──────────────────────────────────────────────────────────────┤
│                              │ CVE-2026-25966 │          │              │                            │                            │ ImageMagick: ImageMagick: Policy bypass allows unauthorized  │
│                              │                │          │              │                            │                            │ access to standard streams via fd:<n>...                     │
│                              │                │          │              │                            │                            │ https://avd.aquasec.com/nvd/cve-2026-25966                   │
│                              ├────────────────┤          │              │                            │                            ├──────────────────────────────────────────────────────────────┤
│                              │ CVE-2026-25967 │          │              │                            │                            │ ImageMagick: ImageMagick: Denial of Service via crafted FTXT │
│                              │                │          │              │                            │                            │ file                                                         │
│                              │                │          │              │                            │                            │ https://avd.aquasec.com/nvd/cve-2026-25967                   │
│                              ├────────────────┤          │              │                            │                            ├──────────────────────────────────────────────────────────────┤
│                              │ CVE-2026-25969 │          │              │                            │                            │ ImageMagick: ImageMagick: Memory leak leading to denial of   │
│                              │                │          │              │                            │                            │ service via image processing...                              │
│                              │                │          │              │                            │                            │ https://avd.aquasec.com/nvd/cve-2026-25969                   │
│                              ├────────────────┤          │              │                            │                            ├──────────────────────────────────────────────────────────────┤
│                              │ CVE-2026-25970 │          │              │                            │                            │ ImageMagick: ImageMagick: Memory corruption and denial of    │
│                              │                │          │              │                            │                            │ service via signed integer overflow...                       │
│                              │                │          │              │                            │                            │ https://avd.aquasec.com/nvd/cve-2026-25970                   │
│                              ├────────────────┤          │              │                            │                            ├──────────────────────────────────────────────────────────────┤
│                              │ CVE-2026-25985 │          │              │                            │                            │ ImageMagick: Memory allocation with excessive without limits │
│                              │                │          │              │                            │                            │ in the internal SVG decoder...                               │
│                              │                │          │              │                            │                            │ https://avd.aquasec.com/nvd/cve-2026-25985                   │
│                              ├────────────────┤          │              │                            │                            ├──────────────────────────────────────────────────────────────┤
│                              │ CVE-2026-25988 │          │              │                            │                            │ ImageMagick: ImageMagick: Denial of Service due to memory    │
│                              │                │          │              │                            │                            │ leak in image processing...                                  │
│                              │                │          │              │                            │                            │ https://avd.aquasec.com/nvd/cve-2026-25988                   │
│                              ├────────────────┤          │              │                            │                            ├──────────────────────────────────────────────────────────────┤
│                              │ CVE-2026-26066 │          │              │                            │                            │ ImageMagick: ImageMagick: Denial of Service via crafted IPTC │
│                              │                │          │              │                            │                            │ data                                                         │
│                              │                │          │              │                            │                            │ https://avd.aquasec.com/nvd/cve-2026-26066                   │
│                              ├────────────────┤          │              │                            │                            ├──────────────────────────────────────────────────────────────┤
│                              │ CVE-2026-26283 │          │              │                            │                            │ ImageMagick: ImageMagick: Denial of Service via crafted      │
│                              │                │          │              │                            │                            │ image leading to an infinite...                              │
│                              │                │          │              │                            │                            │ https://avd.aquasec.com/nvd/cve-2026-26283                   │
│                              ├────────────────┤          │              │                            │                            ├──────────────────────────────────────────────────────────────┤
│                              │ CVE-2026-27798 │          │              │                            │                            │ ImageMagick: ImageMagick: Information disclosure via heap    │
│                              │                │          │              │                            │                            │ buffer over-read when processing images                      │
│                              │                │          │              │                            │                            │ https://avd.aquasec.com/nvd/cve-2026-27798                   │
│                              ├────────────────┤          │              │                            ├────────────────────────────┼──────────────────────────────────────────────────────────────┤
│                              │ CVE-2026-28691 │          │              │                            │ 8:7.1.1.43+dfsg1-1+deb13u7 │ ImageMagick: ImageMagick: Denial of Service via              │
│                              │                │          │              │                            │                            │ uninitialized pointer dereference in JBIG decoder...         │
│                              │                │          │              │                            │                            │ https://avd.aquasec.com/nvd/cve-2026-28691                   │
│                              ├────────────────┤          │              │                            │                            ├──────────────────────────────────────────────────────────────┤
│                              │ CVE-2026-28693 │          │              │                            │                            │ ImageMagick: ImageMagick: Out-of-bounds read or write due to │
│                              │                │          │              │                            │                            │ integer overflow in DIB...                                   │
│                              │                │          │              │                            │                            │ https://avd.aquasec.com/nvd/cve-2026-28693                   │
│                              ├────────────────┤          │              │                            │                            ├──────────────────────────────────────────────────────────────┤
│                              │ CVE-2026-30883 │          │              │                            │                            │ ImageMagick: ImageMagick: Denial of Service due to heap      │
│                              │                │          │              │                            │                            │ overflow when processing large...                            │
│                              │                │          │              │                            │                            │ https://avd.aquasec.com/nvd/cve-2026-30883                   │
│                              ├────────────────┤          │              │                            │                            ├──────────────────────────────────────────────────────────────┤
│                              │ CVE-2026-30929 │          │              │                            │                            │ ImageMagick: stack-based buffer overflow in MagnifyImage     │
│                              │                │          │              │                            │                            │ https://avd.aquasec.com/nvd/cve-2026-30929                   │
│                              ├────────────────┤          │              │                            │                            ├──────────────────────────────────────────────────────────────┤
│                              │ CVE-2026-30931 │          │              │                            │                            │ ImageMagick: ImageMagick: Heap-based buffer overflow leading │
│                              │                │          │              │                            │                            │ to out-of-bounds write                                       │
│                              │                │          │              │                            │                            │ https://avd.aquasec.com/nvd/cve-2026-30931                   │
│                              ├────────────────┤          │              │                            ├────────────────────────────┼──────────────────────────────────────────────────────────────┤
│                              │ CVE-2026-32636 │          │              │                            │ 8:7.1.1.43+dfsg1-1+deb13u8 │ ImageMagick: ImageMagick: Denial of Service via              │
│                              │                │          │              │                            │                            │ out-of-bounds write in NewXMLTree method                     │
│                              │                │          │              │                            │                            │ https://avd.aquasec.com/nvd/cve-2026-32636                   │
│                              ├────────────────┤          │              │                            │                            ├──────────────────────────────────────────────────────────────┤
│                              │ CVE-2026-33900 │          │              │                            │                            │ ImageMagick: Magick.NET: ImageMagick: Denial of Service via  │
│                              │                │          │              │                            │                            │ integer truncation in viff encoder...                        │
│                              │                │          │              │                            │                            │ https://avd.aquasec.com/nvd/cve-2026-33900                   │
│                              ├────────────────┤          │              │                            │                            ├──────────────────────────────────────────────────────────────┤
│                              │ CVE-2026-33901 │          │              │                            │                            │ ImageMagick: Magick.NET: ImageMagick: Denial of Service due  │
│                              │                │          │              │                            │                            │ to heap buffer overflow in...                                │
│                              │                │          │              │                            │                            │ https://avd.aquasec.com/nvd/cve-2026-33901                   │
│                              ├────────────────┤          │              │                            │                            ├──────────────────────────────────────────────────────────────┤
│                              │ CVE-2026-33905 │          │              │                            │                            │ ImageMagick: ImageMagick: Denial of service via              │
│                              │                │          │              │                            │                            │ out-of-bounds read in -sample operation                      │
│                              │                │          │              │                            │                            │ https://avd.aquasec.com/nvd/cve-2026-33905                   │
│                              ├────────────────┤          │              │                            │                            ├──────────────────────────────────────────────────────────────┤
│                              │ CVE-2026-33908 │          │              │                            │                            │ ImageMagick: Magick.NET: ImageMagick: Denial of Service via  │
│                              │                │          │              │                            │                            │ deeply nested XML file processing...                         │
│                              │                │          │              │                            │                            │ https://avd.aquasec.com/nvd/cve-2026-33908                   │
│                              ├────────────────┤          │              │                            ├────────────────────────────┼──────────────────────────────────────────────────────────────┤
│                              │ CVE-2026-45031 │          │              │                            │ 8:7.1.1.43+dfsg1-1+deb13u9 │ ImageMagick: ImageMagick: Denial of Service due to resource  │
│                              │                │          │              │                            │                            │ policy bypass in PSD...                                      │
│                              │                │          │              │                            │                            │ https://avd.aquasec.com/nvd/cve-2026-45031                   │
│                              ├────────────────┤          │              │                            │                            ├──────────────────────────────────────────────────────────────┤
│                              │ CVE-2026-45359 │          │              │                            │                            │ ImageMagick: ImageMagick: Information Disclosure via Invalid │
│                              │                │          │              │                            │                            │ Connected-Components Value                                   │
│                              │                │          │              │                            │                            │ https://avd.aquasec.com/nvd/cve-2026-45359                   │
│                              ├────────────────┤          │              │                            │                            ├──────────────────────────────────────────────────────────────┤
│                              │ CVE-2026-45664 │          │              │                            │                            │ ImageMagick: ImageMagick: Denial of Service due to excessive │
│                              │                │          │              │                            │                            │ resource use in MNG...                                       │
│                              │                │          │              │                            │                            │ https://avd.aquasec.com/nvd/cve-2026-45664                   │
│                              ├────────────────┤          │              │                            │                            ├──────────────────────────────────────────────────────────────┤
│                              │ CVE-2026-46520 │          │              │                            │                            │ ImageMagick: ImageMagick: Denial of Service via              │
│                              │                │          │              │                            │                            │ out-of-bounds write when processing multiple images...       │
│                              │                │          │              │                            │                            │ https://avd.aquasec.com/nvd/cve-2026-46520                   │
│                              ├────────────────┤          │              │                            │                            ├──────────────────────────────────────────────────────────────┤
│                              │ CVE-2026-46522 │          │              │                            │                            │ ImageMagick: ImageMagick: Denial of Service via crafted MIFF │
│                              │                │          │              │                            │                            │ file                                                         │
│                              │                │          │              │                            │                            │ https://avd.aquasec.com/nvd/cve-2026-46522                   │
│                              ├────────────────┤          │              │                            │                            ├──────────────────────────────────────────────────────────────┤
│                              │ CVE-2026-46523 │          │              │                            │                            │ ImageMagick: ImageMagick: Denial of Service via crafted MSL  │
│                              │                │          │              │                            │                            │ image leading to heap-use-after-free...                      │
│                              │                │          │              │                            │                            │ https://avd.aquasec.com/nvd/cve-2026-46523                   │
├──────────────────────────────┼────────────────┼──────────┤              │                            ├────────────────────────────┼──────────────────────────────────────────────────────────────┤
│ libmagickcore-7.q16-10       │ CVE-2026-22770 │ CRITICAL │              │                            │ 8:7.1.1.43+dfsg1-1+deb13u5 │ ImageMagick: ImageMagick: Denial of Service due to improper  │
│                              │                │          │              │                            │                            │ pointer initialization                                       │
│                              │                │          │              │                            │                            │ https://avd.aquasec.com/nvd/cve-2026-22770                   │
│                              ├────────────────┤          │              │                            │                            ├──────────────────────────────────────────────────────────────┤
│                              │ CVE-2026-23876 │          │              │                            │                            │ ImageMagick: ImageMagick: Arbitrary code execution via a     │
│                              │                │          │              │                            │                            │ crafted XBM image file                                       │
│                              │                │          │              │                            │                            │ https://avd.aquasec.com/nvd/cve-2026-23876                   │
│                              ├────────────────┤          │              │                            ├────────────────────────────┼──────────────────────────────────────────────────────────────┤
│                              │ CVE-2026-25897 │          │              │                            │ 8:7.1.1.43+dfsg1-1+deb13u6 │ ImageMagick: ImageMagick: Out-of-bounds heap write via       │
│                              │                │          │              │                            │                            │ integer overflow in sun decoder                              │
│                              │                │          │              │                            │                            │ https://avd.aquasec.com/nvd/cve-2026-25897                   │
│                              ├────────────────┤          │              │                            │                            ├──────────────────────────────────────────────────────────────┤
│                              │ CVE-2026-25898 │          │              │                            │                            │ ImageMagick: ImageMagick: Information disclosure or denial   │
│                              │                │          │              │                            │                            │ of service via crafted image with...                         │
│                              │                │          │              │                            │                            │ https://avd.aquasec.com/nvd/cve-2026-25898                   │
│                              ├────────────────┤          │              │                            │                            ├──────────────────────────────────────────────────────────────┤
│                              │ CVE-2026-25968 │          │              │                            │                            │ ImageMagick: ImageMagick: Memory corruption via stack buffer │
│                              │                │          │              │                            │                            │ overflow when processing an attribute...                     │
│                              │                │          │              │                            │                            │ https://avd.aquasec.com/nvd/cve-2026-25968                   │
│                              ├────────────────┤          │              │                            │                            ├──────────────────────────────────────────────────────────────┤
│                              │ CVE-2026-25971 │          │              │                            │                            │ ImageMagick: ImageMagick: Denial of Service via circular     │
│                              │                │          │              │                            │                            │ references in MSL files                                      │
│                              │                │          │              │                            │                            │ https://avd.aquasec.com/nvd/cve-2026-25971                   │
│                              ├────────────────┤          │              │                            │                            ├──────────────────────────────────────────────────────────────┤
│                              │ CVE-2026-25983 │          │              │                            │                            │ ImageMagick: ImageMagick: Denial of service via crafted MSL  │
│                              │                │          │              │                            │                            │ script                                                       │
│                              │                │          │              │                            │                            │ https://avd.aquasec.com/nvd/cve-2026-25983                   │
│                              ├────────────────┤          │              │                            │                            ├──────────────────────────────────────────────────────────────┤
│                              │ CVE-2026-25986 │          │              │                            │                            │ ImageMagick: ImageMagick: Denial of Service via malicious    │
│                              │                │          │              │                            │                            │ YUV image processing                                         │
│                              │                │          │              │                            │                            │ https://avd.aquasec.com/nvd/cve-2026-25986                   │
│                              ├────────────────┤          │              │                            │                            ├──────────────────────────────────────────────────────────────┤
│                              │ CVE-2026-25987 │          │              │                            │                            │ ImageMagick: ImageMagick: Memory disclosure and denial of    │
│                              │                │          │              │                            │                            │ service via crafted MAP files...                             │
│                              │                │          │              │                            │                            │ https://avd.aquasec.com/nvd/cve-2026-25987                   │
│                              ├────────────────┤          │              │                            │                            ├──────────────────────────────────────────────────────────────┤
│                              │ CVE-2026-26284 │          │              │                            │                            │ ImageMagick: ImageMagick: Out-of-bounds read via crafted     │
│                              │                │          │              │                            │                            │ Photo CD (PCD) files                                         │
│                              │                │          │              │                            │                            │ https://avd.aquasec.com/nvd/cve-2026-26284                   │
│                              ├────────────────┼──────────┤              │                            ├────────────────────────────┼──────────────────────────────────────────────────────────────┤
│                              │ CVE-2025-62171 │ HIGH     │              │                            │ 8:7.1.1.43+dfsg1-1+deb13u3 │ ImageMagick: ImageMagick vulnerable to denial of service via │
│                              │                │          │              │                            │                            │ integer overflow in BMP...                                   │
│                              │                │          │              │                            │                            │ https://avd.aquasec.com/nvd/cve-2025-62171                   │
│                              ├────────────────┤          │              │                            ├────────────────────────────┼──────────────────────────────────────────────────────────────┤
│                              │ CVE-2025-66628 │          │              │                            │ 8:7.1.1.43+dfsg1-1+deb13u4 │ ImageMagick: ImageMagick Integer Overflow leading to out of  │
│                              │                │          │              │                            │                            │ bounds read (32-bit only)...                                 │
│                              │                │          │              │                            │                            │ https://avd.aquasec.com/nvd/cve-2025-66628                   │
│                              ├────────────────┤          │              │                            │                            ├──────────────────────────────────────────────────────────────┤
│                              │ CVE-2025-68618 │          │              │                            │                            │ ImageMagick: ImageMagick: Denial of Service via malicious    │
│                              │                │          │              │                            │                            │ SVG file                                                     │
│                              │                │          │              │                            │                            │ https://avd.aquasec.com/nvd/cve-2025-68618                   │
│                              ├────────────────┤          │              │                            │                            ├──────────────────────────────────────────────────────────────┤
│                              │ CVE-2025-69204 │          │              │                            │                            │ ImageMagick: ImageMagick: Denial of Service via integer      │
│                              │                │          │              │                            │                            │ overflow in SVG image processing...                          │
│                              │                │          │              │                            │                            │ https://avd.aquasec.com/nvd/cve-2025-69204                   │
│                              ├────────────────┤          │              │                            ├────────────────────────────┼──────────────────────────────────────────────────────────────┤
│                              │ CVE-2026-23952 │          │              │                            │ 8:7.1.1.43+dfsg1-1+deb13u5 │ ImageMagick: ImageMagick: Denial of Service via processing   │
│                              │                │          │              │                            │                            │ of MSL comment tags                                          │
│                              │                │          │              │                            │                            │ https://avd.aquasec.com/nvd/cve-2026-23952                   │
│                              ├────────────────┤          │              │                            ├────────────────────────────┼──────────────────────────────────────────────────────────────┤
│                              │ CVE-2026-25794 │          │              │                            │ 8:7.1.1.43+dfsg1-1+deb13u6 │ ImageMagick: ImageMagick: Denial of service and potential    │
│                              │                │          │              │                            │                            │ arbitrary code execution via integer...                      │
│                              │                │          │              │                            │                            │ https://avd.aquasec.com/nvd/cve-2026-25794                   │
│                              ├────────────────┤          │              │                            │                            ├──────────────────────────────────────────────────────────────┤
│                              │ CVE-2026-25795 │          │              │                            │                            │ ImageMagick: ImageMagick: Denial of Service due to NULL      │
│                              │                │          │              │                            │                            │ pointer dereference during temporary...                      │
│                              │                │          │              │                            │                            │ https://avd.aquasec.com/nvd/cve-2026-25795                   │
│                              ├────────────────┤          │              │                            │                            ├──────────────────────────────────────────────────────────────┤
│                              │ CVE-2026-25796 │          │              │                            │                            │ ImageMagick: ImageMagick: Denial of Service Vulnerability    │
│                              │                │          │              │                            │                            │ https://avd.aquasec.com/nvd/cve-2026-25796                   │
│                              ├────────────────┤          │              │                            │                            ├──────────────────────────────────────────────────────────────┤
│                              │ CVE-2026-25798 │          │              │                            │                            │ ImageMagick: ImageMagick: Denial of Service via crafted      │
│                              │                │          │              │                            │                            │ image file                                                   │
│                              │                │          │              │                            │                            │ https://avd.aquasec.com/nvd/cve-2026-25798                   │
│                              ├────────────────┤          │              │                            │                            ├──────────────────────────────────────────────────────────────┤
│                              │ CVE-2026-25799 │          │              │                            │                            │ ImageMagick: ImageMagick: Denial of Service via YUV sampling │
│                              │                │          │              │                            │                            │ factor validation error                                      │
│                              │                │          │              │                            │                            │ https://avd.aquasec.com/nvd/cve-2026-25799                   │
│                              ├────────────────┤          │              │                            │                            ├──────────────────────────────────────────────────────────────┤
│                              │ CVE-2026-25965 │          │              │                            │                            │ ImageMagick: ImageMagick: Local File Disclosure via Path     │
│                              │                │          │              │                            │                            │ Traversal                                                    │
│                              │                │          │              │                            │                            │ https://avd.aquasec.com/nvd/cve-2026-25965                   │
│                              ├────────────────┤          │              │                            │                            ├──────────────────────────────────────────────────────────────┤
│                              │ CVE-2026-25966 │          │              │                            │                            │ ImageMagick: ImageMagick: Policy bypass allows unauthorized  │
│                              │                │          │              │                            │                            │ access to standard streams via fd:<n>...                     │
│                              │                │          │              │                            │                            │ https://avd.aquasec.com/nvd/cve-2026-25966                   │
│                              ├────────────────┤          │              │                            │                            ├──────────────────────────────────────────────────────────────┤
│                              │ CVE-2026-25967 │          │              │                            │                            │ ImageMagick: ImageMagick: Denial of Service via crafted FTXT │
│                              │                │          │              │                            │                            │ file                                                         │
│                              │                │          │              │                            │                            │ https://avd.aquasec.com/nvd/cve-2026-25967                   │
│                              ├────────────────┤          │              │                            │                            ├──────────────────────────────────────────────────────────────┤
│                              │ CVE-2026-25969 │          │              │                            │                            │ ImageMagick: ImageMagick: Memory leak leading to denial of   │
│                              │                │          │              │                            │                            │ service via image processing...                              │
│                              │                │          │              │                            │                            │ https://avd.aquasec.com/nvd/cve-2026-25969                   │
│                              ├────────────────┤          │              │                            │                            ├──────────────────────────────────────────────────────────────┤
│                              │ CVE-2026-25970 │          │              │                            │                            │ ImageMagick: ImageMagick: Memory corruption and denial of    │
│                              │                │          │              │                            │                            │ service via signed integer overflow...                       │
│                              │                │          │              │                            │                            │ https://avd.aquasec.com/nvd/cve-2026-25970                   │
│                              ├────────────────┤          │              │                            │                            ├──────────────────────────────────────────────────────────────┤
│                              │ CVE-2026-25985 │          │              │                            │                            │ ImageMagick: Memory allocation with excessive without limits │
│                              │                │          │              │                            │                            │ in the internal SVG decoder...                               │
│                              │                │          │              │                            │                            │ https://avd.aquasec.com/nvd/cve-2026-25985                   │
│                              ├────────────────┤          │              │                            │                            ├──────────────────────────────────────────────────────────────┤
│                              │ CVE-2026-25988 │          │              │                            │                            │ ImageMagick: ImageMagick: Denial of Service due to memory    │
│                              │                │          │              │                            │                            │ leak in image processing...                                  │
│                              │                │          │              │                            │                            │ https://avd.aquasec.com/nvd/cve-2026-25988                   │
│                              ├────────────────┤          │              │                            │                            ├──────────────────────────────────────────────────────────────┤
│                              │ CVE-2026-26066 │          │              │                            │                            │ ImageMagick: ImageMagick: Denial of Service via crafted IPTC │
│                              │                │          │              │                            │                            │ data                                                         │
│                              │                │          │              │                            │                            │ https://avd.aquasec.com/nvd/cve-2026-26066                   │
│                              ├────────────────┤          │              │                            │                            ├──────────────────────────────────────────────────────────────┤
│                              │ CVE-2026-26283 │          │              │                            │                            │ ImageMagick: ImageMagick: Denial of Service via crafted      │
│                              │                │          │              │                            │                            │ image leading to an infinite...                              │
│                              │                │          │              │                            │                            │ https://avd.aquasec.com/nvd/cve-2026-26283                   │
│                              ├────────────────┤          │              │                            │                            ├──────────────────────────────────────────────────────────────┤
│                              │ CVE-2026-27798 │          │              │                            │                            │ ImageMagick: ImageMagick: Information disclosure via heap    │
│                              │                │          │              │                            │                            │ buffer over-read when processing images                      │
│                              │                │          │              │                            │                            │ https://avd.aquasec.com/nvd/cve-2026-27798                   │
│                              ├────────────────┤          │              │                            ├────────────────────────────┼──────────────────────────────────────────────────────────────┤
│                              │ CVE-2026-28691 │          │              │                            │ 8:7.1.1.43+dfsg1-1+deb13u7 │ ImageMagick: ImageMagick: Denial of Service via              │
│                              │                │          │              │                            │                            │ uninitialized pointer dereference in JBIG decoder...         │
│                              │                │          │              │                            │                            │ https://avd.aquasec.com/nvd/cve-2026-28691                   │
│                              ├────────────────┤          │              │                            │                            ├──────────────────────────────────────────────────────────────┤
│                              │ CVE-2026-28693 │          │              │                            │                            │ ImageMagick: ImageMagick: Out-of-bounds read or write due to │
│                              │                │          │              │                            │                            │ integer overflow in DIB...                                   │
│                              │                │          │              │                            │                            │ https://avd.aquasec.com/nvd/cve-2026-28693                   │
│                              ├────────────────┤          │              │                            │                            ├──────────────────────────────────────────────────────────────┤
│                              │ CVE-2026-30883 │          │              │                            │                            │ ImageMagick: ImageMagick: Denial of Service due to heap      │
│                              │                │          │              │                            │                            │ overflow when processing large...                            │
│                              │                │          │              │                            │                            │ https://avd.aquasec.com/nvd/cve-2026-30883                   │
│                              ├────────────────┤          │              │                            │                            ├──────────────────────────────────────────────────────────────┤
│                              │ CVE-2026-30929 │          │              │                            │                            │ ImageMagick: stack-based buffer overflow in MagnifyImage     │
│                              │                │          │              │                            │                            │ https://avd.aquasec.com/nvd/cve-2026-30929                   │
│                              ├────────────────┤          │              │                            │                            ├──────────────────────────────────────────────────────────────┤
│                              │ CVE-2026-30931 │          │              │                            │                            │ ImageMagick: ImageMagick: Heap-based buffer overflow leading │
│                              │                │          │              │                            │                            │ to out-of-bounds write                                       │
│                              │                │          │              │                            │                            │ https://avd.aquasec.com/nvd/cve-2026-30931                   │
│                              ├────────────────┤          │              │                            ├────────────────────────────┼──────────────────────────────────────────────────────────────┤
│                              │ CVE-2026-32636 │          │              │                            │ 8:7.1.1.43+dfsg1-1+deb13u8 │ ImageMagick: ImageMagick: Denial of Service via              │
│                              │                │          │              │                            │                            │ out-of-bounds write in NewXMLTree method                     │
│                              │                │          │              │                            │                            │ https://avd.aquasec.com/nvd/cve-2026-32636                   │
│                              ├────────────────┤          │              │                            │                            ├──────────────────────────────────────────────────────────────┤
│                              │ CVE-2026-33900 │          │              │                            │                            │ ImageMagick: Magick.NET: ImageMagick: Denial of Service via  │
│                              │                │          │              │                            │                            │ integer truncation in viff encoder...                        │
│                              │                │          │              │                            │                            │ https://avd.aquasec.com/nvd/cve-2026-33900                   │
│                              ├────────────────┤          │              │                            │                            ├──────────────────────────────────────────────────────────────┤
│                              │ CVE-2026-33901 │          │              │                            │                            │ ImageMagick: Magick.NET: ImageMagick: Denial of Service due  │
│                              │                │          │              │                            │                            │ to heap buffer overflow in...                                │
│                              │                │          │              │                            │                            │ https://avd.aquasec.com/nvd/cve-2026-33901                   │
│                              ├────────────────┤          │              │                            │                            ├──────────────────────────────────────────────────────────────┤
│                              │ CVE-2026-33905 │          │              │                            │                            │ ImageMagick: ImageMagick: Denial of service via              │
│                              │                │          │              │                            │                            │ out-of-bounds read in -sample operation                      │
│                              │                │          │              │                            │                            │ https://avd.aquasec.com/nvd/cve-2026-33905                   │
│                              ├────────────────┤          │              │                            │                            ├──────────────────────────────────────────────────────────────┤
│                              │ CVE-2026-33908 │          │              │                            │                            │ ImageMagick: Magick.NET: ImageMagick: Denial of Service via  │
│                              │                │          │              │                            │                            │ deeply nested XML file processing...                         │
│                              │                │          │              │                            │                            │ https://avd.aquasec.com/nvd/cve-2026-33908                   │
│                              ├────────────────┤          │              │                            ├────────────────────────────┼──────────────────────────────────────────────────────────────┤
│                              │ CVE-2026-45031 │          │              │                            │ 8:7.1.1.43+dfsg1-1+deb13u9 │ ImageMagick: ImageMagick: Denial of Service due to resource  │
│                              │                │          │              │                            │                            │ policy bypass in PSD...                                      │
│                              │                │          │              │                            │                            │ https://avd.aquasec.com/nvd/cve-2026-45031                   │
│                              ├────────────────┤          │              │                            │                            ├──────────────────────────────────────────────────────────────┤
│                              │ CVE-2026-45359 │          │              │                            │                            │ ImageMagick: ImageMagick: Information Disclosure via Invalid │
│                              │                │          │              │                            │                            │ Connected-Components Value                                   │
│                              │                │          │              │                            │                            │ https://avd.aquasec.com/nvd/cve-2026-45359                   │
│                              ├────────────────┤          │              │                            │                            ├──────────────────────────────────────────────────────────────┤
│                              │ CVE-2026-45664 │          │              │                            │                            │ ImageMagick: ImageMagick: Denial of Service due to excessive │
│                              │                │          │              │                            │                            │ resource use in MNG...                                       │
│                              │                │          │              │                            │                            │ https://avd.aquasec.com/nvd/cve-2026-45664                   │
│                              ├────────────────┤          │              │                            │                            ├──────────────────────────────────────────────────────────────┤
│                              │ CVE-2026-46520 │          │              │                            │                            │ ImageMagick: ImageMagick: Denial of Service via              │
│                              │                │          │              │                            │                            │ out-of-bounds write when processing multiple images...       │
│                              │                │          │              │                            │                            │ https://avd.aquasec.com/nvd/cve-2026-46520                   │
│                              ├────────────────┤          │              │                            │                            ├──────────────────────────────────────────────────────────────┤
│                              │ CVE-2026-46522 │          │              │                            │                            │ ImageMagick: ImageMagick: Denial of Service via crafted MIFF │
│                              │                │          │              │                            │                            │ file                                                         │
│                              │                │          │              │                            │                            │ https://avd.aquasec.com/nvd/cve-2026-46522                   │
│                              ├────────────────┤          │              │                            │                            ├──────────────────────────────────────────────────────────────┤
│                              │ CVE-2026-46523 │          │              │                            │                            │ ImageMagick: ImageMagick: Denial of Service via crafted MSL  │
│                              │                │          │              │                            │                            │ image leading to heap-use-after-free...                      │
│                              │                │          │              │                            │                            │ https://avd.aquasec.com/nvd/cve-2026-46523                   │
├──────────────────────────────┼────────────────┼──────────┤              │                            ├────────────────────────────┼──────────────────────────────────────────────────────────────┤
│ libmagickcore-7.q16-10-extra │ CVE-2026-22770 │ CRITICAL │              │                            │ 8:7.1.1.43+dfsg1-1+deb13u5 │ ImageMagick: ImageMagick: Denial of Service due to improper  │
│                              │                │          │              │                            │                            │ pointer initialization                                       │
│                              │                │          │              │                            │                            │ https://avd.aquasec.com/nvd/cve-2026-22770                   │
│                              ├────────────────┤          │              │                            │                            ├──────────────────────────────────────────────────────────────┤
│                              │ CVE-2026-23876 │          │              │                            │                            │ ImageMagick: ImageMagick: Arbitrary code execution via a     │
│                              │                │          │              │                            │                            │ crafted XBM image file                                       │
│                              │                │          │              │                            │                            │ https://avd.aquasec.com/nvd/cve-2026-23876                   │
│                              ├────────────────┤          │              │                            ├────────────────────────────┼──────────────────────────────────────────────────────────────┤
│                              │ CVE-2026-25897 │          │              │                            │ 8:7.1.1.43+dfsg1-1+deb13u6 │ ImageMagick: ImageMagick: Out-of-bounds heap write via       │
│                              │                │          │              │                            │                            │ integer overflow in sun decoder                              │
│                              │                │          │              │                            │                            │ https://avd.aquasec.com/nvd/cve-2026-25897                   │
│                              ├────────────────┤          │              │                            │                            ├──────────────────────────────────────────────────────────────┤
│                              │ CVE-2026-25898 │          │              │                            │                            │ ImageMagick: ImageMagick: Information disclosure or denial   │
│                              │                │          │              │                            │                            │ of service via crafted image with...                         │
│                              │                │          │              │                            │                            │ https://avd.aquasec.com/nvd/cve-2026-25898                   │
│                              ├────────────────┤          │              │                            │                            ├──────────────────────────────────────────────────────────────┤
│                              │ CVE-2026-25968 │          │              │                            │                            │ ImageMagick: ImageMagick: Memory corruption via stack buffer │
│                              │                │          │              │                            │                            │ overflow when processing an attribute...                     │
│                              │                │          │              │                            │                            │ https://avd.aquasec.com/nvd/cve-2026-25968                   │
│                              ├────────────────┤          │              │                            │                            ├──────────────────────────────────────────────────────────────┤
│                              │ CVE-2026-25971 │          │              │                            │                            │ ImageMagick: ImageMagick: Denial of Service via circular     │
│                              │                │          │              │                            │                            │ references in MSL files                                      │
│                              │                │          │              │                            │                            │ https://avd.aquasec.com/nvd/cve-2026-25971                   │
│                              ├────────────────┤          │              │                            │                            ├──────────────────────────────────────────────────────────────┤
│                              │ CVE-2026-25983 │          │              │                            │                            │ ImageMagick: ImageMagick: Denial of service via crafted MSL  │
│                              │                │          │              │                            │                            │ script                                                       │
│                              │                │          │              │                            │                            │ https://avd.aquasec.com/nvd/cve-2026-25983                   │
│                              ├────────────────┤          │              │                            │                            ├──────────────────────────────────────────────────────────────┤
│                              │ CVE-2026-25986 │          │              │                            │                            │ ImageMagick: ImageMagick: Denial of Service via malicious    │
│                              │                │          │              │                            │                            │ YUV image processing                                         │
│                              │                │          │              │                            │                            │ https://avd.aquasec.com/nvd/cve-2026-25986                   │
│                              ├────────────────┤          │              │                            │                            ├──────────────────────────────────────────────────────────────┤
│                              │ CVE-2026-25987 │          │              │                            │                            │ ImageMagick: ImageMagick: Memory disclosure and denial of    │
│                              │                │          │              │                            │                            │ service via crafted MAP files...                             │
│                              │                │          │              │                            │                            │ https://avd.aquasec.com/nvd/cve-2026-25987                   │
│                              ├────────────────┤          │              │                            │                            ├──────────────────────────────────────────────────────────────┤
│                              │ CVE-2026-26284 │          │              │                            │                            │ ImageMagick: ImageMagick: Out-of-bounds read via crafted     │
│                              │                │          │              │                            │                            │ Photo CD (PCD) files                                         │
│                              │                │          │              │                            │                            │ https://avd.aquasec.com/nvd/cve-2026-26284                   │
│                              ├────────────────┼──────────┤              │                            ├────────────────────────────┼──────────────────────────────────────────────────────────────┤
│                              │ CVE-2025-62171 │ HIGH     │              │                            │ 8:7.1.1.43+dfsg1-1+deb13u3 │ ImageMagick: ImageMagick vulnerable to denial of service via │
│                              │                │          │              │                            │                            │ integer overflow in BMP...                                   │
│                              │                │          │              │                            │                            │ https://avd.aquasec.com/nvd/cve-2025-62171                   │
│                              ├────────────────┤          │              │                            ├────────────────────────────┼──────────────────────────────────────────────────────────────┤
│                              │ CVE-2025-66628 │          │              │                            │ 8:7.1.1.43+dfsg1-1+deb13u4 │ ImageMagick: ImageMagick Integer Overflow leading to out of  │
│                              │                │          │              │                            │                            │ bounds read (32-bit only)...                                 │
│                              │                │          │              │                            │                            │ https://avd.aquasec.com/nvd/cve-2025-66628                   │
│                              ├────────────────┤          │              │                            │                            ├──────────────────────────────────────────────────────────────┤
│                              │ CVE-2025-68618 │          │              │                            │                            │ ImageMagick: ImageMagick: Denial of Service via malicious    │
│                              │                │          │              │                            │                            │ SVG file                                                     │
│                              │                │          │              │                            │                            │ https://avd.aquasec.com/nvd/cve-2025-68618                   │
│                              ├────────────────┤          │              │                            │                            ├──────────────────────────────────────────────────────────────┤
│                              │ CVE-2025-69204 │          │              │                            │                            │ ImageMagick: ImageMagick: Denial of Service via integer      │
│                              │                │          │              │                            │                            │ overflow in SVG image processing...                          │
│                              │                │          │              │                            │                            │ https://avd.aquasec.com/nvd/cve-2025-69204                   │
│                              ├────────────────┤          │              │                            ├────────────────────────────┼──────────────────────────────────────────────────────────────┤
│                              │ CVE-2026-23952 │          │              │                            │ 8:7.1.1.43+dfsg1-1+deb13u5 │ ImageMagick: ImageMagick: Denial of Service via processing   │
│                              │                │          │              │                            │                            │ of MSL comment tags                                          │
│                              │                │          │              │                            │                            │ https://avd.aquasec.com/nvd/cve-2026-23952                   │
│                              ├────────────────┤          │              │                            ├────────────────────────────┼──────────────────────────────────────────────────────────────┤
│                              │ CVE-2026-25794 │          │              │                            │ 8:7.1.1.43+dfsg1-1+deb13u6 │ ImageMagick: ImageMagick: Denial of service and potential    │
│                              │                │          │              │                            │                            │ arbitrary code execution via integer...                      │
│                              │                │          │              │                            │                            │ https://avd.aquasec.com/nvd/cve-2026-25794                   │
│                              ├────────────────┤          │              │                            │                            ├──────────────────────────────────────────────────────────────┤
│                              │ CVE-2026-25795 │          │              │                            │                            │ ImageMagick: ImageMagick: Denial of Service due to NULL      │
│                              │                │          │              │                            │                            │ pointer dereference during temporary...                      │
│                              │                │          │              │                            │                            │ https://avd.aquasec.com/nvd/cve-2026-25795                   │
│                              ├────────────────┤          │              │                            │                            ├──────────────────────────────────────────────────────────────┤
│                              │ CVE-2026-25796 │          │              │                            │                            │ ImageMagick: ImageMagick: Denial of Service Vulnerability    │
│                              │                │          │              │                            │                            │ https://avd.aquasec.com/nvd/cve-2026-25796                   │
│                              ├────────────────┤          │              │                            │                            ├──────────────────────────────────────────────────────────────┤
│                              │ CVE-2026-25798 │          │              │                            │                            │ ImageMagick: ImageMagick: Denial of Service via crafted      │
│                              │                │          │              │                            │                            │ image file                                                   │
│                              │                │          │              │                            │                            │ https://avd.aquasec.com/nvd/cve-2026-25798                   │
│                              ├────────────────┤          │              │                            │                            ├──────────────────────────────────────────────────────────────┤
│                              │ CVE-2026-25799 │          │              │                            │                            │ ImageMagick: ImageMagick: Denial of Service via YUV sampling │
│                              │                │          │              │                            │                            │ factor validation error                                      │
│                              │                │          │              │                            │                            │ https://avd.aquasec.com/nvd/cve-2026-25799                   │
│                              ├────────────────┤          │              │                            │                            ├──────────────────────────────────────────────────────────────┤
│                              │ CVE-2026-25965 │          │              │                            │                            │ ImageMagick: ImageMagick: Local File Disclosure via Path     │
│                              │                │          │              │                            │                            │ Traversal                                                    │
│                              │                │          │              │                            │                            │ https://avd.aquasec.com/nvd/cve-2026-25965                   │
│                              ├────────────────┤          │              │                            │                            ├──────────────────────────────────────────────────────────────┤
│                              │ CVE-2026-25966 │          │              │                            │                            │ ImageMagick: ImageMagick: Policy bypass allows unauthorized  │
│                              │                │          │              │                            │                            │ access to standard streams via fd:<n>...                     │
│                              │                │          │              │                            │                            │ https://avd.aquasec.com/nvd/cve-2026-25966                   │
│                              ├────────────────┤          │              │                            │                            ├──────────────────────────────────────────────────────────────┤
│                              │ CVE-2026-25967 │          │              │                            │                            │ ImageMagick: ImageMagick: Denial of Service via crafted FTXT │
│                              │                │          │              │                            │                            │ file                                                         │
│                              │                │          │              │                            │                            │ https://avd.aquasec.com/nvd/cve-2026-25967                   │
│                              ├────────────────┤          │              │                            │                            ├──────────────────────────────────────────────────────────────┤
│                              │ CVE-2026-25969 │          │              │                            │                            │ ImageMagick: ImageMagick: Memory leak leading to denial of   │
│                              │                │          │              │                            │                            │ service via image processing...                              │
│                              │                │          │              │                            │                            │ https://avd.aquasec.com/nvd/cve-2026-25969                   │
│                              ├────────────────┤          │              │                            │                            ├──────────────────────────────────────────────────────────────┤
│                              │ CVE-2026-25970 │          │              │                            │                            │ ImageMagick: ImageMagick: Memory corruption and denial of    │
│                              │                │          │              │                            │                            │ service via signed integer overflow...                       │
│                              │                │          │              │                            │                            │ https://avd.aquasec.com/nvd/cve-2026-25970                   │
│                              ├────────────────┤          │              │                            │                            ├──────────────────────────────────────────────────────────────┤
│                              │ CVE-2026-25985 │          │              │                            │                            │ ImageMagick: Memory allocation with excessive without limits │
│                              │                │          │              │                            │                            │ in the internal SVG decoder...                               │
│                              │                │          │              │                            │                            │ https://avd.aquasec.com/nvd/cve-2026-25985                   │
│                              ├────────────────┤          │              │                            │                            ├──────────────────────────────────────────────────────────────┤
│                              │ CVE-2026-25988 │          │              │                            │                            │ ImageMagick: ImageMagick: Denial of Service due to memory    │
│                              │                │          │              │                            │                            │ leak in image processing...                                  │
│                              │                │          │              │                            │                            │ https://avd.aquasec.com/nvd/cve-2026-25988                   │
│                              ├────────────────┤          │              │                            │                            ├──────────────────────────────────────────────────────────────┤
│                              │ CVE-2026-26066 │          │              │                            │                            │ ImageMagick: ImageMagick: Denial of Service via crafted IPTC │
│                              │                │          │              │                            │                            │ data                                                         │
│                              │                │          │              │                            │                            │ https://avd.aquasec.com/nvd/cve-2026-26066                   │
│                              ├────────────────┤          │              │                            │                            ├──────────────────────────────────────────────────────────────┤
│                              │ CVE-2026-26283 │          │              │                            │                            │ ImageMagick: ImageMagick: Denial of Service via crafted      │
│                              │                │          │              │                            │                            │ image leading to an infinite...                              │
│                              │                │          │              │                            │                            │ https://avd.aquasec.com/nvd/cve-2026-26283                   │
│                              ├────────────────┤          │              │                            │                            ├──────────────────────────────────────────────────────────────┤
│                              │ CVE-2026-27798 │          │              │                            │                            │ ImageMagick: ImageMagick: Information disclosure via heap    │
│                              │                │          │              │                            │                            │ buffer over-read when processing images                      │
│                              │                │          │              │                            │                            │ https://avd.aquasec.com/nvd/cve-2026-27798                   │
│                              ├────────────────┤          │              │                            ├────────────────────────────┼──────────────────────────────────────────────────────────────┤
│                              │ CVE-2026-28691 │          │              │                            │ 8:7.1.1.43+dfsg1-1+deb13u7 │ ImageMagick: ImageMagick: Denial of Service via              │
│                              │                │          │              │                            │                            │ uninitialized pointer dereference in JBIG decoder...         │
│                              │                │          │              │                            │                            │ https://avd.aquasec.com/nvd/cve-2026-28691                   │
│                              ├────────────────┤          │              │                            │                            ├──────────────────────────────────────────────────────────────┤
│                              │ CVE-2026-28693 │          │              │                            │                            │ ImageMagick: ImageMagick: Out-of-bounds read or write due to │
│                              │                │          │              │                            │                            │ integer overflow in DIB...                                   │
│                              │                │          │              │                            │                            │ https://avd.aquasec.com/nvd/cve-2026-28693                   │
│                              ├────────────────┤          │              │                            │                            ├──────────────────────────────────────────────────────────────┤
│                              │ CVE-2026-30883 │          │              │                            │                            │ ImageMagick: ImageMagick: Denial of Service due to heap      │
│                              │                │          │              │                            │                            │ overflow when processing large...                            │
│                              │                │          │              │                            │                            │ https://avd.aquasec.com/nvd/cve-2026-30883                   │
│                              ├────────────────┤          │              │                            │                            ├──────────────────────────────────────────────────────────────┤
│                              │ CVE-2026-30929 │          │              │                            │                            │ ImageMagick: stack-based buffer overflow in MagnifyImage     │
│                              │                │          │              │                            │                            │ https://avd.aquasec.com/nvd/cve-2026-30929                   │
│                              ├────────────────┤          │              │                            │                            ├──────────────────────────────────────────────────────────────┤
│                              │ CVE-2026-30931 │          │              │                            │                            │ ImageMagick: ImageMagick: Heap-based buffer overflow leading │
│                              │                │          │              │                            │                            │ to out-of-bounds write                                       │
│                              │                │          │              │                            │                            │ https://avd.aquasec.com/nvd/cve-2026-30931                   │
│                              ├────────────────┤          │              │                            ├────────────────────────────┼──────────────────────────────────────────────────────────────┤
│                              │ CVE-2026-32636 │          │              │                            │ 8:7.1.1.43+dfsg1-1+deb13u8 │ ImageMagick: ImageMagick: Denial of Service via              │
│                              │                │          │              │                            │                            │ out-of-bounds write in NewXMLTree method                     │
│                              │                │          │              │                            │                            │ https://avd.aquasec.com/nvd/cve-2026-32636                   │
│                              ├────────────────┤          │              │                            │                            ├──────────────────────────────────────────────────────────────┤
│                              │ CVE-2026-33900 │          │              │                            │                            │ ImageMagick: Magick.NET: ImageMagick: Denial of Service via  │
│                              │                │          │              │                            │                            │ integer truncation in viff encoder...                        │
│                              │                │          │              │                            │                            │ https://avd.aquasec.com/nvd/cve-2026-33900                   │
│                              ├────────────────┤          │              │                            │                            ├──────────────────────────────────────────────────────────────┤
│                              │ CVE-2026-33901 │          │              │                            │                            │ ImageMagick: Magick.NET: ImageMagick: Denial of Service due  │
│                              │                │          │              │                            │                            │ to heap buffer overflow in...                                │
│                              │                │          │              │                            │                            │ https://avd.aquasec.com/nvd/cve-2026-33901                   │
│                              ├────────────────┤          │              │                            │                            ├──────────────────────────────────────────────────────────────┤
│                              │ CVE-2026-33905 │          │              │                            │                            │ ImageMagick: ImageMagick: Denial of service via              │
│                              │                │          │              │                            │                            │ out-of-bounds read in -sample operation                      │
│                              │                │          │              │                            │                            │ https://avd.aquasec.com/nvd/cve-2026-33905                   │
│                              ├────────────────┤          │              │                            │                            ├──────────────────────────────────────────────────────────────┤
│                              │ CVE-2026-33908 │          │              │                            │                            │ ImageMagick: Magick.NET: ImageMagick: Denial of Service via  │
│                              │                │          │              │                            │                            │ deeply nested XML file processing...                         │
│                              │                │          │              │                            │                            │ https://avd.aquasec.com/nvd/cve-2026-33908                   │
│                              ├────────────────┤          │              │                            ├────────────────────────────┼──────────────────────────────────────────────────────────────┤
│                              │ CVE-2026-45031 │          │              │                            │ 8:7.1.1.43+dfsg1-1+deb13u9 │ ImageMagick: ImageMagick: Denial of Service due to resource  │
│                              │                │          │              │                            │                            │ policy bypass in PSD...                                      │
│                              │                │          │              │                            │                            │ https://avd.aquasec.com/nvd/cve-2026-45031                   │
│                              ├────────────────┤          │              │                            │                            ├──────────────────────────────────────────────────────────────┤
│                              │ CVE-2026-45359 │          │              │                            │                            │ ImageMagick: ImageMagick: Information Disclosure via Invalid │
│                              │                │          │              │                            │                            │ Connected-Components Value                                   │
│                              │                │          │              │                            │                            │ https://avd.aquasec.com/nvd/cve-2026-45359                   │
│                              ├────────────────┤          │              │                            │                            ├──────────────────────────────────────────────────────────────┤
│                              │ CVE-2026-45664 │          │              │                            │                            │ ImageMagick: ImageMagick: Denial of Service due to excessive │
│                              │                │          │              │                            │                            │ resource use in MNG...                                       │
│                              │                │          │              │                            │                            │ https://avd.aquasec.com/nvd/cve-2026-45664                   │
│                              ├────────────────┤          │              │                            │                            ├──────────────────────────────────────────────────────────────┤
│                              │ CVE-2026-46520 │          │              │                            │                            │ ImageMagick: ImageMagick: Denial of Service via              │
│                              │                │          │              │                            │                            │ out-of-bounds write when processing multiple images...       │
│                              │                │          │              │                            │                            │ https://avd.aquasec.com/nvd/cve-2026-46520                   │
│                              ├────────────────┤          │              │                            │                            ├──────────────────────────────────────────────────────────────┤
│                              │ CVE-2026-46522 │          │              │                            │                            │ ImageMagick: ImageMagick: Denial of Service via crafted MIFF │
│                              │                │          │              │                            │                            │ file                                                         │
│                              │                │          │              │                            │                            │ https://avd.aquasec.com/nvd/cve-2026-46522                   │
│                              ├────────────────┤          │              │                            │                            ├──────────────────────────────────────────────────────────────┤
│                              │ CVE-2026-46523 │          │              │                            │                            │ ImageMagick: ImageMagick: Denial of Service via crafted MSL  │
│                              │                │          │              │                            │                            │ image leading to heap-use-after-free...                      │
│                              │                │          │              │                            │                            │ https://avd.aquasec.com/nvd/cve-2026-46523                   │
├──────────────────────────────┼────────────────┼──────────┤              │                            ├────────────────────────────┼──────────────────────────────────────────────────────────────┤
│ libmagickcore-7.q16-dev      │ CVE-2026-22770 │ CRITICAL │              │                            │ 8:7.1.1.43+dfsg1-1+deb13u5 │ ImageMagick: ImageMagick: Denial of Service due to improper  │
│                              │                │          │              │                            │                            │ pointer initialization                                       │
│                              │                │          │              │                            │                            │ https://avd.aquasec.com/nvd/cve-2026-22770                   │
│                              ├────────────────┤          │              │                            │                            ├──────────────────────────────────────────────────────────────┤
│                              │ CVE-2026-23876 │          │              │                            │                            │ ImageMagick: ImageMagick: Arbitrary code execution via a     │
│                              │                │          │              │                            │                            │ crafted XBM image file                                       │
│                              │                │          │              │                            │                            │ https://avd.aquasec.com/nvd/cve-2026-23876                   │
│                              ├────────────────┤          │              │                            ├────────────────────────────┼──────────────────────────────────────────────────────────────┤
│                              │ CVE-2026-25897 │          │              │                            │ 8:7.1.1.43+dfsg1-1+deb13u6 │ ImageMagick: ImageMagick: Out-of-bounds heap write via       │
│                              │                │          │              │                            │                            │ integer overflow in sun decoder                              │
│                              │                │          │              │                            │                            │ https://avd.aquasec.com/nvd/cve-2026-25897                   │
│                              ├────────────────┤          │              │                            │                            ├──────────────────────────────────────────────────────────────┤
│                              │ CVE-2026-25898 │          │              │                            │                            │ ImageMagick: ImageMagick: Information disclosure or denial   │
│                              │                │          │              │                            │                            │ of service via crafted image with...                         │
│                              │                │          │              │                            │                            │ https://avd.aquasec.com/nvd/cve-2026-25898                   │
│                              ├────────────────┤          │              │                            │                            ├──────────────────────────────────────────────────────────────┤
│                              │ CVE-2026-25968 │          │              │                            │                            │ ImageMagick: ImageMagick: Memory corruption via stack buffer │
│                              │                │          │              │                            │                            │ overflow when processing an attribute...                     │
│                              │                │          │              │                            │                            │ https://avd.aquasec.com/nvd/cve-2026-25968                   │
│                              ├────────────────┤          │              │                            │                            ├──────────────────────────────────────────────────────────────┤
│                              │ CVE-2026-25971 │          │              │                            │                            │ ImageMagick: ImageMagick: Denial of Service via circular     │
│                              │                │          │              │                            │                            │ references in MSL files                                      │
│                              │                │          │              │                            │                            │ https://avd.aquasec.com/nvd/cve-2026-25971                   │
│                              ├────────────────┤          │              │                            │                            ├──────────────────────────────────────────────────────────────┤
│                              │ CVE-2026-25983 │          │              │                            │                            │ ImageMagick: ImageMagick: Denial of service via crafted MSL  │
│                              │                │          │              │                            │                            │ script                                                       │
│                              │                │          │              │                            │                            │ https://avd.aquasec.com/nvd/cve-2026-25983                   │
│                              ├────────────────┤          │              │                            │                            ├──────────────────────────────────────────────────────────────┤
│                              │ CVE-2026-25986 │          │              │                            │                            │ ImageMagick: ImageMagick: Denial of Service via malicious    │
│                              │                │          │              │                            │                            │ YUV image processing                                         │
│                              │                │          │              │                            │                            │ https://avd.aquasec.com/nvd/cve-2026-25986                   │
│                              ├────────────────┤          │              │                            │                            ├──────────────────────────────────────────────────────────────┤
│                              │ CVE-2026-25987 │          │              │                            │                            │ ImageMagick: ImageMagick: Memory disclosure and denial of    │
│                              │                │          │              │                            │                            │ service via crafted MAP files...                             │
│                              │                │          │              │                            │                            │ https://avd.aquasec.com/nvd/cve-2026-25987                   │
│                              ├────────────────┤          │              │                            │                            ├──────────────────────────────────────────────────────────────┤
│                              │ CVE-2026-26284 │          │              │                            │                            │ ImageMagick: ImageMagick: Out-of-bounds read via crafted     │
│                              │                │          │              │                            │                            │ Photo CD (PCD) files                                         │
│                              │                │          │              │                            │                            │ https://avd.aquasec.com/nvd/cve-2026-26284                   │
│                              ├────────────────┼──────────┤              │                            ├────────────────────────────┼──────────────────────────────────────────────────────────────┤
│                              │ CVE-2025-62171 │ HIGH     │              │                            │ 8:7.1.1.43+dfsg1-1+deb13u3 │ ImageMagick: ImageMagick vulnerable to denial of service via │
│                              │                │          │              │                            │                            │ integer overflow in BMP...                                   │
│                              │                │          │              │                            │                            │ https://avd.aquasec.com/nvd/cve-2025-62171                   │
│                              ├────────────────┤          │              │                            ├────────────────────────────┼──────────────────────────────────────────────────────────────┤
│                              │ CVE-2025-66628 │          │              │                            │ 8:7.1.1.43+dfsg1-1+deb13u4 │ ImageMagick: ImageMagick Integer Overflow leading to out of  │
│                              │                │          │              │                            │                            │ bounds read (32-bit only)...                                 │
│                              │                │          │              │                            │                            │ https://avd.aquasec.com/nvd/cve-2025-66628                   │
│                              ├────────────────┤          │              │                            │                            ├──────────────────────────────────────────────────────────────┤
│                              │ CVE-2025-68618 │          │              │                            │                            │ ImageMagick: ImageMagick: Denial of Service via malicious    │
│                              │                │          │              │                            │                            │ SVG file                                                     │
│                              │                │          │              │                            │                            │ https://avd.aquasec.com/nvd/cve-2025-68618                   │
│                              ├────────────────┤          │              │                            │                            ├──────────────────────────────────────────────────────────────┤
│                              │ CVE-2025-69204 │          │              │                            │                            │ ImageMagick: ImageMagick: Denial of Service via integer      │
│                              │                │          │              │                            │                            │ overflow in SVG image processing...                          │
│                              │                │          │              │                            │                            │ https://avd.aquasec.com/nvd/cve-2025-69204                   │
│                              ├────────────────┤          │              │                            ├────────────────────────────┼──────────────────────────────────────────────────────────────┤
│                              │ CVE-2026-23952 │          │              │                            │ 8:7.1.1.43+dfsg1-1+deb13u5 │ ImageMagick: ImageMagick: Denial of Service via processing   │
│                              │                │          │              │                            │                            │ of MSL comment tags                                          │
│                              │                │          │              │                            │                            │ https://avd.aquasec.com/nvd/cve-2026-23952                   │
│                              ├────────────────┤          │              │                            ├────────────────────────────┼──────────────────────────────────────────────────────────────┤
│                              │ CVE-2026-25794 │          │              │                            │ 8:7.1.1.43+dfsg1-1+deb13u6 │ ImageMagick: ImageMagick: Denial of service and potential    │
│                              │                │          │              │                            │                            │ arbitrary code execution via integer...                      │
│                              │                │          │              │                            │                            │ https://avd.aquasec.com/nvd/cve-2026-25794                   │
│                              ├────────────────┤          │              │                            │                            ├──────────────────────────────────────────────────────────────┤
│                              │ CVE-2026-25795 │          │              │                            │                            │ ImageMagick: ImageMagick: Denial of Service due to NULL      │
│                              │                │          │              │                            │                            │ pointer dereference during temporary...                      │
│                              │                │          │              │                            │                            │ https://avd.aquasec.com/nvd/cve-2026-25795                   │
│                              ├────────────────┤          │              │                            │                            ├──────────────────────────────────────────────────────────────┤
│                              │ CVE-2026-25796 │          │              │                            │                            │ ImageMagick: ImageMagick: Denial of Service Vulnerability    │
│                              │                │          │              │                            │                            │ https://avd.aquasec.com/nvd/cve-2026-25796                   │
│                              ├────────────────┤          │              │                            │                            ├──────────────────────────────────────────────────────────────┤
│                              │ CVE-2026-25798 │          │              │                            │                            │ ImageMagick: ImageMagick: Denial of Service via crafted      │
│                              │                │          │              │                            │                            │ image file                                                   │
│                              │                │          │              │                            │                            │ https://avd.aquasec.com/nvd/cve-2026-25798                   │
│                              ├────────────────┤          │              │                            │                            ├──────────────────────────────────────────────────────────────┤
│                              │ CVE-2026-25799 │          │              │                            │                            │ ImageMagick: ImageMagick: Denial of Service via YUV sampling │
│                              │                │          │              │                            │                            │ factor validation error                                      │
│                              │                │          │              │                            │                            │ https://avd.aquasec.com/nvd/cve-2026-25799                   │
│                              ├────────────────┤          │              │                            │                            ├──────────────────────────────────────────────────────────────┤
│                              │ CVE-2026-25965 │          │              │                            │                            │ ImageMagick: ImageMagick: Local File Disclosure via Path     │
│                              │                │          │              │                            │                            │ Traversal                                                    │
│                              │                │          │              │                            │                            │ https://avd.aquasec.com/nvd/cve-2026-25965                   │
│                              ├────────────────┤          │              │                            │                            ├──────────────────────────────────────────────────────────────┤
│                              │ CVE-2026-25966 │          │              │                            │                            │ ImageMagick: ImageMagick: Policy bypass allows unauthorized  │
│                              │                │          │              │                            │                            │ access to standard streams via fd:<n>...                     │
│                              │                │          │              │                            │                            │ https://avd.aquasec.com/nvd/cve-2026-25966                   │
│                              ├────────────────┤          │              │                            │                            ├──────────────────────────────────────────────────────────────┤
│                              │ CVE-2026-25967 │          │              │                            │                            │ ImageMagick: ImageMagick: Denial of Service via crafted FTXT │
│                              │                │          │              │                            │                            │ file                                                         │
│                              │                │          │              │                            │                            │ https://avd.aquasec.com/nvd/cve-2026-25967                   │
│                              ├────────────────┤          │              │                            │                            ├──────────────────────────────────────────────────────────────┤
│                              │ CVE-2026-25969 │          │              │                            │                            │ ImageMagick: ImageMagick: Memory leak leading to denial of   │
│                              │                │          │              │                            │                            │ service via image processing...                              │
│                              │                │          │              │                            │                            │ https://avd.aquasec.com/nvd/cve-2026-25969                   │
│                              ├────────────────┤          │              │                            │                            ├──────────────────────────────────────────────────────────────┤
│                              │ CVE-2026-25970 │          │              │                            │                            │ ImageMagick: ImageMagick: Memory corruption and denial of    │
│                              │                │          │              │                            │                            │ service via signed integer overflow...                       │
│                              │                │          │              │                            │                            │ https://avd.aquasec.com/nvd/cve-2026-25970                   │
│                              ├────────────────┤          │              │                            │                            ├──────────────────────────────────────────────────────────────┤
│                              │ CVE-2026-25985 │          │              │                            │                            │ ImageMagick: Memory allocation with excessive without limits │
│                              │                │          │              │                            │                            │ in the internal SVG decoder...                               │
│                              │                │          │              │                            │                            │ https://avd.aquasec.com/nvd/cve-2026-25985                   │
│                              ├────────────────┤          │              │                            │                            ├──────────────────────────────────────────────────────────────┤
│                              │ CVE-2026-25988 │          │              │                            │                            │ ImageMagick: ImageMagick: Denial of Service due to memory    │
│                              │                │          │              │                            │                            │ leak in image processing...                                  │
│                              │                │          │              │                            │                            │ https://avd.aquasec.com/nvd/cve-2026-25988                   │
│                              ├────────────────┤          │              │                            │                            ├──────────────────────────────────────────────────────────────┤
│                              │ CVE-2026-26066 │          │              │                            │                            │ ImageMagick: ImageMagick: Denial of Service via crafted IPTC │
│                              │                │          │              │                            │                            │ data                                                         │
│                              │                │          │              │                            │                            │ https://avd.aquasec.com/nvd/cve-2026-26066                   │
│                              ├────────────────┤          │              │                            │                            ├──────────────────────────────────────────────────────────────┤
│                              │ CVE-2026-26283 │          │              │                            │                            │ ImageMagick: ImageMagick: Denial of Service via crafted      │
│                              │                │          │              │                            │                            │ image leading to an infinite...                              │
│                              │                │          │              │                            │                            │ https://avd.aquasec.com/nvd/cve-2026-26283                   │
│                              ├────────────────┤          │              │                            │                            ├──────────────────────────────────────────────────────────────┤
│                              │ CVE-2026-27798 │          │              │                            │                            │ ImageMagick: ImageMagick: Information disclosure via heap    │
│                              │                │          │              │                            │                            │ buffer over-read when processing images                      │
│                              │                │          │              │                            │                            │ https://avd.aquasec.com/nvd/cve-2026-27798                   │
│                              ├────────────────┤          │              │                            ├────────────────────────────┼──────────────────────────────────────────────────────────────┤
│                              │ CVE-2026-28691 │          │              │                            │ 8:7.1.1.43+dfsg1-1+deb13u7 │ ImageMagick: ImageMagick: Denial of Service via              │
│                              │                │          │              │                            │                            │ uninitialized pointer dereference in JBIG decoder...         │
│                              │                │          │              │                            │                            │ https://avd.aquasec.com/nvd/cve-2026-28691                   │
│                              ├────────────────┤          │              │                            │                            ├──────────────────────────────────────────────────────────────┤
│                              │ CVE-2026-28693 │          │              │                            │                            │ ImageMagick: ImageMagick: Out-of-bounds read or write due to │
│                              │                │          │              │                            │                            │ integer overflow in DIB...                                   │
│                              │                │          │              │                            │                            │ https://avd.aquasec.com/nvd/cve-2026-28693                   │
│                              ├────────────────┤          │              │                            │                            ├──────────────────────────────────────────────────────────────┤
│                              │ CVE-2026-30883 │          │              │                            │                            │ ImageMagick: ImageMagick: Denial of Service due to heap      │
│                              │                │          │              │                            │                            │ overflow when processing large...                            │
│                              │                │          │              │                            │                            │ https://avd.aquasec.com/nvd/cve-2026-30883                   │
│                              ├────────────────┤          │              │                            │                            ├──────────────────────────────────────────────────────────────┤
│                              │ CVE-2026-30929 │          │              │                            │                            │ ImageMagick: stack-based buffer overflow in MagnifyImage     │
│                              │                │          │              │                            │                            │ https://avd.aquasec.com/nvd/cve-2026-30929                   │
│                              ├────────────────┤          │              │                            │                            ├──────────────────────────────────────────────────────────────┤
│                              │ CVE-2026-30931 │          │              │                            │                            │ ImageMagick: ImageMagick: Heap-based buffer overflow leading │
│                              │                │          │              │                            │                            │ to out-of-bounds write                                       │
│                              │                │          │              │                            │                            │ https://avd.aquasec.com/nvd/cve-2026-30931                   │
│                              ├────────────────┤          │              │                            ├────────────────────────────┼──────────────────────────────────────────────────────────────┤
│                              │ CVE-2026-32636 │          │              │                            │ 8:7.1.1.43+dfsg1-1+deb13u8 │ ImageMagick: ImageMagick: Denial of Service via              │
│                              │                │          │              │                            │                            │ out-of-bounds write in NewXMLTree method                     │
│                              │                │          │              │                            │                            │ https://avd.aquasec.com/nvd/cve-2026-32636                   │
│                              ├────────────────┤          │              │                            │                            ├──────────────────────────────────────────────────────────────┤
│                              │ CVE-2026-33900 │          │              │                            │                            │ ImageMagick: Magick.NET: ImageMagick: Denial of Service via  │
│                              │                │          │              │                            │                            │ integer truncation in viff encoder...                        │
│                              │                │          │              │                            │                            │ https://avd.aquasec.com/nvd/cve-2026-33900                   │
│                              ├────────────────┤          │              │                            │                            ├──────────────────────────────────────────────────────────────┤
│                              │ CVE-2026-33901 │          │              │                            │                            │ ImageMagick: Magick.NET: ImageMagick: Denial of Service due  │
│                              │                │          │              │                            │                            │ to heap buffer overflow in...                                │
│                              │                │          │              │                            │                            │ https://avd.aquasec.com/nvd/cve-2026-33901                   │
│                              ├────────────────┤          │              │                            │                            ├──────────────────────────────────────────────────────────────┤
│                              │ CVE-2026-33905 │          │              │                            │                            │ ImageMagick: ImageMagick: Denial of service via              │
│                              │                │          │              │                            │                            │ out-of-bounds read in -sample operation                      │
│                              │                │          │              │                            │                            │ https://avd.aquasec.com/nvd/cve-2026-33905                   │
│                              ├────────────────┤          │              │                            │                            ├──────────────────────────────────────────────────────────────┤
│                              │ CVE-2026-33908 │          │              │                            │                            │ ImageMagick: Magick.NET: ImageMagick: Denial of Service via  │
│                              │                │          │              │                            │                            │ deeply nested XML file processing...                         │
│                              │                │          │              │                            │                            │ https://avd.aquasec.com/nvd/cve-2026-33908                   │
│                              ├────────────────┤          │              │                            ├────────────────────────────┼──────────────────────────────────────────────────────────────┤
│                              │ CVE-2026-45031 │          │              │                            │ 8:7.1.1.43+dfsg1-1+deb13u9 │ ImageMagick: ImageMagick: Denial of Service due to resource  │
│                              │                │          │              │                            │                            │ policy bypass in PSD...                                      │
│                              │                │          │              │                            │                            │ https://avd.aquasec.com/nvd/cve-2026-45031                   │
│                              ├────────────────┤          │              │                            │                            ├──────────────────────────────────────────────────────────────┤
│                              │ CVE-2026-45359 │          │              │                            │                            │ ImageMagick: ImageMagick: Information Disclosure via Invalid │
│                              │                │          │              │                            │                            │ Connected-Components Value                                   │
│                              │                │          │              │                            │                            │ https://avd.aquasec.com/nvd/cve-2026-45359                   │
│                              ├────────────────┤          │              │                            │                            ├──────────────────────────────────────────────────────────────┤
│                              │ CVE-2026-45664 │          │              │                            │                            │ ImageMagick: ImageMagick: Denial of Service due to excessive │
│                              │                │          │              │                            │                            │ resource use in MNG...                                       │
│                              │                │          │              │                            │                            │ https://avd.aquasec.com/nvd/cve-2026-45664                   │
│                              ├────────────────┤          │              │                            │                            ├──────────────────────────────────────────────────────────────┤
│                              │ CVE-2026-46520 │          │              │                            │                            │ ImageMagick: ImageMagick: Denial of Service via              │
│                              │                │          │              │                            │                            │ out-of-bounds write when processing multiple images...       │
│                              │                │          │              │                            │                            │ https://avd.aquasec.com/nvd/cve-2026-46520                   │
│                              ├────────────────┤          │              │                            │                            ├──────────────────────────────────────────────────────────────┤
│                              │ CVE-2026-46522 │          │              │                            │                            │ ImageMagick: ImageMagick: Denial of Service via crafted MIFF │
│                              │                │          │              │                            │                            │ file                                                         │
│                              │                │          │              │                            │                            │ https://avd.aquasec.com/nvd/cve-2026-46522                   │
│                              ├────────────────┤          │              │                            │                            ├──────────────────────────────────────────────────────────────┤
│                              │ CVE-2026-46523 │          │              │                            │                            │ ImageMagick: ImageMagick: Denial of Service via crafted MSL  │
│                              │                │          │              │                            │                            │ image leading to heap-use-after-free...                      │
│                              │                │          │              │                            │                            │ https://avd.aquasec.com/nvd/cve-2026-46523                   │
├──────────────────────────────┼────────────────┼──────────┤              │                            ├────────────────────────────┼──────────────────────────────────────────────────────────────┤
│ libmagickcore-dev            │ CVE-2026-22770 │ CRITICAL │              │                            │ 8:7.1.1.43+dfsg1-1+deb13u5 │ ImageMagick: ImageMagick: Denial of Service due to improper  │
│                              │                │          │              │                            │                            │ pointer initialization                                       │
│                              │                │          │              │                            │                            │ https://avd.aquasec.com/nvd/cve-2026-22770                   │
│                              ├────────────────┤          │              │                            │                            ├──────────────────────────────────────────────────────────────┤
│                              │ CVE-2026-23876 │          │              │                            │                            │ ImageMagick: ImageMagick: Arbitrary code execution via a     │
│                              │                │          │              │                            │                            │ crafted XBM image file                                       │
│                              │                │          │              │                            │                            │ https://avd.aquasec.com/nvd/cve-2026-23876                   │
│                              ├────────────────┤          │              │                            ├────────────────────────────┼──────────────────────────────────────────────────────────────┤
│                              │ CVE-2026-25897 │          │              │                            │ 8:7.1.1.43+dfsg1-1+deb13u6 │ ImageMagick: ImageMagick: Out-of-bounds heap write via       │
│                              │                │          │              │                            │                            │ integer overflow in sun decoder                              │
│                              │                │          │              │                            │                            │ https://avd.aquasec.com/nvd/cve-2026-25897                   │
│                              ├────────────────┤          │              │                            │                            ├──────────────────────────────────────────────────────────────┤
│                              │ CVE-2026-25898 │          │              │                            │                            │ ImageMagick: ImageMagick: Information disclosure or denial   │
│                              │                │          │              │                            │                            │ of service via crafted image with...                         │
│                              │                │          │              │                            │                            │ https://avd.aquasec.com/nvd/cve-2026-25898                   │
│                              ├────────────────┤          │              │                            │                            ├──────────────────────────────────────────────────────────────┤
│                              │ CVE-2026-25968 │          │              │                            │                            │ ImageMagick: ImageMagick: Memory corruption via stack buffer │
│                              │                │          │              │                            │                            │ overflow when processing an attribute...                     │
│                              │                │          │              │                            │                            │ https://avd.aquasec.com/nvd/cve-2026-25968                   │
│                              ├────────────────┤          │              │                            │                            ├──────────────────────────────────────────────────────────────┤
│                              │ CVE-2026-25971 │          │              │                            │                            │ ImageMagick: ImageMagick: Denial of Service via circular     │
│                              │                │          │              │                            │                            │ references in MSL files                                      │
│                              │                │          │              │                            │                            │ https://avd.aquasec.com/nvd/cve-2026-25971                   │
│                              ├────────────────┤          │              │                            │                            ├──────────────────────────────────────────────────────────────┤
│                              │ CVE-2026-25983 │          │              │                            │                            │ ImageMagick: ImageMagick: Denial of service via crafted MSL  │
│                              │                │          │              │                            │                            │ script                                                       │
│                              │                │          │              │                            │                            │ https://avd.aquasec.com/nvd/cve-2026-25983                   │
│                              ├────────────────┤          │              │                            │                            ├──────────────────────────────────────────────────────────────┤
│                              │ CVE-2026-25986 │          │              │                            │                            │ ImageMagick: ImageMagick: Denial of Service via malicious    │
│                              │                │          │              │                            │                            │ YUV image processing                                         │
│                              │                │          │              │                            │                            │ https://avd.aquasec.com/nvd/cve-2026-25986                   │
│                              ├────────────────┤          │              │                            │                            ├──────────────────────────────────────────────────────────────┤
│                              │ CVE-2026-25987 │          │              │                            │                            │ ImageMagick: ImageMagick: Memory disclosure and denial of    │
│                              │                │          │              │                            │                            │ service via crafted MAP files...                             │
│                              │                │          │              │                            │                            │ https://avd.aquasec.com/nvd/cve-2026-25987                   │
│                              ├────────────────┤          │              │                            │                            ├──────────────────────────────────────────────────────────────┤
│                              │ CVE-2026-26284 │          │              │                            │                            │ ImageMagick: ImageMagick: Out-of-bounds read via crafted     │
│                              │                │          │              │                            │                            │ Photo CD (PCD) files                                         │
│                              │                │          │              │                            │                            │ https://avd.aquasec.com/nvd/cve-2026-26284                   │
│                              ├────────────────┼──────────┤              │                            ├────────────────────────────┼──────────────────────────────────────────────────────────────┤
│                              │ CVE-2025-62171 │ HIGH     │              │                            │ 8:7.1.1.43+dfsg1-1+deb13u3 │ ImageMagick: ImageMagick vulnerable to denial of service via │
│                              │                │          │              │                            │                            │ integer overflow in BMP...                                   │
│                              │                │          │              │                            │                            │ https://avd.aquasec.com/nvd/cve-2025-62171                   │
│                              ├────────────────┤          │              │                            ├────────────────────────────┼──────────────────────────────────────────────────────────────┤
│                              │ CVE-2025-66628 │          │              │                            │ 8:7.1.1.43+dfsg1-1+deb13u4 │ ImageMagick: ImageMagick Integer Overflow leading to out of  │
│                              │                │          │              │                            │                            │ bounds read (32-bit only)...                                 │
│                              │                │          │              │                            │                            │ https://avd.aquasec.com/nvd/cve-2025-66628                   │
│                              ├────────────────┤          │              │                            │                            ├──────────────────────────────────────────────────────────────┤
│                              │ CVE-2025-68618 │          │              │                            │                            │ ImageMagick: ImageMagick: Denial of Service via malicious    │
│                              │                │          │              │                            │                            │ SVG file                                                     │
│                              │                │          │              │                            │                            │ https://avd.aquasec.com/nvd/cve-2025-68618                   │
│                              ├────────────────┤          │              │                            │                            ├──────────────────────────────────────────────────────────────┤
│                              │ CVE-2025-69204 │          │              │                            │                            │ ImageMagick: ImageMagick: Denial of Service via integer      │
│                              │                │          │              │                            │                            │ overflow in SVG image processing...                          │
│                              │                │          │              │                            │                            │ https://avd.aquasec.com/nvd/cve-2025-69204                   │
│                              ├────────────────┤          │              │                            ├────────────────────────────┼──────────────────────────────────────────────────────────────┤
│                              │ CVE-2026-23952 │          │              │                            │ 8:7.1.1.43+dfsg1-1+deb13u5 │ ImageMagick: ImageMagick: Denial of Service via processing   │
│                              │                │          │              │                            │                            │ of MSL comment tags                                          │
│                              │                │          │              │                            │                            │ https://avd.aquasec.com/nvd/cve-2026-23952                   │
│                              ├────────────────┤          │              │                            ├────────────────────────────┼──────────────────────────────────────────────────────────────┤
│                              │ CVE-2026-25794 │          │              │                            │ 8:7.1.1.43+dfsg1-1+deb13u6 │ ImageMagick: ImageMagick: Denial of service and potential    │
│                              │                │          │              │                            │                            │ arbitrary code execution via integer...                      │
│                              │                │          │              │                            │                            │ https://avd.aquasec.com/nvd/cve-2026-25794                   │
│                              ├────────────────┤          │              │                            │                            ├──────────────────────────────────────────────────────────────┤
│                              │ CVE-2026-25795 │          │              │                            │                            │ ImageMagick: ImageMagick: Denial of Service due to NULL      │
│                              │                │          │              │                            │                            │ pointer dereference during temporary...                      │
│                              │                │          │              │                            │                            │ https://avd.aquasec.com/nvd/cve-2026-25795                   │
│                              ├────────────────┤          │              │                            │                            ├──────────────────────────────────────────────────────────────┤
│                              │ CVE-2026-25796 │          │              │                            │                            │ ImageMagick: ImageMagick: Denial of Service Vulnerability    │
│                              │                │          │              │                            │                            │ https://avd.aquasec.com/nvd/cve-2026-25796                   │
│                              ├────────────────┤          │              │                            │                            ├──────────────────────────────────────────────────────────────┤
│                              │ CVE-2026-25798 │          │              │                            │                            │ ImageMagick: ImageMagick: Denial of Service via crafted      │
│                              │                │          │              │                            │                            │ image file                                                   │
│                              │                │          │              │                            │                            │ https://avd.aquasec.com/nvd/cve-2026-25798                   │
│                              ├────────────────┤          │              │                            │                            ├──────────────────────────────────────────────────────────────┤
│                              │ CVE-2026-25799 │          │              │                            │                            │ ImageMagick: ImageMagick: Denial of Service via YUV sampling │
│                              │                │          │              │                            │                            │ factor validation error                                      │
│                              │                │          │              │                            │                            │ https://avd.aquasec.com/nvd/cve-2026-25799                   │
│                              ├────────────────┤          │              │                            │                            ├──────────────────────────────────────────────────────────────┤
│                              │ CVE-2026-25965 │          │              │                            │                            │ ImageMagick: ImageMagick: Local File Disclosure via Path     │
│                              │                │          │              │                            │                            │ Traversal                                                    │
│                              │                │          │              │                            │                            │ https://avd.aquasec.com/nvd/cve-2026-25965                   │
│                              ├────────────────┤          │              │                            │                            ├──────────────────────────────────────────────────────────────┤
│                              │ CVE-2026-25966 │          │              │                            │                            │ ImageMagick: ImageMagick: Policy bypass allows unauthorized  │
│                              │                │          │              │                            │                            │ access to standard streams via fd:<n>...                     │
│                              │                │          │              │                            │                            │ https://avd.aquasec.com/nvd/cve-2026-25966                   │
│                              ├────────────────┤          │              │                            │                            ├──────────────────────────────────────────────────────────────┤
│                              │ CVE-2026-25967 │          │              │                            │                            │ ImageMagick: ImageMagick: Denial of Service via crafted FTXT │
│                              │                │          │              │                            │                            │ file                                                         │
│                              │                │          │              │                            │                            │ https://avd.aquasec.com/nvd/cve-2026-25967                   │
│                              ├────────────────┤          │              │                            │                            ├──────────────────────────────────────────────────────────────┤
│                              │ CVE-2026-25969 │          │              │                            │                            │ ImageMagick: ImageMagick: Memory leak leading to denial of   │
│                              │                │          │              │                            │                            │ service via image processing...                              │
│                              │                │          │              │                            │                            │ https://avd.aquasec.com/nvd/cve-2026-25969                   │
│                              ├────────────────┤          │              │                            │                            ├──────────────────────────────────────────────────────────────┤
│                              │ CVE-2026-25970 │          │              │                            │                            │ ImageMagick: ImageMagick: Memory corruption and denial of    │
│                              │                │          │              │                            │                            │ service via signed integer overflow...                       │
│                              │                │          │              │                            │                            │ https://avd.aquasec.com/nvd/cve-2026-25970                   │
│                              ├────────────────┤          │              │                            │                            ├──────────────────────────────────────────────────────────────┤
│                              │ CVE-2026-25985 │          │              │                            │                            │ ImageMagick: Memory allocation with excessive without limits │
│                              │                │          │              │                            │                            │ in the internal SVG decoder...                               │
│                              │                │          │              │                            │                            │ https://avd.aquasec.com/nvd/cve-2026-25985                   │
│                              ├────────────────┤          │              │                            │                            ├──────────────────────────────────────────────────────────────┤
│                              │ CVE-2026-25988 │          │              │                            │                            │ ImageMagick: ImageMagick: Denial of Service due to memory    │
│                              │                │          │              │                            │                            │ leak in image processing...                                  │
│                              │                │          │              │                            │                            │ https://avd.aquasec.com/nvd/cve-2026-25988                   │
│                              ├────────────────┤          │              │                            │                            ├──────────────────────────────────────────────────────────────┤
│                              │ CVE-2026-26066 │          │              │                            │                            │ ImageMagick: ImageMagick: Denial of Service via crafted IPTC │
│                              │                │          │              │                            │                            │ data                                                         │
│                              │                │          │              │                            │                            │ https://avd.aquasec.com/nvd/cve-2026-26066                   │
│                              ├────────────────┤          │              │                            │                            ├──────────────────────────────────────────────────────────────┤
│                              │ CVE-2026-26283 │          │              │                            │                            │ ImageMagick: ImageMagick: Denial of Service via crafted      │
│                              │                │          │              │                            │                            │ image leading to an infinite...                              │
│                              │                │          │              │                            │                            │ https://avd.aquasec.com/nvd/cve-2026-26283                   │
│                              ├────────────────┤          │              │                            │                            ├──────────────────────────────────────────────────────────────┤
│                              │ CVE-2026-27798 │          │              │                            │                            │ ImageMagick: ImageMagick: Information disclosure via heap    │
│                              │                │          │              │                            │                            │ buffer over-read when processing images                      │
│                              │                │          │              │                            │                            │ https://avd.aquasec.com/nvd/cve-2026-27798                   │
│                              ├────────────────┤          │              │                            ├────────────────────────────┼──────────────────────────────────────────────────────────────┤
│                              │ CVE-2026-28691 │          │              │                            │ 8:7.1.1.43+dfsg1-1+deb13u7 │ ImageMagick: ImageMagick: Denial of Service via              │
│                              │                │          │              │                            │                            │ uninitialized pointer dereference in JBIG decoder...         │
│                              │                │          │              │                            │                            │ https://avd.aquasec.com/nvd/cve-2026-28691                   │
│                              ├────────────────┤          │              │                            │                            ├──────────────────────────────────────────────────────────────┤
│                              │ CVE-2026-28693 │          │              │                            │                            │ ImageMagick: ImageMagick: Out-of-bounds read or write due to │
│                              │                │          │              │                            │                            │ integer overflow in DIB...                                   │
│                              │                │          │              │                            │                            │ https://avd.aquasec.com/nvd/cve-2026-28693                   │
│                              ├────────────────┤          │              │                            │                            ├──────────────────────────────────────────────────────────────┤
│                              │ CVE-2026-30883 │          │              │                            │                            │ ImageMagick: ImageMagick: Denial of Service due to heap      │
│                              │                │          │              │                            │                            │ overflow when processing large...                            │
│                              │                │          │              │                            │                            │ https://avd.aquasec.com/nvd/cve-2026-30883                   │
│                              ├────────────────┤          │              │                            │                            ├──────────────────────────────────────────────────────────────┤
│                              │ CVE-2026-30929 │          │              │                            │                            │ ImageMagick: stack-based buffer overflow in MagnifyImage     │
│                              │                │          │              │                            │                            │ https://avd.aquasec.com/nvd/cve-2026-30929                   │
│                              ├────────────────┤          │              │                            │                            ├──────────────────────────────────────────────────────────────┤
│                              │ CVE-2026-30931 │          │              │                            │                            │ ImageMagick: ImageMagick: Heap-based buffer overflow leading │
│                              │                │          │              │                            │                            │ to out-of-bounds write                                       │
│                              │                │          │              │                            │                            │ https://avd.aquasec.com/nvd/cve-2026-30931                   │
│                              ├────────────────┤          │              │                            ├────────────────────────────┼──────────────────────────────────────────────────────────────┤
│                              │ CVE-2026-32636 │          │              │                            │ 8:7.1.1.43+dfsg1-1+deb13u8 │ ImageMagick: ImageMagick: Denial of Service via              │
│                              │                │          │              │                            │                            │ out-of-bounds write in NewXMLTree method                     │
│                              │                │          │              │                            │                            │ https://avd.aquasec.com/nvd/cve-2026-32636                   │
│                              ├────────────────┤          │              │                            │                            ├──────────────────────────────────────────────────────────────┤
│                              │ CVE-2026-33900 │          │              │                            │                            │ ImageMagick: Magick.NET: ImageMagick: Denial of Service via  │
│                              │                │          │              │                            │                            │ integer truncation in viff encoder...                        │
│                              │                │          │              │                            │                            │ https://avd.aquasec.com/nvd/cve-2026-33900                   │
│                              ├────────────────┤          │              │                            │                            ├──────────────────────────────────────────────────────────────┤
│                              │ CVE-2026-33901 │          │              │                            │                            │ ImageMagick: Magick.NET: ImageMagick: Denial of Service due  │
│                              │                │          │              │                            │                            │ to heap buffer overflow in...                                │
│                              │                │          │              │                            │                            │ https://avd.aquasec.com/nvd/cve-2026-33901                   │
│                              ├────────────────┤          │              │                            │                            ├──────────────────────────────────────────────────────────────┤
│                              │ CVE-2026-33905 │          │              │                            │                            │ ImageMagick: ImageMagick: Denial of service via              │
│                              │                │          │              │                            │                            │ out-of-bounds read in -sample operation                      │
│                              │                │          │              │                            │                            │ https://avd.aquasec.com/nvd/cve-2026-33905                   │
│                              ├────────────────┤          │              │                            │                            ├──────────────────────────────────────────────────────────────┤
│                              │ CVE-2026-33908 │          │              │                            │                            │ ImageMagick: Magick.NET: ImageMagick: Denial of Service via  │
│                              │                │          │              │                            │                            │ deeply nested XML file processing...                         │
│                              │                │          │              │                            │                            │ https://avd.aquasec.com/nvd/cve-2026-33908                   │
│                              ├────────────────┤          │              │                            ├────────────────────────────┼──────────────────────────────────────────────────────────────┤
│                              │ CVE-2026-45031 │          │              │                            │ 8:7.1.1.43+dfsg1-1+deb13u9 │ ImageMagick: ImageMagick: Denial of Service due to resource  │
│                              │                │          │              │                            │                            │ policy bypass in PSD...                                      │
│                              │                │          │              │                            │                            │ https://avd.aquasec.com/nvd/cve-2026-45031                   │
│                              ├────────────────┤          │              │                            │                            ├──────────────────────────────────────────────────────────────┤
│                              │ CVE-2026-45359 │          │              │                            │                            │ ImageMagick: ImageMagick: Information Disclosure via Invalid │
│                              │                │          │              │                            │                            │ Connected-Components Value                                   │
│                              │                │          │              │                            │                            │ https://avd.aquasec.com/nvd/cve-2026-45359                   │
│                              ├────────────────┤          │              │                            │                            ├──────────────────────────────────────────────────────────────┤
│                              │ CVE-2026-45664 │          │              │                            │                            │ ImageMagick: ImageMagick: Denial of Service due to excessive │
│                              │                │          │              │                            │                            │ resource use in MNG...                                       │
│                              │                │          │              │                            │                            │ https://avd.aquasec.com/nvd/cve-2026-45664                   │
│                              ├────────────────┤          │              │                            │                            ├──────────────────────────────────────────────────────────────┤
│                              │ CVE-2026-46520 │          │              │                            │                            │ ImageMagick: ImageMagick: Denial of Service via              │
│                              │                │          │              │                            │                            │ out-of-bounds write when processing multiple images...       │
│                              │                │          │              │                            │                            │ https://avd.aquasec.com/nvd/cve-2026-46520                   │
│                              ├────────────────┤          │              │                            │                            ├──────────────────────────────────────────────────────────────┤
│                              │ CVE-2026-46522 │          │              │                            │                            │ ImageMagick: ImageMagick: Denial of Service via crafted MIFF │
│                              │                │          │              │                            │                            │ file                                                         │
│                              │                │          │              │                            │                            │ https://avd.aquasec.com/nvd/cve-2026-46522                   │
│                              ├────────────────┤          │              │                            │                            ├──────────────────────────────────────────────────────────────┤
│                              │ CVE-2026-46523 │          │              │                            │                            │ ImageMagick: ImageMagick: Denial of Service via crafted MSL  │
│                              │                │          │              │                            │                            │ image leading to heap-use-after-free...                      │
│                              │                │          │              │                            │                            │ https://avd.aquasec.com/nvd/cve-2026-46523                   │
├──────────────────────────────┼────────────────┼──────────┤              │                            ├────────────────────────────┼──────────────────────────────────────────────────────────────┤
│ libmagickwand-7-headers      │ CVE-2026-22770 │ CRITICAL │              │                            │ 8:7.1.1.43+dfsg1-1+deb13u5 │ ImageMagick: ImageMagick: Denial of Service due to improper  │
│                              │                │          │              │                            │                            │ pointer initialization                                       │
│                              │                │          │              │                            │                            │ https://avd.aquasec.com/nvd/cve-2026-22770                   │
│                              ├────────────────┤          │              │                            │                            ├──────────────────────────────────────────────────────────────┤
│                              │ CVE-2026-23876 │          │              │                            │                            │ ImageMagick: ImageMagick: Arbitrary code execution via a     │
│                              │                │          │              │                            │                            │ crafted XBM image file                                       │
│                              │                │          │              │                            │                            │ https://avd.aquasec.com/nvd/cve-2026-23876                   │
│                              ├────────────────┤          │              │                            ├────────────────────────────┼──────────────────────────────────────────────────────────────┤
│                              │ CVE-2026-25897 │          │              │                            │ 8:7.1.1.43+dfsg1-1+deb13u6 │ ImageMagick: ImageMagick: Out-of-bounds heap write via       │
│                              │                │          │              │                            │                            │ integer overflow in sun decoder                              │
│                              │                │          │              │                            │                            │ https://avd.aquasec.com/nvd/cve-2026-25897                   │
│                              ├────────────────┤          │              │                            │                            ├──────────────────────────────────────────────────────────────┤
│                              │ CVE-2026-25898 │          │              │                            │                            │ ImageMagick: ImageMagick: Information disclosure or denial   │
│                              │                │          │              │                            │                            │ of service via crafted image with...                         │
│                              │                │          │              │                            │                            │ https://avd.aquasec.com/nvd/cve-2026-25898                   │
│                              ├────────────────┤          │              │                            │                            ├──────────────────────────────────────────────────────────────┤
│                              │ CVE-2026-25968 │          │              │                            │                            │ ImageMagick: ImageMagick: Memory corruption via stack buffer │
│                              │                │          │              │                            │                            │ overflow when processing an attribute...                     │
│                              │                │          │              │                            │                            │ https://avd.aquasec.com/nvd/cve-2026-25968                   │
│                              ├────────────────┤          │              │                            │                            ├──────────────────────────────────────────────────────────────┤
│                              │ CVE-2026-25971 │          │              │                            │                            │ ImageMagick: ImageMagick: Denial of Service via circular     │
│                              │                │          │              │                            │                            │ references in MSL files                                      │
│                              │                │          │              │                            │                            │ https://avd.aquasec.com/nvd/cve-2026-25971                   │
│                              ├────────────────┤          │              │                            │                            ├──────────────────────────────────────────────────────────────┤
│                              │ CVE-2026-25983 │          │              │                            │                            │ ImageMagick: ImageMagick: Denial of service via crafted MSL  │
│                              │                │          │              │                            │                            │ script                                                       │
│                              │                │          │              │                            │                            │ https://avd.aquasec.com/nvd/cve-2026-25983                   │
│                              ├────────────────┤          │              │                            │                            ├──────────────────────────────────────────────────────────────┤
│                              │ CVE-2026-25986 │          │              │                            │                            │ ImageMagick: ImageMagick: Denial of Service via malicious    │
│                              │                │          │              │                            │                            │ YUV image processing                                         │
│                              │                │          │              │                            │                            │ https://avd.aquasec.com/nvd/cve-2026-25986                   │
│                              ├────────────────┤          │              │                            │                            ├──────────────────────────────────────────────────────────────┤
│                              │ CVE-2026-25987 │          │              │                            │                            │ ImageMagick: ImageMagick: Memory disclosure and denial of    │
│                              │                │          │              │                            │                            │ service via crafted MAP files...                             │
│                              │                │          │              │                            │                            │ https://avd.aquasec.com/nvd/cve-2026-25987                   │
│                              ├────────────────┤          │              │                            │                            ├──────────────────────────────────────────────────────────────┤
│                              │ CVE-2026-26284 │          │              │                            │                            │ ImageMagick: ImageMagick: Out-of-bounds read via crafted     │
│                              │                │          │              │                            │                            │ Photo CD (PCD) files                                         │
│                              │                │          │              │                            │                            │ https://avd.aquasec.com/nvd/cve-2026-26284                   │
│                              ├────────────────┼──────────┤              │                            ├────────────────────────────┼──────────────────────────────────────────────────────────────┤
│                              │ CVE-2025-62171 │ HIGH     │              │                            │ 8:7.1.1.43+dfsg1-1+deb13u3 │ ImageMagick: ImageMagick vulnerable to denial of service via │
│                              │                │          │              │                            │                            │ integer overflow in BMP...                                   │
│                              │                │          │              │                            │                            │ https://avd.aquasec.com/nvd/cve-2025-62171                   │
│                              ├────────────────┤          │              │                            ├────────────────────────────┼──────────────────────────────────────────────────────────────┤
│                              │ CVE-2025-66628 │          │              │                            │ 8:7.1.1.43+dfsg1-1+deb13u4 │ ImageMagick: ImageMagick Integer Overflow leading to out of  │
│                              │                │          │              │                            │                            │ bounds read (32-bit only)...                                 │
│                              │                │          │              │                            │                            │ https://avd.aquasec.com/nvd/cve-2025-66628                   │
│                              ├────────────────┤          │              │                            │                            ├──────────────────────────────────────────────────────────────┤
│                              │ CVE-2025-68618 │          │              │                            │                            │ ImageMagick: ImageMagick: Denial of Service via malicious    │
│                              │                │          │              │                            │                            │ SVG file                                                     │
│                              │                │          │              │                            │                            │ https://avd.aquasec.com/nvd/cve-2025-68618                   │
│                              ├────────────────┤          │              │                            │                            ├──────────────────────────────────────────────────────────────┤
│                              │ CVE-2025-69204 │          │              │                            │                            │ ImageMagick: ImageMagick: Denial of Service via integer      │
│                              │                │          │              │                            │                            │ overflow in SVG image processing...                          │
│                              │                │          │              │                            │                            │ https://avd.aquasec.com/nvd/cve-2025-69204                   │
│                              ├────────────────┤          │              │                            ├────────────────────────────┼──────────────────────────────────────────────────────────────┤
│                              │ CVE-2026-23952 │          │              │                            │ 8:7.1.1.43+dfsg1-1+deb13u5 │ ImageMagick: ImageMagick: Denial of Service via processing   │
│                              │                │          │              │                            │                            │ of MSL comment tags                                          │
│                              │                │          │              │                            │                            │ https://avd.aquasec.com/nvd/cve-2026-23952                   │
│                              ├────────────────┤          │              │                            ├────────────────────────────┼──────────────────────────────────────────────────────────────┤
│                              │ CVE-2026-25794 │          │              │                            │ 8:7.1.1.43+dfsg1-1+deb13u6 │ ImageMagick: ImageMagick: Denial of service and potential    │
│                              │                │          │              │                            │                            │ arbitrary code execution via integer...                      │
│                              │                │          │              │                            │                            │ https://avd.aquasec.com/nvd/cve-2026-25794                   │
│                              ├────────────────┤          │              │                            │                            ├──────────────────────────────────────────────────────────────┤
│                              │ CVE-2026-25795 │          │              │                            │                            │ ImageMagick: ImageMagick: Denial of Service due to NULL      │
│                              │                │          │              │                            │                            │ pointer dereference during temporary...                      │
│                              │                │          │              │                            │                            │ https://avd.aquasec.com/nvd/cve-2026-25795                   │
│                              ├────────────────┤          │              │                            │                            ├──────────────────────────────────────────────────────────────┤
│                              │ CVE-2026-25796 │          │              │                            │                            │ ImageMagick: ImageMagick: Denial of Service Vulnerability    │
│                              │                │          │              │                            │                            │ https://avd.aquasec.com/nvd/cve-2026-25796                   │
│                              ├────────────────┤          │              │                            │                            ├──────────────────────────────────────────────────────────────┤
│                              │ CVE-2026-25798 │          │              │                            │                            │ ImageMagick: ImageMagick: Denial of Service via crafted      │
│                              │                │          │              │                            │                            │ image file                                                   │
│                              │                │          │              │                            │                            │ https://avd.aquasec.com/nvd/cve-2026-25798                   │
│                              ├────────────────┤          │              │                            │                            ├──────────────────────────────────────────────────────────────┤
│                              │ CVE-2026-25799 │          │              │                            │                            │ ImageMagick: ImageMagick: Denial of Service via YUV sampling │
│                              │                │          │              │                            │                            │ factor validation error                                      │
│                              │                │          │              │                            │                            │ https://avd.aquasec.com/nvd/cve-2026-25799                   │
│                              ├────────────────┤          │              │                            │                            ├──────────────────────────────────────────────────────────────┤
│                              │ CVE-2026-25965 │          │              │                            │                            │ ImageMagick: ImageMagick: Local File Disclosure via Path     │
│                              │                │          │              │                            │                            │ Traversal                                                    │
│                              │                │          │              │                            │                            │ https://avd.aquasec.com/nvd/cve-2026-25965                   │
│                              ├────────────────┤          │              │                            │                            ├──────────────────────────────────────────────────────────────┤
│                              │ CVE-2026-25966 │          │              │                            │                            │ ImageMagick: ImageMagick: Policy bypass allows unauthorized  │
│                              │                │          │              │                            │                            │ access to standard streams via fd:<n>...                     │
│                              │                │          │              │                            │                            │ https://avd.aquasec.com/nvd/cve-2026-25966                   │
│                              ├────────────────┤          │              │                            │                            ├──────────────────────────────────────────────────────────────┤
│                              │ CVE-2026-25967 │          │              │                            │                            │ ImageMagick: ImageMagick: Denial of Service via crafted FTXT │
│                              │                │          │              │                            │                            │ file                                                         │
│                              │                │          │              │                            │                            │ https://avd.aquasec.com/nvd/cve-2026-25967                   │
│                              ├────────────────┤          │              │                            │                            ├──────────────────────────────────────────────────────────────┤
│                              │ CVE-2026-25969 │          │              │                            │                            │ ImageMagick: ImageMagick: Memory leak leading to denial of   │
│                              │                │          │              │                            │                            │ service via image processing...                              │
│                              │                │          │              │                            │                            │ https://avd.aquasec.com/nvd/cve-2026-25969                   │
│                              ├────────────────┤          │              │                            │                            ├──────────────────────────────────────────────────────────────┤
│                              │ CVE-2026-25970 │          │              │                            │                            │ ImageMagick: ImageMagick: Memory corruption and denial of    │
│                              │                │          │              │                            │                            │ service via signed integer overflow...                       │
│                              │                │          │              │                            │                            │ https://avd.aquasec.com/nvd/cve-2026-25970                   │
│                              ├────────────────┤          │              │                            │                            ├──────────────────────────────────────────────────────────────┤
│                              │ CVE-2026-25985 │          │              │                            │                            │ ImageMagick: Memory allocation with excessive without limits │
│                              │                │          │              │                            │                            │ in the internal SVG decoder...                               │
│                              │                │          │              │                            │                            │ https://avd.aquasec.com/nvd/cve-2026-25985                   │
│                              ├────────────────┤          │              │                            │                            ├──────────────────────────────────────────────────────────────┤
│                              │ CVE-2026-25988 │          │              │                            │                            │ ImageMagick: ImageMagick: Denial of Service due to memory    │
│                              │                │          │              │                            │                            │ leak in image processing...                                  │
│                              │                │          │              │                            │                            │ https://avd.aquasec.com/nvd/cve-2026-25988                   │
│                              ├────────────────┤          │              │                            │                            ├──────────────────────────────────────────────────────────────┤
│                              │ CVE-2026-26066 │          │              │                            │                            │ ImageMagick: ImageMagick: Denial of Service via crafted IPTC │
│                              │                │          │              │                            │                            │ data                                                         │
│                              │                │          │              │                            │                            │ https://avd.aquasec.com/nvd/cve-2026-26066                   │
│                              ├────────────────┤          │              │                            │                            ├──────────────────────────────────────────────────────────────┤
│                              │ CVE-2026-26283 │          │              │                            │                            │ ImageMagick: ImageMagick: Denial of Service via crafted      │
│                              │                │          │              │                            │                            │ image leading to an infinite...                              │
│                              │                │          │              │                            │                            │ https://avd.aquasec.com/nvd/cve-2026-26283                   │
│                              ├────────────────┤          │              │                            │                            ├──────────────────────────────────────────────────────────────┤
│                              │ CVE-2026-27798 │          │              │                            │                            │ ImageMagick: ImageMagick: Information disclosure via heap    │
│                              │                │          │              │                            │                            │ buffer over-read when processing images                      │
│                              │                │          │              │                            │                            │ https://avd.aquasec.com/nvd/cve-2026-27798                   │
│                              ├────────────────┤          │              │                            ├────────────────────────────┼──────────────────────────────────────────────────────────────┤
│                              │ CVE-2026-28691 │          │              │                            │ 8:7.1.1.43+dfsg1-1+deb13u7 │ ImageMagick: ImageMagick: Denial of Service via              │
│                              │                │          │              │                            │                            │ uninitialized pointer dereference in JBIG decoder...         │
│                              │                │          │              │                            │                            │ https://avd.aquasec.com/nvd/cve-2026-28691                   │
│                              ├────────────────┤          │              │                            │                            ├──────────────────────────────────────────────────────────────┤
│                              │ CVE-2026-28693 │          │              │                            │                            │ ImageMagick: ImageMagick: Out-of-bounds read or write due to │
│                              │                │          │              │                            │                            │ integer overflow in DIB...                                   │
│                              │                │          │              │                            │                            │ https://avd.aquasec.com/nvd/cve-2026-28693                   │
│                              ├────────────────┤          │              │                            │                            ├──────────────────────────────────────────────────────────────┤
│                              │ CVE-2026-30883 │          │              │                            │                            │ ImageMagick: ImageMagick: Denial of Service due to heap      │
│                              │                │          │              │                            │                            │ overflow when processing large...                            │
│                              │                │          │              │                            │                            │ https://avd.aquasec.com/nvd/cve-2026-30883                   │
│                              ├────────────────┤          │              │                            │                            ├──────────────────────────────────────────────────────────────┤
│                              │ CVE-2026-30929 │          │              │                            │                            │ ImageMagick: stack-based buffer overflow in MagnifyImage     │
│                              │                │          │              │                            │                            │ https://avd.aquasec.com/nvd/cve-2026-30929                   │
│                              ├────────────────┤          │              │                            │                            ├──────────────────────────────────────────────────────────────┤
│                              │ CVE-2026-30931 │          │              │                            │                            │ ImageMagick: ImageMagick: Heap-based buffer overflow leading │
│                              │                │          │              │                            │                            │ to out-of-bounds write                                       │
│                              │                │          │              │                            │                            │ https://avd.aquasec.com/nvd/cve-2026-30931                   │
│                              ├────────────────┤          │              │                            ├────────────────────────────┼──────────────────────────────────────────────────────────────┤
│                              │ CVE-2026-32636 │          │              │                            │ 8:7.1.1.43+dfsg1-1+deb13u8 │ ImageMagick: ImageMagick: Denial of Service via              │
│                              │                │          │              │                            │                            │ out-of-bounds write in NewXMLTree method                     │
│                              │                │          │              │                            │                            │ https://avd.aquasec.com/nvd/cve-2026-32636                   │
│                              ├────────────────┤          │              │                            │                            ├──────────────────────────────────────────────────────────────┤
│                              │ CVE-2026-33900 │          │              │                            │                            │ ImageMagick: Magick.NET: ImageMagick: Denial of Service via  │
│                              │                │          │              │                            │                            │ integer truncation in viff encoder...                        │
│                              │                │          │              │                            │                            │ https://avd.aquasec.com/nvd/cve-2026-33900                   │
│                              ├────────────────┤          │              │                            │                            ├──────────────────────────────────────────────────────────────┤
│                              │ CVE-2026-33901 │          │              │                            │                            │ ImageMagick: Magick.NET: ImageMagick: Denial of Service due  │
│                              │                │          │              │                            │                            │ to heap buffer overflow in...                                │
│                              │                │          │              │                            │                            │ https://avd.aquasec.com/nvd/cve-2026-33901                   │
│                              ├────────────────┤          │              │                            │                            ├──────────────────────────────────────────────────────────────┤
│                              │ CVE-2026-33905 │          │              │                            │                            │ ImageMagick: ImageMagick: Denial of service via              │
│                              │                │          │              │                            │                            │ out-of-bounds read in -sample operation                      │
│                              │                │          │              │                            │                            │ https://avd.aquasec.com/nvd/cve-2026-33905                   │
│                              ├────────────────┤          │              │                            │                            ├──────────────────────────────────────────────────────────────┤
│                              │ CVE-2026-33908 │          │              │                            │                            │ ImageMagick: Magick.NET: ImageMagick: Denial of Service via  │
│                              │                │          │              │                            │                            │ deeply nested XML file processing...                         │
│                              │                │          │              │                            │                            │ https://avd.aquasec.com/nvd/cve-2026-33908                   │
│                              ├────────────────┤          │              │                            ├────────────────────────────┼──────────────────────────────────────────────────────────────┤
│                              │ CVE-2026-45031 │          │              │                            │ 8:7.1.1.43+dfsg1-1+deb13u9 │ ImageMagick: ImageMagick: Denial of Service due to resource  │
│                              │                │          │              │                            │                            │ policy bypass in PSD...                                      │
│                              │                │          │              │                            │                            │ https://avd.aquasec.com/nvd/cve-2026-45031                   │
│                              ├────────────────┤          │              │                            │                            ├──────────────────────────────────────────────────────────────┤
│                              │ CVE-2026-45359 │          │              │                            │                            │ ImageMagick: ImageMagick: Information Disclosure via Invalid │
│                              │                │          │              │                            │                            │ Connected-Components Value                                   │
│                              │                │          │              │                            │                            │ https://avd.aquasec.com/nvd/cve-2026-45359                   │
│                              ├────────────────┤          │              │                            │                            ├──────────────────────────────────────────────────────────────┤
│                              │ CVE-2026-45664 │          │              │                            │                            │ ImageMagick: ImageMagick: Denial of Service due to excessive │
│                              │                │          │              │                            │                            │ resource use in MNG...                                       │
│                              │                │          │              │                            │                            │ https://avd.aquasec.com/nvd/cve-2026-45664                   │
│                              ├────────────────┤          │              │                            │                            ├──────────────────────────────────────────────────────────────┤
│                              │ CVE-2026-46520 │          │              │                            │                            │ ImageMagick: ImageMagick: Denial of Service via              │
│                              │                │          │              │                            │                            │ out-of-bounds write when processing multiple images...       │
│                              │                │          │              │                            │                            │ https://avd.aquasec.com/nvd/cve-2026-46520                   │
│                              ├────────────────┤          │              │                            │                            ├──────────────────────────────────────────────────────────────┤
│                              │ CVE-2026-46522 │          │              │                            │                            │ ImageMagick: ImageMagick: Denial of Service via crafted MIFF │
│                              │                │          │              │                            │                            │ file                                                         │
│                              │                │          │              │                            │                            │ https://avd.aquasec.com/nvd/cve-2026-46522                   │
│                              ├────────────────┤          │              │                            │                            ├──────────────────────────────────────────────────────────────┤
│                              │ CVE-2026-46523 │          │              │                            │                            │ ImageMagick: ImageMagick: Denial of Service via crafted MSL  │
│                              │                │          │              │                            │                            │ image leading to heap-use-after-free...                      │
│                              │                │          │              │                            │                            │ https://avd.aquasec.com/nvd/cve-2026-46523                   │
├──────────────────────────────┼────────────────┼──────────┤              │                            ├────────────────────────────┼──────────────────────────────────────────────────────────────┤
│ libmagickwand-7.q16-10       │ CVE-2026-22770 │ CRITICAL │              │                            │ 8:7.1.1.43+dfsg1-1+deb13u5 │ ImageMagick: ImageMagick: Denial of Service due to improper  │
│                              │                │          │              │                            │                            │ pointer initialization                                       │
│                              │                │          │              │                            │                            │ https://avd.aquasec.com/nvd/cve-2026-22770                   │
│                              ├────────────────┤          │              │                            │                            ├──────────────────────────────────────────────────────────────┤
│                              │ CVE-2026-23876 │          │              │                            │                            │ ImageMagick: ImageMagick: Arbitrary code execution via a     │
│                              │                │          │              │                            │                            │ crafted XBM image file                                       │
│                              │                │          │              │                            │                            │ https://avd.aquasec.com/nvd/cve-2026-23876                   │
│                              ├────────────────┤          │              │                            ├────────────────────────────┼──────────────────────────────────────────────────────────────┤
│                              │ CVE-2026-25897 │          │              │                            │ 8:7.1.1.43+dfsg1-1+deb13u6 │ ImageMagick: ImageMagick: Out-of-bounds heap write via       │
│                              │                │          │              │                            │                            │ integer overflow in sun decoder                              │
│                              │                │          │              │                            │                            │ https://avd.aquasec.com/nvd/cve-2026-25897                   │
│                              ├────────────────┤          │              │                            │                            ├──────────────────────────────────────────────────────────────┤
│                              │ CVE-2026-25898 │          │              │                            │                            │ ImageMagick: ImageMagick: Information disclosure or denial   │
│                              │                │          │              │                            │                            │ of service via crafted image with...                         │
│                              │                │          │              │                            │                            │ https://avd.aquasec.com/nvd/cve-2026-25898                   │
│                              ├────────────────┤          │              │                            │                            ├──────────────────────────────────────────────────────────────┤
│                              │ CVE-2026-25968 │          │              │                            │                            │ ImageMagick: ImageMagick: Memory corruption via stack buffer │
│                              │                │          │              │                            │                            │ overflow when processing an attribute...                     │
│                              │                │          │              │                            │                            │ https://avd.aquasec.com/nvd/cve-2026-25968                   │
│                              ├────────────────┤          │              │                            │                            ├──────────────────────────────────────────────────────────────┤
│                              │ CVE-2026-25971 │          │              │                            │                            │ ImageMagick: ImageMagick: Denial of Service via circular     │
│                              │                │          │              │                            │                            │ references in MSL files                                      │
│                              │                │          │              │                            │                            │ https://avd.aquasec.com/nvd/cve-2026-25971                   │
│                              ├────────────────┤          │              │                            │                            ├──────────────────────────────────────────────────────────────┤
│                              │ CVE-2026-25983 │          │              │                            │                            │ ImageMagick: ImageMagick: Denial of service via crafted MSL  │
│                              │                │          │              │                            │                            │ script                                                       │
│                              │                │          │              │                            │                            │ https://avd.aquasec.com/nvd/cve-2026-25983                   │
│                              ├────────────────┤          │              │                            │                            ├──────────────────────────────────────────────────────────────┤
│                              │ CVE-2026-25986 │          │              │                            │                            │ ImageMagick: ImageMagick: Denial of Service via malicious    │
│                              │                │          │              │                            │                            │ YUV image processing                                         │
│                              │                │          │              │                            │                            │ https://avd.aquasec.com/nvd/cve-2026-25986                   │
│                              ├────────────────┤          │              │                            │                            ├──────────────────────────────────────────────────────────────┤
│                              │ CVE-2026-25987 │          │              │                            │                            │ ImageMagick: ImageMagick: Memory disclosure and denial of    │
│                              │                │          │              │                            │                            │ service via crafted MAP files...                             │
│                              │                │          │              │                            │                            │ https://avd.aquasec.com/nvd/cve-2026-25987                   │
│                              ├────────────────┤          │              │                            │                            ├──────────────────────────────────────────────────────────────┤
│                              │ CVE-2026-26284 │          │              │                            │                            │ ImageMagick: ImageMagick: Out-of-bounds read via crafted     │
│                              │                │          │              │                            │                            │ Photo CD (PCD) files                                         │
│                              │                │          │              │                            │                            │ https://avd.aquasec.com/nvd/cve-2026-26284                   │
│                              ├────────────────┼──────────┤              │                            ├────────────────────────────┼──────────────────────────────────────────────────────────────┤
│                              │ CVE-2025-62171 │ HIGH     │              │                            │ 8:7.1.1.43+dfsg1-1+deb13u3 │ ImageMagick: ImageMagick vulnerable to denial of service via │
│                              │                │          │              │                            │                            │ integer overflow in BMP...                                   │
│                              │                │          │              │                            │                            │ https://avd.aquasec.com/nvd/cve-2025-62171                   │
│                              ├────────────────┤          │              │                            ├────────────────────────────┼──────────────────────────────────────────────────────────────┤
│                              │ CVE-2025-66628 │          │              │                            │ 8:7.1.1.43+dfsg1-1+deb13u4 │ ImageMagick: ImageMagick Integer Overflow leading to out of  │
│                              │                │          │              │                            │                            │ bounds read (32-bit only)...                                 │
│                              │                │          │              │                            │                            │ https://avd.aquasec.com/nvd/cve-2025-66628                   │
│                              ├────────────────┤          │              │                            │                            ├──────────────────────────────────────────────────────────────┤
│                              │ CVE-2025-68618 │          │              │                            │                            │ ImageMagick: ImageMagick: Denial of Service via malicious    │
│                              │                │          │              │                            │                            │ SVG file                                                     │
│                              │                │          │              │                            │                            │ https://avd.aquasec.com/nvd/cve-2025-68618                   │
│                              ├────────────────┤          │              │                            │                            ├──────────────────────────────────────────────────────────────┤
│                              │ CVE-2025-69204 │          │              │                            │                            │ ImageMagick: ImageMagick: Denial of Service via integer      │
│                              │                │          │              │                            │                            │ overflow in SVG image processing...                          │
│                              │                │          │              │                            │                            │ https://avd.aquasec.com/nvd/cve-2025-69204                   │
│                              ├────────────────┤          │              │                            ├────────────────────────────┼──────────────────────────────────────────────────────────────┤
│                              │ CVE-2026-23952 │          │              │                            │ 8:7.1.1.43+dfsg1-1+deb13u5 │ ImageMagick: ImageMagick: Denial of Service via processing   │
│                              │                │          │              │                            │                            │ of MSL comment tags                                          │
│                              │                │          │              │                            │                            │ https://avd.aquasec.com/nvd/cve-2026-23952                   │
│                              ├────────────────┤          │              │                            ├────────────────────────────┼──────────────────────────────────────────────────────────────┤
│                              │ CVE-2026-25794 │          │              │                            │ 8:7.1.1.43+dfsg1-1+deb13u6 │ ImageMagick: ImageMagick: Denial of service and potential    │
│                              │                │          │              │                            │                            │ arbitrary code execution via integer...                      │
│                              │                │          │              │                            │                            │ https://avd.aquasec.com/nvd/cve-2026-25794                   │
│                              ├────────────────┤          │              │                            │                            ├──────────────────────────────────────────────────────────────┤
│                              │ CVE-2026-25795 │          │              │                            │                            │ ImageMagick: ImageMagick: Denial of Service due to NULL      │
│                              │                │          │              │                            │                            │ pointer dereference during temporary...                      │
│                              │                │          │              │                            │                            │ https://avd.aquasec.com/nvd/cve-2026-25795                   │
│                              ├────────────────┤          │              │                            │                            ├──────────────────────────────────────────────────────────────┤
│                              │ CVE-2026-25796 │          │              │                            │                            │ ImageMagick: ImageMagick: Denial of Service Vulnerability    │
│                              │                │          │              │                            │                            │ https://avd.aquasec.com/nvd/cve-2026-25796                   │
│                              ├────────────────┤          │              │                            │                            ├──────────────────────────────────────────────────────────────┤
│                              │ CVE-2026-25798 │          │              │                            │                            │ ImageMagick: ImageMagick: Denial of Service via crafted      │
│                              │                │          │              │                            │                            │ image file                                                   │
│                              │                │          │              │                            │                            │ https://avd.aquasec.com/nvd/cve-2026-25798                   │
│                              ├────────────────┤          │              │                            │                            ├──────────────────────────────────────────────────────────────┤
│                              │ CVE-2026-25799 │          │              │                            │                            │ ImageMagick: ImageMagick: Denial of Service via YUV sampling │
│                              │                │          │              │                            │                            │ factor validation error                                      │
│                              │                │          │              │                            │                            │ https://avd.aquasec.com/nvd/cve-2026-25799                   │
│                              ├────────────────┤          │              │                            │                            ├──────────────────────────────────────────────────────────────┤
│                              │ CVE-2026-25965 │          │              │                            │                            │ ImageMagick: ImageMagick: Local File Disclosure via Path     │
│                              │                │          │              │                            │                            │ Traversal                                                    │
│                              │                │          │              │                            │                            │ https://avd.aquasec.com/nvd/cve-2026-25965                   │
│                              ├────────────────┤          │              │                            │                            ├──────────────────────────────────────────────────────────────┤
│                              │ CVE-2026-25966 │          │              │                            │                            │ ImageMagick: ImageMagick: Policy bypass allows unauthorized  │
│                              │                │          │              │                            │                            │ access to standard streams via fd:<n>...                     │
│                              │                │          │              │                            │                            │ https://avd.aquasec.com/nvd/cve-2026-25966                   │
│                              ├────────────────┤          │              │                            │                            ├──────────────────────────────────────────────────────────────┤
│                              │ CVE-2026-25967 │          │              │                            │                            │ ImageMagick: ImageMagick: Denial of Service via crafted FTXT │
│                              │                │          │              │                            │                            │ file                                                         │
│                              │                │          │              │                            │                            │ https://avd.aquasec.com/nvd/cve-2026-25967                   │
│                              ├────────────────┤          │              │                            │                            ├──────────────────────────────────────────────────────────────┤
│                              │ CVE-2026-25969 │          │              │                            │                            │ ImageMagick: ImageMagick: Memory leak leading to denial of   │
│                              │                │          │              │                            │                            │ service via image processing...                              │
│                              │                │          │              │                            │                            │ https://avd.aquasec.com/nvd/cve-2026-25969                   │
│                              ├────────────────┤          │              │                            │                            ├──────────────────────────────────────────────────────────────┤
│                              │ CVE-2026-25970 │          │              │                            │                            │ ImageMagick: ImageMagick: Memory corruption and denial of    │
│                              │                │          │              │                            │                            │ service via signed integer overflow...                       │
│                              │                │          │              │                            │                            │ https://avd.aquasec.com/nvd/cve-2026-25970                   │
│                              ├────────────────┤          │              │                            │                            ├──────────────────────────────────────────────────────────────┤
│                              │ CVE-2026-25985 │          │              │                            │                            │ ImageMagick: Memory allocation with excessive without limits │
│                              │                │          │              │                            │                            │ in the internal SVG decoder...                               │
│                              │                │          │              │                            │                            │ https://avd.aquasec.com/nvd/cve-2026-25985                   │
│                              ├────────────────┤          │              │                            │                            ├──────────────────────────────────────────────────────────────┤
│                              │ CVE-2026-25988 │          │              │                            │                            │ ImageMagick: ImageMagick: Denial of Service due to memory    │
│                              │                │          │              │                            │                            │ leak in image processing...                                  │
│                              │                │          │              │                            │                            │ https://avd.aquasec.com/nvd/cve-2026-25988                   │
│                              ├────────────────┤          │              │                            │                            ├──────────────────────────────────────────────────────────────┤
│                              │ CVE-2026-26066 │          │              │                            │                            │ ImageMagick: ImageMagick: Denial of Service via crafted IPTC │
│                              │                │          │              │                            │                            │ data                                                         │
│                              │                │          │              │                            │                            │ https://avd.aquasec.com/nvd/cve-2026-26066                   │
│                              ├────────────────┤          │              │                            │                            ├──────────────────────────────────────────────────────────────┤
│                              │ CVE-2026-26283 │          │              │                            │                            │ ImageMagick: ImageMagick: Denial of Service via crafted      │
│                              │                │          │              │                            │                            │ image leading to an infinite...                              │
│                              │                │          │              │                            │                            │ https://avd.aquasec.com/nvd/cve-2026-26283                   │
│                              ├────────────────┤          │              │                            │                            ├──────────────────────────────────────────────────────────────┤
│                              │ CVE-2026-27798 │          │              │                            │                            │ ImageMagick: ImageMagick: Information disclosure via heap    │
│                              │                │          │              │                            │                            │ buffer over-read when processing images                      │
│                              │                │          │              │                            │                            │ https://avd.aquasec.com/nvd/cve-2026-27798                   │
│                              ├────────────────┤          │              │                            ├────────────────────────────┼──────────────────────────────────────────────────────────────┤
│                              │ CVE-2026-28691 │          │              │                            │ 8:7.1.1.43+dfsg1-1+deb13u7 │ ImageMagick: ImageMagick: Denial of Service via              │
│                              │                │          │              │                            │                            │ uninitialized pointer dereference in JBIG decoder...         │
│                              │                │          │              │                            │                            │ https://avd.aquasec.com/nvd/cve-2026-28691                   │
│                              ├────────────────┤          │              │                            │                            ├──────────────────────────────────────────────────────────────┤
│                              │ CVE-2026-28693 │          │              │                            │                            │ ImageMagick: ImageMagick: Out-of-bounds read or write due to │
│                              │                │          │              │                            │                            │ integer overflow in DIB...                                   │
│                              │                │          │              │                            │                            │ https://avd.aquasec.com/nvd/cve-2026-28693                   │
│                              ├────────────────┤          │              │                            │                            ├──────────────────────────────────────────────────────────────┤
│                              │ CVE-2026-30883 │          │              │                            │                            │ ImageMagick: ImageMagick: Denial of Service due to heap      │
│                              │                │          │              │                            │                            │ overflow when processing large...                            │
│                              │                │          │              │                            │                            │ https://avd.aquasec.com/nvd/cve-2026-30883                   │
│                              ├────────────────┤          │              │                            │                            ├──────────────────────────────────────────────────────────────┤
│                              │ CVE-2026-30929 │          │              │                            │                            │ ImageMagick: stack-based buffer overflow in MagnifyImage     │
│                              │                │          │              │                            │                            │ https://avd.aquasec.com/nvd/cve-2026-30929                   │
│                              ├────────────────┤          │              │                            │                            ├──────────────────────────────────────────────────────────────┤
│                              │ CVE-2026-30931 │          │              │                            │                            │ ImageMagick: ImageMagick: Heap-based buffer overflow leading │
│                              │                │          │              │                            │                            │ to out-of-bounds write                                       │
│                              │                │          │              │                            │                            │ https://avd.aquasec.com/nvd/cve-2026-30931                   │
│                              ├────────────────┤          │              │                            ├────────────────────────────┼──────────────────────────────────────────────────────────────┤
│                              │ CVE-2026-32636 │          │              │                            │ 8:7.1.1.43+dfsg1-1+deb13u8 │ ImageMagick: ImageMagick: Denial of Service via              │
│                              │                │          │              │                            │                            │ out-of-bounds write in NewXMLTree method                     │
│                              │                │          │              │                            │                            │ https://avd.aquasec.com/nvd/cve-2026-32636                   │
│                              ├────────────────┤          │              │                            │                            ├──────────────────────────────────────────────────────────────┤
│                              │ CVE-2026-33900 │          │              │                            │                            │ ImageMagick: Magick.NET: ImageMagick: Denial of Service via  │
│                              │                │          │              │                            │                            │ integer truncation in viff encoder...                        │
│                              │                │          │              │                            │                            │ https://avd.aquasec.com/nvd/cve-2026-33900                   │
│                              ├────────────────┤          │              │                            │                            ├──────────────────────────────────────────────────────────────┤
│                              │ CVE-2026-33901 │          │              │                            │                            │ ImageMagick: Magick.NET: ImageMagick: Denial of Service due  │
│                              │                │          │              │                            │                            │ to heap buffer overflow in...                                │
│                              │                │          │              │                            │                            │ https://avd.aquasec.com/nvd/cve-2026-33901                   │
│                              ├────────────────┤          │              │                            │                            ├──────────────────────────────────────────────────────────────┤
│                              │ CVE-2026-33905 │          │              │                            │                            │ ImageMagick: ImageMagick: Denial of service via              │
│                              │                │          │              │                            │                            │ out-of-bounds read in -sample operation                      │
│                              │                │          │              │                            │                            │ https://avd.aquasec.com/nvd/cve-2026-33905                   │
│                              ├────────────────┤          │              │                            │                            ├──────────────────────────────────────────────────────────────┤
│                              │ CVE-2026-33908 │          │              │                            │                            │ ImageMagick: Magick.NET: ImageMagick: Denial of Service via  │
│                              │                │          │              │                            │                            │ deeply nested XML file processing...                         │
│                              │                │          │              │                            │                            │ https://avd.aquasec.com/nvd/cve-2026-33908                   │
│                              ├────────────────┤          │              │                            ├────────────────────────────┼──────────────────────────────────────────────────────────────┤
│                              │ CVE-2026-45031 │          │              │                            │ 8:7.1.1.43+dfsg1-1+deb13u9 │ ImageMagick: ImageMagick: Denial of Service due to resource  │
│                              │                │          │              │                            │                            │ policy bypass in PSD...                                      │
│                              │                │          │              │                            │                            │ https://avd.aquasec.com/nvd/cve-2026-45031                   │
│                              ├────────────────┤          │              │                            │                            ├──────────────────────────────────────────────────────────────┤
│                              │ CVE-2026-45359 │          │              │                            │                            │ ImageMagick: ImageMagick: Information Disclosure via Invalid │
│                              │                │          │              │                            │                            │ Connected-Components Value                                   │
│                              │                │          │              │                            │                            │ https://avd.aquasec.com/nvd/cve-2026-45359                   │
│                              ├────────────────┤          │              │                            │                            ├──────────────────────────────────────────────────────────────┤
│                              │ CVE-2026-45664 │          │              │                            │                            │ ImageMagick: ImageMagick: Denial of Service due to excessive │
│                              │                │          │              │                            │                            │ resource use in MNG...                                       │
│                              │                │          │              │                            │                            │ https://avd.aquasec.com/nvd/cve-2026-45664                   │
│                              ├────────────────┤          │              │                            │                            ├──────────────────────────────────────────────────────────────┤
│                              │ CVE-2026-46520 │          │              │                            │                            │ ImageMagick: ImageMagick: Denial of Service via              │
│                              │                │          │              │                            │                            │ out-of-bounds write when processing multiple images...       │
│                              │                │          │              │                            │                            │ https://avd.aquasec.com/nvd/cve-2026-46520                   │
│                              ├────────────────┤          │              │                            │                            ├──────────────────────────────────────────────────────────────┤
│                              │ CVE-2026-46522 │          │              │                            │                            │ ImageMagick: ImageMagick: Denial of Service via crafted MIFF │
│                              │                │          │              │                            │                            │ file                                                         │
│                              │                │          │              │                            │                            │ https://avd.aquasec.com/nvd/cve-2026-46522                   │
│                              ├────────────────┤          │              │                            │                            ├──────────────────────────────────────────────────────────────┤
│                              │ CVE-2026-46523 │          │              │                            │                            │ ImageMagick: ImageMagick: Denial of Service via crafted MSL  │
│                              │                │          │              │                            │                            │ image leading to heap-use-after-free...                      │
│                              │                │          │              │                            │                            │ https://avd.aquasec.com/nvd/cve-2026-46523                   │
├──────────────────────────────┼────────────────┼──────────┤              │                            ├────────────────────────────┼──────────────────────────────────────────────────────────────┤
│ libmagickwand-7.q16-dev      │ CVE-2026-22770 │ CRITICAL │              │                            │ 8:7.1.1.43+dfsg1-1+deb13u5 │ ImageMagick: ImageMagick: Denial of Service due to improper  │
│                              │                │          │              │                            │                            │ pointer initialization                                       │
│                              │                │          │              │                            │                            │ https://avd.aquasec.com/nvd/cve-2026-22770                   │
│                              ├────────────────┤          │              │                            │                            ├──────────────────────────────────────────────────────────────┤
│                              │ CVE-2026-23876 │          │              │                            │                            │ ImageMagick: ImageMagick: Arbitrary code execution via a     │
│                              │                │          │              │                            │                            │ crafted XBM image file                                       │
│                              │                │          │              │                            │                            │ https://avd.aquasec.com/nvd/cve-2026-23876                   │
│                              ├────────────────┤          │              │                            ├────────────────────────────┼──────────────────────────────────────────────────────────────┤
│                              │ CVE-2026-25897 │          │              │                            │ 8:7.1.1.43+dfsg1-1+deb13u6 │ ImageMagick: ImageMagick: Out-of-bounds heap write via       │
│                              │                │          │              │                            │                            │ integer overflow in sun decoder                              │
│                              │                │          │              │                            │                            │ https://avd.aquasec.com/nvd/cve-2026-25897                   │
│                              ├────────────────┤          │              │                            │                            ├──────────────────────────────────────────────────────────────┤
│                              │ CVE-2026-25898 │          │              │                            │                            │ ImageMagick: ImageMagick: Information disclosure or denial   │
│                              │                │          │              │                            │                            │ of service via crafted image with...                         │
│                              │                │          │              │                            │                            │ https://avd.aquasec.com/nvd/cve-2026-25898                   │
│                              ├────────────────┤          │              │                            │                            ├──────────────────────────────────────────────────────────────┤
│                              │ CVE-2026-25968 │          │              │                            │                            │ ImageMagick: ImageMagick: Memory corruption via stack buffer │
│                              │                │          │              │                            │                            │ overflow when processing an attribute...                     │
│                              │                │          │              │                            │                            │ https://avd.aquasec.com/nvd/cve-2026-25968                   │
│                              ├────────────────┤          │              │                            │                            ├──────────────────────────────────────────────────────────────┤
│                              │ CVE-2026-25971 │          │              │                            │                            │ ImageMagick: ImageMagick: Denial of Service via circular     │
│                              │                │          │              │                            │                            │ references in MSL files                                      │
│                              │                │          │              │                            │                            │ https://avd.aquasec.com/nvd/cve-2026-25971                   │
│                              ├────────────────┤          │              │                            │                            ├──────────────────────────────────────────────────────────────┤
│                              │ CVE-2026-25983 │          │              │                            │                            │ ImageMagick: ImageMagick: Denial of service via crafted MSL  │
│                              │                │          │              │                            │                            │ script                                                       │
│                              │                │          │              │                            │                            │ https://avd.aquasec.com/nvd/cve-2026-25983                   │
│                              ├────────────────┤          │              │                            │                            ├──────────────────────────────────────────────────────────────┤
│                              │ CVE-2026-25986 │          │              │                            │                            │ ImageMagick: ImageMagick: Denial of Service via malicious    │
│                              │                │          │              │                            │                            │ YUV image processing                                         │
│                              │                │          │              │                            │                            │ https://avd.aquasec.com/nvd/cve-2026-25986                   │
│                              ├────────────────┤          │              │                            │                            ├──────────────────────────────────────────────────────────────┤
│                              │ CVE-2026-25987 │          │              │                            │                            │ ImageMagick: ImageMagick: Memory disclosure and denial of    │
│                              │                │          │              │                            │                            │ service via crafted MAP files...                             │
│                              │                │          │              │                            │                            │ https://avd.aquasec.com/nvd/cve-2026-25987                   │
│                              ├────────────────┤          │              │                            │                            ├──────────────────────────────────────────────────────────────┤
│                              │ CVE-2026-26284 │          │              │                            │                            │ ImageMagick: ImageMagick: Out-of-bounds read via crafted     │
│                              │                │          │              │                            │                            │ Photo CD (PCD) files                                         │
│                              │                │          │              │                            │                            │ https://avd.aquasec.com/nvd/cve-2026-26284                   │
│                              ├────────────────┼──────────┤              │                            ├────────────────────────────┼──────────────────────────────────────────────────────────────┤
│                              │ CVE-2025-62171 │ HIGH     │              │                            │ 8:7.1.1.43+dfsg1-1+deb13u3 │ ImageMagick: ImageMagick vulnerable to denial of service via │
│                              │                │          │              │                            │                            │ integer overflow in BMP...                                   │
│                              │                │          │              │                            │                            │ https://avd.aquasec.com/nvd/cve-2025-62171                   │
│                              ├────────────────┤          │              │                            ├────────────────────────────┼──────────────────────────────────────────────────────────────┤
│                              │ CVE-2025-66628 │          │              │                            │ 8:7.1.1.43+dfsg1-1+deb13u4 │ ImageMagick: ImageMagick Integer Overflow leading to out of  │
│                              │                │          │              │                            │                            │ bounds read (32-bit only)...                                 │
│                              │                │          │              │                            │                            │ https://avd.aquasec.com/nvd/cve-2025-66628                   │
│                              ├────────────────┤          │              │                            │                            ├──────────────────────────────────────────────────────────────┤
│                              │ CVE-2025-68618 │          │              │                            │                            │ ImageMagick: ImageMagick: Denial of Service via malicious    │
│                              │                │          │              │                            │                            │ SVG file                                                     │
│                              │                │          │              │                            │                            │ https://avd.aquasec.com/nvd/cve-2025-68618                   │
│                              ├────────────────┤          │              │                            │                            ├──────────────────────────────────────────────────────────────┤
│                              │ CVE-2025-69204 │          │              │                            │                            │ ImageMagick: ImageMagick: Denial of Service via integer      │
│                              │                │          │              │                            │                            │ overflow in SVG image processing...                          │
│                              │                │          │              │                            │                            │ https://avd.aquasec.com/nvd/cve-2025-69204                   │
│                              ├────────────────┤          │              │                            ├────────────────────────────┼──────────────────────────────────────────────────────────────┤
│                              │ CVE-2026-23952 │          │              │                            │ 8:7.1.1.43+dfsg1-1+deb13u5 │ ImageMagick: ImageMagick: Denial of Service via processing   │
│                              │                │          │              │                            │                            │ of MSL comment tags                                          │
│                              │                │          │              │                            │                            │ https://avd.aquasec.com/nvd/cve-2026-23952                   │
│                              ├────────────────┤          │              │                            ├────────────────────────────┼──────────────────────────────────────────────────────────────┤
│                              │ CVE-2026-25794 │          │              │                            │ 8:7.1.1.43+dfsg1-1+deb13u6 │ ImageMagick: ImageMagick: Denial of service and potential    │
│                              │                │          │              │                            │                            │ arbitrary code execution via integer...                      │
│                              │                │          │              │                            │                            │ https://avd.aquasec.com/nvd/cve-2026-25794                   │
│                              ├────────────────┤          │              │                            │                            ├──────────────────────────────────────────────────────────────┤
│                              │ CVE-2026-25795 │          │              │                            │                            │ ImageMagick: ImageMagick: Denial of Service due to NULL      │
│                              │                │          │              │                            │                            │ pointer dereference during temporary...                      │
│                              │                │          │              │                            │                            │ https://avd.aquasec.com/nvd/cve-2026-25795                   │
│                              ├────────────────┤          │              │                            │                            ├──────────────────────────────────────────────────────────────┤
│                              │ CVE-2026-25796 │          │              │                            │                            │ ImageMagick: ImageMagick: Denial of Service Vulnerability    │
│                              │                │          │              │                            │                            │ https://avd.aquasec.com/nvd/cve-2026-25796                   │
│                              ├────────────────┤          │              │                            │                            ├──────────────────────────────────────────────────────────────┤
│                              │ CVE-2026-25798 │          │              │                            │                            │ ImageMagick: ImageMagick: Denial of Service via crafted      │
│                              │                │          │              │                            │                            │ image file                                                   │
│                              │                │          │              │                            │                            │ https://avd.aquasec.com/nvd/cve-2026-25798                   │
│                              ├────────────────┤          │              │                            │                            ├──────────────────────────────────────────────────────────────┤
│                              │ CVE-2026-25799 │          │              │                            │                            │ ImageMagick: ImageMagick: Denial of Service via YUV sampling │
│                              │                │          │              │                            │                            │ factor validation error                                      │
│                              │                │          │              │                            │                            │ https://avd.aquasec.com/nvd/cve-2026-25799                   │
│                              ├────────────────┤          │              │                            │                            ├──────────────────────────────────────────────────────────────┤
│                              │ CVE-2026-25965 │          │              │                            │                            │ ImageMagick: ImageMagick: Local File Disclosure via Path     │
│                              │                │          │              │                            │                            │ Traversal                                                    │
│                              │                │          │              │                            │                            │ https://avd.aquasec.com/nvd/cve-2026-25965                   │
│                              ├────────────────┤          │              │                            │                            ├──────────────────────────────────────────────────────────────┤
│                              │ CVE-2026-25966 │          │              │                            │                            │ ImageMagick: ImageMagick: Policy bypass allows unauthorized  │
│                              │                │          │              │                            │                            │ access to standard streams via fd:<n>...                     │
│                              │                │          │              │                            │                            │ https://avd.aquasec.com/nvd/cve-2026-25966                   │
│                              ├────────────────┤          │              │                            │                            ├──────────────────────────────────────────────────────────────┤
│                              │ CVE-2026-25967 │          │              │                            │                            │ ImageMagick: ImageMagick: Denial of Service via crafted FTXT │
│                              │                │          │              │                            │                            │ file                                                         │
│                              │                │          │              │                            │                            │ https://avd.aquasec.com/nvd/cve-2026-25967                   │
│                              ├────────────────┤          │              │                            │                            ├──────────────────────────────────────────────────────────────┤
│                              │ CVE-2026-25969 │          │              │                            │                            │ ImageMagick: ImageMagick: Memory leak leading to denial of   │
│                              │                │          │              │                            │                            │ service via image processing...                              │
│                              │                │          │              │                            │                            │ https://avd.aquasec.com/nvd/cve-2026-25969                   │
│                              ├────────────────┤          │              │                            │                            ├──────────────────────────────────────────────────────────────┤
│                              │ CVE-2026-25970 │          │              │                            │                            │ ImageMagick: ImageMagick: Memory corruption and denial of    │
│                              │                │          │              │                            │                            │ service via signed integer overflow...                       │
│                              │                │          │              │                            │                            │ https://avd.aquasec.com/nvd/cve-2026-25970                   │
│                              ├────────────────┤          │              │                            │                            ├──────────────────────────────────────────────────────────────┤
│                              │ CVE-2026-25985 │          │              │                            │                            │ ImageMagick: Memory allocation with excessive without limits │
│                              │                │          │              │                            │                            │ in the internal SVG decoder...                               │
│                              │                │          │              │                            │                            │ https://avd.aquasec.com/nvd/cve-2026-25985                   │
│                              ├────────────────┤          │              │                            │                            ├──────────────────────────────────────────────────────────────┤
│                              │ CVE-2026-25988 │          │              │                            │                            │ ImageMagick: ImageMagick: Denial of Service due to memory    │
│                              │                │          │              │                            │                            │ leak in image processing...                                  │
│                              │                │          │              │                            │                            │ https://avd.aquasec.com/nvd/cve-2026-25988                   │
│                              ├────────────────┤          │              │                            │                            ├──────────────────────────────────────────────────────────────┤
│                              │ CVE-2026-26066 │          │              │                            │                            │ ImageMagick: ImageMagick: Denial of Service via crafted IPTC │
│                              │                │          │              │                            │                            │ data                                                         │
│                              │                │          │              │                            │                            │ https://avd.aquasec.com/nvd/cve-2026-26066                   │
│                              ├────────────────┤          │              │                            │                            ├──────────────────────────────────────────────────────────────┤
│                              │ CVE-2026-26283 │          │              │                            │                            │ ImageMagick: ImageMagick: Denial of Service via crafted      │
│                              │                │          │              │                            │                            │ image leading to an infinite...                              │
│                              │                │          │              │                            │                            │ https://avd.aquasec.com/nvd/cve-2026-26283                   │
│                              ├────────────────┤          │              │                            │                            ├──────────────────────────────────────────────────────────────┤
│                              │ CVE-2026-27798 │          │              │                            │                            │ ImageMagick: ImageMagick: Information disclosure via heap    │
│                              │                │          │              │                            │                            │ buffer over-read when processing images                      │
│                              │                │          │              │                            │                            │ https://avd.aquasec.com/nvd/cve-2026-27798                   │
│                              ├────────────────┤          │              │                            ├────────────────────────────┼──────────────────────────────────────────────────────────────┤
│                              │ CVE-2026-28691 │          │              │                            │ 8:7.1.1.43+dfsg1-1+deb13u7 │ ImageMagick: ImageMagick: Denial of Service via              │
│                              │                │          │              │                            │                            │ uninitialized pointer dereference in JBIG decoder...         │
│                              │                │          │              │                            │                            │ https://avd.aquasec.com/nvd/cve-2026-28691                   │
│                              ├────────────────┤          │              │                            │                            ├──────────────────────────────────────────────────────────────┤
│                              │ CVE-2026-28693 │          │              │                            │                            │ ImageMagick: ImageMagick: Out-of-bounds read or write due to │
│                              │                │          │              │                            │                            │ integer overflow in DIB...                                   │
│                              │                │          │              │                            │                            │ https://avd.aquasec.com/nvd/cve-2026-28693                   │
│                              ├────────────────┤          │              │                            │                            ├──────────────────────────────────────────────────────────────┤
│                              │ CVE-2026-30883 │          │              │                            │                            │ ImageMagick: ImageMagick: Denial of Service due to heap      │
│                              │                │          │              │                            │                            │ overflow when processing large...                            │
│                              │                │          │              │                            │                            │ https://avd.aquasec.com/nvd/cve-2026-30883                   │
│                              ├────────────────┤          │              │                            │                            ├──────────────────────────────────────────────────────────────┤
│                              │ CVE-2026-30929 │          │              │                            │                            │ ImageMagick: stack-based buffer overflow in MagnifyImage     │
│                              │                │          │              │                            │                            │ https://avd.aquasec.com/nvd/cve-2026-30929                   │
│                              ├────────────────┤          │              │                            │                            ├──────────────────────────────────────────────────────────────┤
│                              │ CVE-2026-30931 │          │              │                            │                            │ ImageMagick: ImageMagick: Heap-based buffer overflow leading │
│                              │                │          │              │                            │                            │ to out-of-bounds write                                       │
│                              │                │          │              │                            │                            │ https://avd.aquasec.com/nvd/cve-2026-30931                   │
│                              ├────────────────┤          │              │                            ├────────────────────────────┼──────────────────────────────────────────────────────────────┤
│                              │ CVE-2026-32636 │          │              │                            │ 8:7.1.1.43+dfsg1-1+deb13u8 │ ImageMagick: ImageMagick: Denial of Service via              │
│                              │                │          │              │                            │                            │ out-of-bounds write in NewXMLTree method                     │
│                              │                │          │              │                            │                            │ https://avd.aquasec.com/nvd/cve-2026-32636                   │
│                              ├────────────────┤          │              │                            │                            ├──────────────────────────────────────────────────────────────┤
│                              │ CVE-2026-33900 │          │              │                            │                            │ ImageMagick: Magick.NET: ImageMagick: Denial of Service via  │
│                              │                │          │              │                            │                            │ integer truncation in viff encoder...                        │
│                              │                │          │              │                            │                            │ https://avd.aquasec.com/nvd/cve-2026-33900                   │
│                              ├────────────────┤          │              │                            │                            ├──────────────────────────────────────────────────────────────┤
│                              │ CVE-2026-33901 │          │              │                            │                            │ ImageMagick: Magick.NET: ImageMagick: Denial of Service due  │
│                              │                │          │              │                            │                            │ to heap buffer overflow in...                                │
│                              │                │          │              │                            │                            │ https://avd.aquasec.com/nvd/cve-2026-33901                   │
│                              ├────────────────┤          │              │                            │                            ├──────────────────────────────────────────────────────────────┤
│                              │ CVE-2026-33905 │          │              │                            │                            │ ImageMagick: ImageMagick: Denial of service via              │
│                              │                │          │              │                            │                            │ out-of-bounds read in -sample operation                      │
│                              │                │          │              │                            │                            │ https://avd.aquasec.com/nvd/cve-2026-33905                   │
│                              ├────────────────┤          │              │                            │                            ├──────────────────────────────────────────────────────────────┤
│                              │ CVE-2026-33908 │          │              │                            │                            │ ImageMagick: Magick.NET: ImageMagick: Denial of Service via  │
│                              │                │          │              │                            │                            │ deeply nested XML file processing...                         │
│                              │                │          │              │                            │                            │ https://avd.aquasec.com/nvd/cve-2026-33908                   │
│                              ├────────────────┤          │              │                            ├────────────────────────────┼──────────────────────────────────────────────────────────────┤
│                              │ CVE-2026-45031 │          │              │                            │ 8:7.1.1.43+dfsg1-1+deb13u9 │ ImageMagick: ImageMagick: Denial of Service due to resource  │
│                              │                │          │              │                            │                            │ policy bypass in PSD...                                      │
│                              │                │          │              │                            │                            │ https://avd.aquasec.com/nvd/cve-2026-45031                   │
│                              ├────────────────┤          │              │                            │                            ├──────────────────────────────────────────────────────────────┤
│                              │ CVE-2026-45359 │          │              │                            │                            │ ImageMagick: ImageMagick: Information Disclosure via Invalid │
│                              │                │          │              │                            │                            │ Connected-Components Value                                   │
│                              │                │          │              │                            │                            │ https://avd.aquasec.com/nvd/cve-2026-45359                   │
│                              ├────────────────┤          │              │                            │                            ├──────────────────────────────────────────────────────────────┤
│                              │ CVE-2026-45664 │          │              │                            │                            │ ImageMagick: ImageMagick: Denial of Service due to excessive │
│                              │                │          │              │                            │                            │ resource use in MNG...                                       │
│                              │                │          │              │                            │                            │ https://avd.aquasec.com/nvd/cve-2026-45664                   │
│                              ├────────────────┤          │              │                            │                            ├──────────────────────────────────────────────────────────────┤
│                              │ CVE-2026-46520 │          │              │                            │                            │ ImageMagick: ImageMagick: Denial of Service via              │
│                              │                │          │              │                            │                            │ out-of-bounds write when processing multiple images...       │
│                              │                │          │              │                            │                            │ https://avd.aquasec.com/nvd/cve-2026-46520                   │
│                              ├────────────────┤          │              │                            │                            ├──────────────────────────────────────────────────────────────┤
│                              │ CVE-2026-46522 │          │              │                            │                            │ ImageMagick: ImageMagick: Denial of Service via crafted MIFF │
│                              │                │          │              │                            │                            │ file                                                         │
│                              │                │          │              │                            │                            │ https://avd.aquasec.com/nvd/cve-2026-46522                   │
│                              ├────────────────┤          │              │                            │                            ├──────────────────────────────────────────────────────────────┤
│                              │ CVE-2026-46523 │          │              │                            │                            │ ImageMagick: ImageMagick: Denial of Service via crafted MSL  │
│                              │                │          │              │                            │                            │ image leading to heap-use-after-free...                      │
│                              │                │          │              │                            │                            │ https://avd.aquasec.com/nvd/cve-2026-46523                   │
├──────────────────────────────┼────────────────┼──────────┤              │                            ├────────────────────────────┼──────────────────────────────────────────────────────────────┤
│ libmagickwand-dev            │ CVE-2026-22770 │ CRITICAL │              │                            │ 8:7.1.1.43+dfsg1-1+deb13u5 │ ImageMagick: ImageMagick: Denial of Service due to improper  │
│                              │                │          │              │                            │                            │ pointer initialization                                       │
│                              │                │          │              │                            │                            │ https://avd.aquasec.com/nvd/cve-2026-22770                   │
│                              ├────────────────┤          │              │                            │                            ├──────────────────────────────────────────────────────────────┤
│                              │ CVE-2026-23876 │          │              │                            │                            │ ImageMagick: ImageMagick: Arbitrary code execution via a     │
│                              │                │          │              │                            │                            │ crafted XBM image file                                       │
│                              │                │          │              │                            │                            │ https://avd.aquasec.com/nvd/cve-2026-23876                   │
│                              ├────────────────┤          │              │                            ├────────────────────────────┼──────────────────────────────────────────────────────────────┤
│                              │ CVE-2026-25897 │          │              │                            │ 8:7.1.1.43+dfsg1-1+deb13u6 │ ImageMagick: ImageMagick: Out-of-bounds heap write via       │
│                              │                │          │              │                            │                            │ integer overflow in sun decoder                              │
│                              │                │          │              │                            │                            │ https://avd.aquasec.com/nvd/cve-2026-25897                   │
│                              ├────────────────┤          │              │                            │                            ├──────────────────────────────────────────────────────────────┤
│                              │ CVE-2026-25898 │          │              │                            │                            │ ImageMagick: ImageMagick: Information disclosure or denial   │
│                              │                │          │              │                            │                            │ of service via crafted image with...                         │
│                              │                │          │              │                            │                            │ https://avd.aquasec.com/nvd/cve-2026-25898                   │
│                              ├────────────────┤          │              │                            │                            ├──────────────────────────────────────────────────────────────┤
│                              │ CVE-2026-25968 │          │              │                            │                            │ ImageMagick: ImageMagick: Memory corruption via stack buffer │
│                              │                │          │              │                            │                            │ overflow when processing an attribute...                     │
│                              │                │          │              │                            │                            │ https://avd.aquasec.com/nvd/cve-2026-25968                   │
│                              ├────────────────┤          │              │                            │                            ├──────────────────────────────────────────────────────────────┤
│                              │ CVE-2026-25971 │          │              │                            │                            │ ImageMagick: ImageMagick: Denial of Service via circular     │
│                              │                │          │              │                            │                            │ references in MSL files                                      │
│                              │                │          │              │                            │                            │ https://avd.aquasec.com/nvd/cve-2026-25971                   │
│                              ├────────────────┤          │              │                            │                            ├──────────────────────────────────────────────────────────────┤
│                              │ CVE-2026-25983 │          │              │                            │                            │ ImageMagick: ImageMagick: Denial of service via crafted MSL  │
│                              │                │          │              │                            │                            │ script                                                       │
│                              │                │          │              │                            │                            │ https://avd.aquasec.com/nvd/cve-2026-25983                   │
│                              ├────────────────┤          │              │                            │                            ├──────────────────────────────────────────────────────────────┤
│                              │ CVE-2026-25986 │          │              │                            │                            │ ImageMagick: ImageMagick: Denial of Service via malicious    │
│                              │                │          │              │                            │                            │ YUV image processing                                         │
│                              │                │          │              │                            │                            │ https://avd.aquasec.com/nvd/cve-2026-25986                   │
│                              ├────────────────┤          │              │                            │                            ├──────────────────────────────────────────────────────────────┤
│                              │ CVE-2026-25987 │          │              │                            │                            │ ImageMagick: ImageMagick: Memory disclosure and denial of    │
│                              │                │          │              │                            │                            │ service via crafted MAP files...                             │
│                              │                │          │              │                            │                            │ https://avd.aquasec.com/nvd/cve-2026-25987                   │
│                              ├────────────────┤          │              │                            │                            ├──────────────────────────────────────────────────────────────┤
│                              │ CVE-2026-26284 │          │              │                            │                            │ ImageMagick: ImageMagick: Out-of-bounds read via crafted     │
│                              │                │          │              │                            │                            │ Photo CD (PCD) files                                         │
│                              │                │          │              │                            │                            │ https://avd.aquasec.com/nvd/cve-2026-26284                   │
│                              ├────────────────┼──────────┤              │                            ├────────────────────────────┼──────────────────────────────────────────────────────────────┤
│                              │ CVE-2025-62171 │ HIGH     │              │                            │ 8:7.1.1.43+dfsg1-1+deb13u3 │ ImageMagick: ImageMagick vulnerable to denial of service via │
│                              │                │          │              │                            │                            │ integer overflow in BMP...                                   │
│                              │                │          │              │                            │                            │ https://avd.aquasec.com/nvd/cve-2025-62171                   │
│                              ├────────────────┤          │              │                            ├────────────────────────────┼──────────────────────────────────────────────────────────────┤
│                              │ CVE-2025-66628 │          │              │                            │ 8:7.1.1.43+dfsg1-1+deb13u4 │ ImageMagick: ImageMagick Integer Overflow leading to out of  │
│                              │                │          │              │                            │                            │ bounds read (32-bit only)...                                 │
│                              │                │          │              │                            │                            │ https://avd.aquasec.com/nvd/cve-2025-66628                   │
│                              ├────────────────┤          │              │                            │                            ├──────────────────────────────────────────────────────────────┤
│                              │ CVE-2025-68618 │          │              │                            │                            │ ImageMagick: ImageMagick: Denial of Service via malicious    │
│                              │                │          │              │                            │                            │ SVG file                                                     │
│                              │                │          │              │                            │                            │ https://avd.aquasec.com/nvd/cve-2025-68618                   │
│                              ├────────────────┤          │              │                            │                            ├──────────────────────────────────────────────────────────────┤
│                              │ CVE-2025-69204 │          │              │                            │                            │ ImageMagick: ImageMagick: Denial of Service via integer      │
│                              │                │          │              │                            │                            │ overflow in SVG image processing...                          │
│                              │                │          │              │                            │                            │ https://avd.aquasec.com/nvd/cve-2025-69204                   │
│                              ├────────────────┤          │              │                            ├────────────────────────────┼──────────────────────────────────────────────────────────────┤
│                              │ CVE-2026-23952 │          │              │                            │ 8:7.1.1.43+dfsg1-1+deb13u5 │ ImageMagick: ImageMagick: Denial of Service via processing   │
│                              │                │          │              │                            │                            │ of MSL comment tags                                          │
│                              │                │          │              │                            │                            │ https://avd.aquasec.com/nvd/cve-2026-23952                   │
│                              ├────────────────┤          │              │                            ├────────────────────────────┼──────────────────────────────────────────────────────────────┤
│                              │ CVE-2026-25794 │          │              │                            │ 8:7.1.1.43+dfsg1-1+deb13u6 │ ImageMagick: ImageMagick: Denial of service and potential    │
│                              │                │          │              │                            │                            │ arbitrary code execution via integer...                      │
│                              │                │          │              │                            │                            │ https://avd.aquasec.com/nvd/cve-2026-25794                   │
│                              ├────────────────┤          │              │                            │                            ├──────────────────────────────────────────────────────────────┤
│                              │ CVE-2026-25795 │          │              │                            │                            │ ImageMagick: ImageMagick: Denial of Service due to NULL      │
│                              │                │          │              │                            │                            │ pointer dereference during temporary...                      │
│                              │                │          │              │                            │                            │ https://avd.aquasec.com/nvd/cve-2026-25795                   │
│                              ├────────────────┤          │              │                            │                            ├──────────────────────────────────────────────────────────────┤
│                              │ CVE-2026-25796 │          │              │                            │                            │ ImageMagick: ImageMagick: Denial of Service Vulnerability    │
│                              │                │          │              │                            │                            │ https://avd.aquasec.com/nvd/cve-2026-25796                   │
│                              ├────────────────┤          │              │                            │                            ├──────────────────────────────────────────────────────────────┤
│                              │ CVE-2026-25798 │          │              │                            │                            │ ImageMagick: ImageMagick: Denial of Service via crafted      │
│                              │                │          │              │                            │                            │ image file                                                   │
│                              │                │          │              │                            │                            │ https://avd.aquasec.com/nvd/cve-2026-25798                   │
│                              ├────────────────┤          │              │                            │                            ├──────────────────────────────────────────────────────────────┤
│                              │ CVE-2026-25799 │          │              │                            │                            │ ImageMagick: ImageMagick: Denial of Service via YUV sampling │
│                              │                │          │              │                            │                            │ factor validation error                                      │
│                              │                │          │              │                            │                            │ https://avd.aquasec.com/nvd/cve-2026-25799                   │
│                              ├────────────────┤          │              │                            │                            ├──────────────────────────────────────────────────────────────┤
│                              │ CVE-2026-25965 │          │              │                            │                            │ ImageMagick: ImageMagick: Local File Disclosure via Path     │
│                              │                │          │              │                            │                            │ Traversal                                                    │
│                              │                │          │              │                            │                            │ https://avd.aquasec.com/nvd/cve-2026-25965                   │
│                              ├────────────────┤          │              │                            │                            ├──────────────────────────────────────────────────────────────┤
│                              │ CVE-2026-25966 │          │              │                            │                            │ ImageMagick: ImageMagick: Policy bypass allows unauthorized  │
│                              │                │          │              │                            │                            │ access to standard streams via fd:<n>...                     │
│                              │                │          │              │                            │                            │ https://avd.aquasec.com/nvd/cve-2026-25966                   │
│                              ├────────────────┤          │              │                            │                            ├──────────────────────────────────────────────────────────────┤
│                              │ CVE-2026-25967 │          │              │                            │                            │ ImageMagick: ImageMagick: Denial of Service via crafted FTXT │
│                              │                │          │              │                            │                            │ file                                                         │
│                              │                │          │              │                            │                            │ https://avd.aquasec.com/nvd/cve-2026-25967                   │
│                              ├────────────────┤          │              │                            │                            ├──────────────────────────────────────────────────────────────┤
│                              │ CVE-2026-25969 │          │              │                            │                            │ ImageMagick: ImageMagick: Memory leak leading to denial of   │
│                              │                │          │              │                            │                            │ service via image processing...                              │
│                              │                │          │              │                            │                            │ https://avd.aquasec.com/nvd/cve-2026-25969                   │
│                              ├────────────────┤          │              │                            │                            ├──────────────────────────────────────────────────────────────┤
│                              │ CVE-2026-25970 │          │              │                            │                            │ ImageMagick: ImageMagick: Memory corruption and denial of    │
│                              │                │          │              │                            │                            │ service via signed integer overflow...                       │
│                              │                │          │              │                            │                            │ https://avd.aquasec.com/nvd/cve-2026-25970                   │
│                              ├────────────────┤          │              │                            │                            ├──────────────────────────────────────────────────────────────┤
│                              │ CVE-2026-25985 │          │              │                            │                            │ ImageMagick: Memory allocation with excessive without limits │
│                              │                │          │              │                            │                            │ in the internal SVG decoder...                               │
│                              │                │          │              │                            │                            │ https://avd.aquasec.com/nvd/cve-2026-25985                   │
│                              ├────────────────┤          │              │                            │                            ├──────────────────────────────────────────────────────────────┤
│                              │ CVE-2026-25988 │          │              │                            │                            │ ImageMagick: ImageMagick: Denial of Service due to memory    │
│                              │                │          │              │                            │                            │ leak in image processing...                                  │
│                              │                │          │              │                            │                            │ https://avd.aquasec.com/nvd/cve-2026-25988                   │
│                              ├────────────────┤          │              │                            │                            ├──────────────────────────────────────────────────────────────┤
│                              │ CVE-2026-26066 │          │              │                            │                            │ ImageMagick: ImageMagick: Denial of Service via crafted IPTC │
│                              │                │          │              │                            │                            │ data                                                         │
│                              │                │          │              │                            │                            │ https://avd.aquasec.com/nvd/cve-2026-26066                   │
│                              ├────────────────┤          │              │                            │                            ├──────────────────────────────────────────────────────────────┤
│                              │ CVE-2026-26283 │          │              │                            │                            │ ImageMagick: ImageMagick: Denial of Service via crafted      │
│                              │                │          │              │                            │                            │ image leading to an infinite...                              │
│                              │                │          │              │                            │                            │ https://avd.aquasec.com/nvd/cve-2026-26283                   │
│                              ├────────────────┤          │              │                            │                            ├──────────────────────────────────────────────────────────────┤
│                              │ CVE-2026-27798 │          │              │                            │                            │ ImageMagick: ImageMagick: Information disclosure via heap    │
│                              │                │          │              │                            │                            │ buffer over-read when processing images                      │
│                              │                │          │              │                            │                            │ https://avd.aquasec.com/nvd/cve-2026-27798                   │
│                              ├────────────────┤          │              │                            ├────────────────────────────┼──────────────────────────────────────────────────────────────┤
│                              │ CVE-2026-28691 │          │              │                            │ 8:7.1.1.43+dfsg1-1+deb13u7 │ ImageMagick: ImageMagick: Denial of Service via              │
│                              │                │          │              │                            │                            │ uninitialized pointer dereference in JBIG decoder...         │
│                              │                │          │              │                            │                            │ https://avd.aquasec.com/nvd/cve-2026-28691                   │
│                              ├────────────────┤          │              │                            │                            ├──────────────────────────────────────────────────────────────┤
│                              │ CVE-2026-28693 │          │              │                            │                            │ ImageMagick: ImageMagick: Out-of-bounds read or write due to │
│                              │                │          │              │                            │                            │ integer overflow in DIB...                                   │
│                              │                │          │              │                            │                            │ https://avd.aquasec.com/nvd/cve-2026-28693                   │
│                              ├────────────────┤          │              │                            │                            ├──────────────────────────────────────────────────────────────┤
│                              │ CVE-2026-30883 │          │              │                            │                            │ ImageMagick: ImageMagick: Denial of Service due to heap      │
│                              │                │          │              │                            │                            │ overflow when processing large...                            │
│                              │                │          │              │                            │                            │ https://avd.aquasec.com/nvd/cve-2026-30883                   │
│                              ├────────────────┤          │              │                            │                            ├──────────────────────────────────────────────────────────────┤
│                              │ CVE-2026-30929 │          │              │                            │                            │ ImageMagick: stack-based buffer overflow in MagnifyImage     │
│                              │                │          │              │                            │                            │ https://avd.aquasec.com/nvd/cve-2026-30929                   │
│                              ├────────────────┤          │              │                            │                            ├──────────────────────────────────────────────────────────────┤
│                              │ CVE-2026-30931 │          │              │                            │                            │ ImageMagick: ImageMagick: Heap-based buffer overflow leading │
│                              │                │          │              │                            │                            │ to out-of-bounds write                                       │
│                              │                │          │              │                            │                            │ https://avd.aquasec.com/nvd/cve-2026-30931                   │
│                              ├────────────────┤          │              │                            ├────────────────────────────┼──────────────────────────────────────────────────────────────┤
│                              │ CVE-2026-32636 │          │              │                            │ 8:7.1.1.43+dfsg1-1+deb13u8 │ ImageMagick: ImageMagick: Denial of Service via              │
│                              │                │          │              │                            │                            │ out-of-bounds write in NewXMLTree method                     │
│                              │                │          │              │                            │                            │ https://avd.aquasec.com/nvd/cve-2026-32636                   │
│                              ├────────────────┤          │              │                            │                            ├──────────────────────────────────────────────────────────────┤
│                              │ CVE-2026-33900 │          │              │                            │                            │ ImageMagick: Magick.NET: ImageMagick: Denial of Service via  │
│                              │                │          │              │                            │                            │ integer truncation in viff encoder...                        │
│                              │                │          │              │                            │                            │ https://avd.aquasec.com/nvd/cve-2026-33900                   │
│                              ├────────────────┤          │              │                            │                            ├──────────────────────────────────────────────────────────────┤
│                              │ CVE-2026-33901 │          │              │                            │                            │ ImageMagick: Magick.NET: ImageMagick: Denial of Service due  │
│                              │                │          │              │                            │                            │ to heap buffer overflow in...                                │
│                              │                │          │              │                            │                            │ https://avd.aquasec.com/nvd/cve-2026-33901                   │
│                              ├────────────────┤          │              │                            │                            ├──────────────────────────────────────────────────────────────┤
│                              │ CVE-2026-33905 │          │              │                            │                            │ ImageMagick: ImageMagick: Denial of service via              │
│                              │                │          │              │                            │                            │ out-of-bounds read in -sample operation                      │
│                              │                │          │              │                            │                            │ https://avd.aquasec.com/nvd/cve-2026-33905                   │
│                              ├────────────────┤          │              │                            │                            ├──────────────────────────────────────────────────────────────┤
│                              │ CVE-2026-33908 │          │              │                            │                            │ ImageMagick: Magick.NET: ImageMagick: Denial of Service via  │
│                              │                │          │              │                            │                            │ deeply nested XML file processing...                         │
│                              │                │          │              │                            │                            │ https://avd.aquasec.com/nvd/cve-2026-33908                   │
│                              ├────────────────┤          │              │                            ├────────────────────────────┼──────────────────────────────────────────────────────────────┤
│                              │ CVE-2026-45031 │          │              │                            │ 8:7.1.1.43+dfsg1-1+deb13u9 │ ImageMagick: ImageMagick: Denial of Service due to resource  │
│                              │                │          │              │                            │                            │ policy bypass in PSD...                                      │
│                              │                │          │              │                            │                            │ https://avd.aquasec.com/nvd/cve-2026-45031                   │
│                              ├────────────────┤          │              │                            │                            ├──────────────────────────────────────────────────────────────┤
│                              │ CVE-2026-45359 │          │              │                            │                            │ ImageMagick: ImageMagick: Information Disclosure via Invalid │
│                              │                │          │              │                            │                            │ Connected-Components Value                                   │
│                              │                │          │              │                            │                            │ https://avd.aquasec.com/nvd/cve-2026-45359                   │
│                              ├────────────────┤          │              │                            │                            ├──────────────────────────────────────────────────────────────┤
│                              │ CVE-2026-45664 │          │              │                            │                            │ ImageMagick: ImageMagick: Denial of Service due to excessive │
│                              │                │          │              │                            │                            │ resource use in MNG...                                       │
│                              │                │          │              │                            │                            │ https://avd.aquasec.com/nvd/cve-2026-45664                   │
│                              ├────────────────┤          │              │                            │                            ├──────────────────────────────────────────────────────────────┤
│                              │ CVE-2026-46520 │          │              │                            │                            │ ImageMagick: ImageMagick: Denial of Service via              │
│                              │                │          │              │                            │                            │ out-of-bounds write when processing multiple images...       │
│                              │                │          │              │                            │                            │ https://avd.aquasec.com/nvd/cve-2026-46520                   │
│                              ├────────────────┤          │              │                            │                            ├──────────────────────────────────────────────────────────────┤
│                              │ CVE-2026-46522 │          │              │                            │                            │ ImageMagick: ImageMagick: Denial of Service via crafted MIFF │
│                              │                │          │              │                            │                            │ file                                                         │
│                              │                │          │              │                            │                            │ https://avd.aquasec.com/nvd/cve-2026-46522                   │
│                              ├────────────────┤          │              │                            │                            ├──────────────────────────────────────────────────────────────┤
│                              │ CVE-2026-46523 │          │              │                            │                            │ ImageMagick: ImageMagick: Denial of Service via crafted MSL  │
│                              │                │          │              │                            │                            │ image leading to heap-use-after-free...                      │
│                              │                │          │              │                            │                            │ https://avd.aquasec.com/nvd/cve-2026-46523                   │
├──────────────────────────────┼────────────────┼──────────┤              ├────────────────────────────┼────────────────────────────┼──────────────────────────────────────────────────────────────┤
│ libmariadb-dev               │ CVE-2026-32710 │ CRITICAL │              │ 1:11.8.3-0+deb13u1         │ 1:11.8.6-0+deb13u1         │ MariaDB: MariaDB: Remote Code Execution or Denial of Service │
│                              │                │          │              │                            │                            │ via JSON_SCHEMA_VALID() function...                          │
│                              │                │          │              │                            │                            │ https://avd.aquasec.com/nvd/cve-2026-32710                   │
├──────────────────────────────┤                │          │              │                            │                            │                                                              │
│ libmariadb-dev-compat        │                │          │              │                            │                            │                                                              │
│                              │                │          │              │                            │                            │                                                              │
│                              │                │          │              │                            │                            │                                                              │
├──────────────────────────────┤                │          │              │                            │                            │                                                              │
│ libmariadb3                  │                │          │              │                            │                            │                                                              │
│                              │                │          │              │                            │                            │                                                              │
│                              │                │          │              │                            │                            │                                                              │
├──────────────────────────────┼────────────────┼──────────┼──────────────┼────────────────────────────┼────────────────────────────┼──────────────────────────────────────────────────────────────┤
│ libncurses-dev               │ CVE-2025-69720 │ HIGH     │ affected     │ 6.5+20250216-2             │                            │ ncurses: ncurses: Buffer overflow vulnerability may lead to  │
│                              │                │          │              │                            │                            │ arbitrary code execution.                                    │
│                              │                │          │              │                            │                            │ https://avd.aquasec.com/nvd/cve-2025-69720                   │
├──────────────────────────────┤                │          │              │                            ├────────────────────────────┤                                                              │
│ libncurses6                  │                │          │              │                            │                            │                                                              │
│                              │                │          │              │                            │                            │                                                              │
│                              │                │          │              │                            │                            │                                                              │
├──────────────────────────────┤                │          │              │                            ├────────────────────────────┤                                                              │
│ libncursesw6                 │                │          │              │                            │                            │                                                              │
│                              │                │          │              │                            │                            │                                                              │
│                              │                │          │              │                            │                            │                                                              │
├──────────────────────────────┼────────────────┤          ├──────────────┼────────────────────────────┼────────────────────────────┼──────────────────────────────────────────────────────────────┤
│ libnghttp2-14                │ CVE-2026-27135 │          │ fixed        │ 1.64.0-1.1                 │ 1.64.0-1.1+deb13u1         │ nghttp2: nghttp2: Denial of Service via malformed HTTP/2     │
│                              │                │          │              │                            │                            │ frames after session termination...                          │
│                              │                │          │              │                            │                            │ https://avd.aquasec.com/nvd/cve-2026-27135                   │
├──────────────────────────────┤                │          │              │                            │                            │                                                              │
│ libnghttp2-dev               │                │          │              │                            │                            │                                                              │
│                              │                │          │              │                            │                            │                                                              │
│                              │                │          │              │                            │                            │                                                              │
├──────────────────────────────┼────────────────┤          │              ├────────────────────────────┼────────────────────────────┼──────────────────────────────────────────────────────────────┤
│ libngtcp2-16                 │ CVE-2026-40170 │          │              │ 1.11.0-1                   │ 1.11.0-1+deb13u1           │ ngtcp2: ngtcp2: Denial of service via stack buffer overflow  │
│                              │                │          │              │                            │                            │ during QUIC handshake...                                     │
│                              │                │          │              │                            │                            │ https://avd.aquasec.com/nvd/cve-2026-40170                   │
├──────────────────────────────┤                │          │              │                            │                            │                                                              │
│ libngtcp2-crypto-gnutls8     │                │          │              │                            │                            │                                                              │
│                              │                │          │              │                            │                            │                                                              │
│                              │                │          │              │                            │                            │                                                              │
├──────────────────────────────┼────────────────┼──────────┼──────────────┼────────────────────────────┼────────────────────────────┼──────────────────────────────────────────────────────────────┤
│ libopenexr-3-1-30            │ CVE-2026-42216 │ CRITICAL │ affected     │ 3.1.13-2                   │                            │ OpenEXR: OpenEXR: Information disclosure and denial of       │
│                              │                │          │              │                            │                            │ service via malformed EXR files...                           │
│                              │                │          │              │                            │                            │ https://avd.aquasec.com/nvd/cve-2026-42216                   │
│                              ├────────────────┤          │              │                            ├────────────────────────────┼──────────────────────────────────────────────────────────────┤
│                              │ CVE-2026-42217 │          │              │                            │                            │ OpenEXR: OpenEXR: Information disclosure via malformed EXR   │
│                              │                │          │              │                            │                            │ image file processing                                        │
│                              │                │          │              │                            │                            │ https://avd.aquasec.com/nvd/cve-2026-42217                   │
│                              ├────────────────┼──────────┼──────────────┤                            ├────────────────────────────┼──────────────────────────────────────────────────────────────┤
│                              │ CVE-2025-12495 │ HIGH     │ fix_deferred │                            │                            │ OpenEXR: OpenEXR: Remote Code Execution via malicious EXR    │
│                              │                │          │              │                            │                            │ file parsing                                                 │
│                              │                │          │              │                            │                            │ https://avd.aquasec.com/nvd/cve-2025-12495                   │
│                              ├────────────────┤          │              │                            ├────────────────────────────┼──────────────────────────────────────────────────────────────┤
│                              │ CVE-2025-12839 │          │              │                            │                            │ OpenEXR: OpenEXR: Remote Code Execution via Heap-based       │
│                              │                │          │              │                            │                            │ Buffer Overflow in EXR File...                               │
│                              │                │          │              │                            │                            │ https://avd.aquasec.com/nvd/cve-2025-12839                   │
│                              ├────────────────┤          │              │                            ├────────────────────────────┼──────────────────────────────────────────────────────────────┤
│                              │ CVE-2025-12840 │          │              │                            │                            │ OpenEXR: OpenEXR: Remote Code Execution via EXR file parsing │
│                              │                │          │              │                            │                            │ heap-based buffer overflow...                                │
│                              │                │          │              │                            │                            │ https://avd.aquasec.com/nvd/cve-2025-12840                   │
│                              ├────────────────┤          ├──────────────┤                            ├────────────────────────────┼──────────────────────────────────────────────────────────────┤
│                              │ CVE-2025-64181 │          │ affected     │                            │                            │ openexr: Use of Uninitialized Memory inside generic_unpack   │
│                              │                │          │              │                            │                            │ https://avd.aquasec.com/nvd/cve-2025-64181                   │
│                              ├────────────────┤          │              │                            ├────────────────────────────┼──────────────────────────────────────────────────────────────┤
│                              │ CVE-2026-27622 │          │              │                            │                            │ openexr: OpenEXR: Arbitrary code execution via integer       │
│                              │                │          │              │                            │                            │ overflow in EXR file processing...                           │
│                              │                │          │              │                            │                            │ https://avd.aquasec.com/nvd/cve-2026-27622                   │
│                              ├────────────────┤          │              │                            ├────────────────────────────┼──────────────────────────────────────────────────────────────┤
│                              │ CVE-2026-34379 │          │              │                            │                            │ OpenEXR: OpenEXR: Denial of Service due to misaligned memory │
│                              │                │          │              │                            │                            │ write during EXR...                                          │
│                              │                │          │              │                            │                            │ https://avd.aquasec.com/nvd/cve-2026-34379                   │
│                              ├────────────────┤          │              │                            ├────────────────────────────┼──────────────────────────────────────────────────────────────┤
│                              │ CVE-2026-34543 │          │              │                            │                            │ OpenEXR: OpenEXR: Information disclosure via malicious EXR   │
│                              │                │          │              │                            │                            │ file                                                         │
│                              │                │          │              │                            │                            │ https://avd.aquasec.com/nvd/cve-2026-34543                   │
│                              ├────────────────┤          │              │                            ├────────────────────────────┼──────────────────────────────────────────────────────────────┤
│                              │ CVE-2026-34544 │          │              │                            │                            │ OpenEXR: OpenEXR: Memory corruption and Denial of Service    │
│                              │                │          │              │                            │                            │ via crafted EXR file...                                      │
│                              │                │          │              │                            │                            │ https://avd.aquasec.com/nvd/cve-2026-34544                   │
│                              ├────────────────┤          │              │                            ├────────────────────────────┼──────────────────────────────────────────────────────────────┤
│                              │ CVE-2026-34545 │          │              │                            │                            │ OpenEXR: OpenEXR: Remote code execution via crafted EXR      │
│                              │                │          │              │                            │                            │ files                                                        │
│                              │                │          │              │                            │                            │ https://avd.aquasec.com/nvd/cve-2026-34545                   │
│                              ├────────────────┤          │              │                            ├────────────────────────────┼──────────────────────────────────────────────────────────────┤
│                              │ CVE-2026-34588 │          │              │                            │                            │ OpenEXR: OpenEXR: Arbitrary code execution and information   │
│                              │                │          │              │                            │                            │ disclosure via crafted EXR file...                           │
│                              │                │          │              │                            │                            │ https://avd.aquasec.com/nvd/cve-2026-34588                   │
│                              ├────────────────┤          │              │                            ├────────────────────────────┼──────────────────────────────────────────────────────────────┤
│                              │ CVE-2026-40244 │          │              │                            │                            │ OpenEXR: OpenEXR: Arbitrary code execution via integer       │
│                              │                │          │              │                            │                            │ overflow in EXR image processing...                          │
│                              │                │          │              │                            │                            │ https://avd.aquasec.com/nvd/cve-2026-40244                   │
│                              ├────────────────┤          │              │                            ├────────────────────────────┼──────────────────────────────────────────────────────────────┤
│                              │ CVE-2026-40250 │          │              │                            │                            │ OpenEXR: OpenEXR: Integer overflow leads to memory           │
│                              │                │          │              │                            │                            │ corruption and denial of service...                          │
│                              │                │          │              │                            │                            │ https://avd.aquasec.com/nvd/cve-2026-40250                   │
│                              ├────────────────┤          │              │                            ├────────────────────────────┼──────────────────────────────────────────────────────────────┤
│                              │ CVE-2026-41142 │          │              │                            │                            │ OpenEXR: OpenEXR: Arbitrary code execution via integer       │
│                              │                │          │              │                            │                            │ overflow in image resizing                                   │
│                              │                │          │              │                            │                            │ https://avd.aquasec.com/nvd/cve-2026-41142                   │
├──────────────────────────────┼────────────────┼──────────┤              │                            ├────────────────────────────┼──────────────────────────────────────────────────────────────┤
│ libopenexr-dev               │ CVE-2026-42216 │ CRITICAL │              │                            │                            │ OpenEXR: OpenEXR: Information disclosure and denial of       │
│                              │                │          │              │                            │                            │ service via malformed EXR files...                           │
│                              │                │          │              │                            │                            │ https://avd.aquasec.com/nvd/cve-2026-42216                   │
│                              ├────────────────┤          │              │                            ├────────────────────────────┼──────────────────────────────────────────────────────────────┤
│                              │ CVE-2026-42217 │          │              │                            │                            │ OpenEXR: OpenEXR: Information disclosure via malformed EXR   │
│                              │                │          │              │                            │                            │ image file processing                                        │
│                              │                │          │              │                            │                            │ https://avd.aquasec.com/nvd/cve-2026-42217                   │
│                              ├────────────────┼──────────┼──────────────┤                            ├────────────────────────────┼──────────────────────────────────────────────────────────────┤
│                              │ CVE-2025-12495 │ HIGH     │ fix_deferred │                            │                            │ OpenEXR: OpenEXR: Remote Code Execution via malicious EXR    │
│                              │                │          │              │                            │                            │ file parsing                                                 │
│                              │                │          │              │                            │                            │ https://avd.aquasec.com/nvd/cve-2025-12495                   │
│                              ├────────────────┤          │              │                            ├────────────────────────────┼──────────────────────────────────────────────────────────────┤
│                              │ CVE-2025-12839 │          │              │                            │                            │ OpenEXR: OpenEXR: Remote Code Execution via Heap-based       │
│                              │                │          │              │                            │                            │ Buffer Overflow in EXR File...                               │
│                              │                │          │              │                            │                            │ https://avd.aquasec.com/nvd/cve-2025-12839                   │
│                              ├────────────────┤          │              │                            ├────────────────────────────┼──────────────────────────────────────────────────────────────┤
│                              │ CVE-2025-12840 │          │              │                            │                            │ OpenEXR: OpenEXR: Remote Code Execution via EXR file parsing │
│                              │                │          │              │                            │                            │ heap-based buffer overflow...                                │
│                              │                │          │              │                            │                            │ https://avd.aquasec.com/nvd/cve-2025-12840                   │
│                              ├────────────────┤          ├──────────────┤                            ├────────────────────────────┼──────────────────────────────────────────────────────────────┤
│                              │ CVE-2025-64181 │          │ affected     │                            │                            │ openexr: Use of Uninitialized Memory inside generic_unpack   │
│                              │                │          │              │                            │                            │ https://avd.aquasec.com/nvd/cve-2025-64181                   │
│                              ├────────────────┤          │              │                            ├────────────────────────────┼──────────────────────────────────────────────────────────────┤
│                              │ CVE-2026-27622 │          │              │                            │                            │ openexr: OpenEXR: Arbitrary code execution via integer       │
│                              │                │          │              │                            │                            │ overflow in EXR file processing...                           │
│                              │                │          │              │                            │                            │ https://avd.aquasec.com/nvd/cve-2026-27622                   │
│                              ├────────────────┤          │              │                            ├────────────────────────────┼──────────────────────────────────────────────────────────────┤
│                              │ CVE-2026-34379 │          │              │                            │                            │ OpenEXR: OpenEXR: Denial of Service due to misaligned memory │
│                              │                │          │              │                            │                            │ write during EXR...                                          │
│                              │                │          │              │                            │                            │ https://avd.aquasec.com/nvd/cve-2026-34379                   │
│                              ├────────────────┤          │              │                            ├────────────────────────────┼──────────────────────────────────────────────────────────────┤
│                              │ CVE-2026-34543 │          │              │                            │                            │ OpenEXR: OpenEXR: Information disclosure via malicious EXR   │
│                              │                │          │              │                            │                            │ file                                                         │
│                              │                │          │              │                            │                            │ https://avd.aquasec.com/nvd/cve-2026-34543                   │
│                              ├────────────────┤          │              │                            ├────────────────────────────┼──────────────────────────────────────────────────────────────┤
│                              │ CVE-2026-34544 │          │              │                            │                            │ OpenEXR: OpenEXR: Memory corruption and Denial of Service    │
│                              │                │          │              │                            │                            │ via crafted EXR file...                                      │
│                              │                │          │              │                            │                            │ https://avd.aquasec.com/nvd/cve-2026-34544                   │
│                              ├────────────────┤          │              │                            ├────────────────────────────┼──────────────────────────────────────────────────────────────┤
│                              │ CVE-2026-34545 │          │              │                            │                            │ OpenEXR: OpenEXR: Remote code execution via crafted EXR      │
│                              │                │          │              │                            │                            │ files                                                        │
│                              │                │          │              │                            │                            │ https://avd.aquasec.com/nvd/cve-2026-34545                   │
│                              ├────────────────┤          │              │                            ├────────────────────────────┼──────────────────────────────────────────────────────────────┤
│                              │ CVE-2026-34588 │          │              │                            │                            │ OpenEXR: OpenEXR: Arbitrary code execution and information   │
│                              │                │          │              │                            │                            │ disclosure via crafted EXR file...                           │
│                              │                │          │              │                            │                            │ https://avd.aquasec.com/nvd/cve-2026-34588                   │
│                              ├────────────────┤          │              │                            ├────────────────────────────┼──────────────────────────────────────────────────────────────┤
│                              │ CVE-2026-40244 │          │              │                            │                            │ OpenEXR: OpenEXR: Arbitrary code execution via integer       │
│                              │                │          │              │                            │                            │ overflow in EXR image processing...                          │
│                              │                │          │              │                            │                            │ https://avd.aquasec.com/nvd/cve-2026-40244                   │
│                              ├────────────────┤          │              │                            ├────────────────────────────┼──────────────────────────────────────────────────────────────┤
│                              │ CVE-2026-40250 │          │              │                            │                            │ OpenEXR: OpenEXR: Integer overflow leads to memory           │
│                              │                │          │              │                            │                            │ corruption and denial of service...                          │
│                              │                │          │              │                            │                            │ https://avd.aquasec.com/nvd/cve-2026-40250                   │
│                              ├────────────────┤          │              │                            ├────────────────────────────┼──────────────────────────────────────────────────────────────┤
│                              │ CVE-2026-41142 │          │              │                            │                            │ OpenEXR: OpenEXR: Arbitrary code execution via integer       │
│                              │                │          │              │                            │                            │ overflow in image resizing                                   │
│                              │                │          │              │                            │                            │ https://avd.aquasec.com/nvd/cve-2026-41142                   │
├──────────────────────────────┼────────────────┼──────────┼──────────────┼────────────────────────────┼────────────────────────────┼──────────────────────────────────────────────────────────────┤
│ libperl5.40                  │ CVE-2026-42496 │ CRITICAL │ fix_deferred │ 5.40.1-6                   │                            │ perl-archive-tar: perl-archive-tar: Path traversal via       │
│                              │                │          │              │                            │                            │ crafted symlinks allows arbitrary file access                │
│                              │                │          │              │                            │                            │ https://avd.aquasec.com/nvd/cve-2026-42496                   │
│                              ├────────────────┤          ├──────────────┤                            ├────────────────────────────┼──────────────────────────────────────────────────────────────┤
│                              │ CVE-2026-8376  │          │ affected     │                            │                            │ Perl versions through 5.43.10 have a heap buffer overflow    │
│                              │                │          │              │                            │                            │ when compili ......                                          │
│                              │                │          │              │                            │                            │ https://avd.aquasec.com/nvd/cve-2026-8376                    │
│                              ├────────────────┼──────────┼──────────────┤                            ├────────────────────────────┼──────────────────────────────────────────────────────────────┤
│                              │ CVE-2026-42497 │ HIGH     │ fix_deferred │                            │                            │ Archive::Tar versions before 3.08 for Perl extract hardlinks │
│                              │                │          │              │                            │                            │ to attack ...                                                │
│                              │                │          │              │                            │                            │ https://avd.aquasec.com/nvd/cve-2026-42497                   │
│                              ├────────────────┤          ├──────────────┤                            ├────────────────────────────┼──────────────────────────────────────────────────────────────┤
│                              │ CVE-2026-48959 │          │ affected     │                            │                            │ IO::Uncompress::Unzip versions before 2.220 for Perl allow   │
│                              │                │          │              │                            │                            │ CPU exhaust ...                                              │
│                              │                │          │              │                            │                            │ https://avd.aquasec.com/nvd/cve-2026-48959                   │
│                              ├────────────────┤          │              │                            ├────────────────────────────┼──────────────────────────────────────────────────────────────┤
│                              │ CVE-2026-48962 │          │              │                            │                            │ perl-IO-Compress: perl-IO-Compress: Arbitrary code execution │
│                              │                │          │              │                            │                            │ via attacker-controlled output glob                          │
│                              │                │          │              │                            │                            │ https://avd.aquasec.com/nvd/cve-2026-48962                   │
│                              ├────────────────┤          ├──────────────┤                            ├────────────────────────────┼──────────────────────────────────────────────────────────────┤
│                              │ CVE-2026-9538  │          │ fix_deferred │                            │                            │ Archive::Tar versions before 3.10 for Perl allow memory      │
│                              │                │          │              │                            │                            │ exhaustion via ...                                           │
│                              │                │          │              │                            │                            │ https://avd.aquasec.com/nvd/cve-2026-9538                    │
├──────────────────────────────┼────────────────┤          ├──────────────┼────────────────────────────┼────────────────────────────┼──────────────────────────────────────────────────────────────┤
│ libpng-dev                   │ CVE-2025-64720 │          │ fixed        │ 1.6.48-1                   │ 1.6.48-1+deb13u1           │ libpng: LIBPNG buffer overflow                               │
│                              │                │          │              │                            │                            │ https://avd.aquasec.com/nvd/cve-2025-64720                   │
│                              ├────────────────┤          │              │                            │                            ├──────────────────────────────────────────────────────────────┤
│                              │ CVE-2025-65018 │          │              │                            │                            │ libpng: LIBPNG heap buffer overflow                          │
│                              │                │          │              │                            │                            │ https://avd.aquasec.com/nvd/cve-2025-65018                   │
│                              ├────────────────┤          │              │                            │                            ├──────────────────────────────────────────────────────────────┤
│                              │ CVE-2025-66293 │          │              │                            │                            │ libpng: LIBPNG out-of-bounds read in                         │
│                              │                │          │              │                            │                            │ png_image_read_composite                                     │
│                              │                │          │              │                            │                            │ https://avd.aquasec.com/nvd/cve-2025-66293                   │
│                              ├────────────────┤          │              │                            ├────────────────────────────┼──────────────────────────────────────────────────────────────┤
│                              │ CVE-2026-22695 │          │              │                            │ 1.6.48-1+deb13u2           │ libpng: libpng: Denial of service and information disclosure │
│                              │                │          │              │                            │                            │ via heap buffer over-read...                                 │
│                              │                │          │              │                            │                            │ https://avd.aquasec.com/nvd/cve-2026-22695                   │
│                              ├────────────────┤          │              │                            │                            ├──────────────────────────────────────────────────────────────┤
│                              │ CVE-2026-22801 │          │              │                            │                            │ libpng: libpng: Information disclosure and denial of service │
│                              │                │          │              │                            │                            │ via integer truncation in...                                 │
│                              │                │          │              │                            │                            │ https://avd.aquasec.com/nvd/cve-2026-22801                   │
│                              ├────────────────┤          │              │                            ├────────────────────────────┼──────────────────────────────────────────────────────────────┤
│                              │ CVE-2026-25646 │          │              │                            │ 1.6.48-1+deb13u3           │ libpng: LIBPNG has a heap buffer overflow in                 │
│                              │                │          │              │                            │                            │ png_set_quantize                                             │
│                              │                │          │              │                            │                            │ https://avd.aquasec.com/nvd/cve-2026-25646                   │
├──────────────────────────────┼────────────────┤          │              │                            ├────────────────────────────┼──────────────────────────────────────────────────────────────┤
│ libpng16-16t64               │ CVE-2025-64720 │          │              │                            │ 1.6.48-1+deb13u1           │ libpng: LIBPNG buffer overflow                               │
│                              │                │          │              │                            │                            │ https://avd.aquasec.com/nvd/cve-2025-64720                   │
│                              ├────────────────┤          │              │                            │                            ├──────────────────────────────────────────────────────────────┤
│                              │ CVE-2025-65018 │          │              │                            │                            │ libpng: LIBPNG heap buffer overflow                          │
│                              │                │          │              │                            │                            │ https://avd.aquasec.com/nvd/cve-2025-65018                   │
│                              ├────────────────┤          │              │                            │                            ├──────────────────────────────────────────────────────────────┤
│                              │ CVE-2025-66293 │          │              │                            │                            │ libpng: LIBPNG out-of-bounds read in                         │
│                              │                │          │              │                            │                            │ png_image_read_composite                                     │
│                              │                │          │              │                            │                            │ https://avd.aquasec.com/nvd/cve-2025-66293                   │
│                              ├────────────────┤          │              │                            ├────────────────────────────┼──────────────────────────────────────────────────────────────┤
│                              │ CVE-2026-22695 │          │              │                            │ 1.6.48-1+deb13u2           │ libpng: libpng: Denial of service and information disclosure │
│                              │                │          │              │                            │                            │ via heap buffer over-read...                                 │
│                              │                │          │              │                            │                            │ https://avd.aquasec.com/nvd/cve-2026-22695                   │
│                              ├────────────────┤          │              │                            │                            ├──────────────────────────────────────────────────────────────┤
│                              │ CVE-2026-22801 │          │              │                            │                            │ libpng: libpng: Information disclosure and denial of service │
│                              │                │          │              │                            │                            │ via integer truncation in...                                 │
│                              │                │          │              │                            │                            │ https://avd.aquasec.com/nvd/cve-2026-22801                   │
│                              ├────────────────┤          │              │                            ├────────────────────────────┼──────────────────────────────────────────────────────────────┤
│                              │ CVE-2026-25646 │          │              │                            │ 1.6.48-1+deb13u3           │ libpng: LIBPNG has a heap buffer overflow in                 │
│                              │                │          │              │                            │                            │ png_set_quantize                                             │
│                              │                │          │              │                            │                            │ https://avd.aquasec.com/nvd/cve-2026-25646                   │
├──────────────────────────────┼────────────────┤          │              ├────────────────────────────┼────────────────────────────┼──────────────────────────────────────────────────────────────┤
│ libpq-dev                    │ CVE-2026-2004  │          │              │ 17.6-0+deb13u1             │ 17.8-0+deb13u1             │ postgresql: PostgreSQL intarray missing validation of type   │
│                              │                │          │              │                            │                            │ of input to selectivity estimator...                         │
│                              │                │          │              │                            │                            │ https://avd.aquasec.com/nvd/cve-2026-2004                    │
│                              ├────────────────┤          │              │                            │                            ├──────────────────────────────────────────────────────────────┤
│                              │ CVE-2026-2005  │          │              │                            │                            │ postgresql: PostgreSQL pgcrypto heap buffer overflow         │
│                              │                │          │              │                            │                            │ executes arbitrary code                                      │
│                              │                │          │              │                            │                            │ https://avd.aquasec.com/nvd/cve-2026-2005                    │
│                              ├────────────────┤          │              │                            │                            ├──────────────────────────────────────────────────────────────┤
│                              │ CVE-2026-2006  │          │              │                            │                            │ postgresql: PostgreSQL missing validation of multibyte       │
│                              │                │          │              │                            │                            │ character length executes arbitrary code                     │
│                              │                │          │              │                            │                            │ https://avd.aquasec.com/nvd/cve-2026-2006                    │
│                              ├────────────────┤          │              │                            ├────────────────────────────┼──────────────────────────────────────────────────────────────┤
│                              │ CVE-2026-6473  │          │              │                            │ 17.10-0+deb13u1            │ postgresql: integer overflow can cause an undersized         │
│                              │                │          │              │                            │                            │ allocation and an out-of-bounds write...                     │
│                              │                │          │              │                            │                            │ https://avd.aquasec.com/nvd/cve-2026-6473                    │
│                              ├────────────────┤          │              │                            │                            ├──────────────────────────────────────────────────────────────┤
│                              │ CVE-2026-6477  │          │              │                            │                            │ postgresql: PostgreSQL libpq: Buffer overflow allows server  │
│                              │                │          │              │                            │                            │ superuser to overwrite client stack...                       │
│                              │                │          │              │                            │                            │ https://avd.aquasec.com/nvd/cve-2026-6477                    │
│                              ├────────────────┤          │              │                            │                            ├──────────────────────────────────────────────────────────────┤
│                              │ CVE-2026-6478  │          │              │                            │                            │ postgresql: PostgreSQL: Credential recovery via covert       │
│                              │                │          │              │                            │                            │ timing channel in MD5 password comparison...                 │
│                              │                │          │              │                            │                            │ https://avd.aquasec.com/nvd/cve-2026-6478                    │
│                              ├────────────────┤          │              │                            │                            ├──────────────────────────────────────────────────────────────┤
│                              │ CVE-2026-6638  │          │              │                            │                            │ SQL injection in PostgreSQL logical replication ALTER        │
│                              │                │          │              │                            │                            │ SUBSCRIPTION ... ...                                         │
│                              │                │          │              │                            │                            │ https://avd.aquasec.com/nvd/cve-2026-6638                    │
├──────────────────────────────┼────────────────┤          │              │                            ├────────────────────────────┼──────────────────────────────────────────────────────────────┤
│ libpq5                       │ CVE-2026-2004  │          │              │                            │ 17.8-0+deb13u1             │ postgresql: PostgreSQL intarray missing validation of type   │
│                              │                │          │              │                            │                            │ of input to selectivity estimator...                         │
│                              │                │          │              │                            │                            │ https://avd.aquasec.com/nvd/cve-2026-2004                    │
│                              ├────────────────┤          │              │                            │                            ├──────────────────────────────────────────────────────────────┤
│                              │ CVE-2026-2005  │          │              │                            │                            │ postgresql: PostgreSQL pgcrypto heap buffer overflow         │
│                              │                │          │              │                            │                            │ executes arbitrary code                                      │
│                              │                │          │              │                            │                            │ https://avd.aquasec.com/nvd/cve-2026-2005                    │
│                              ├────────────────┤          │              │                            │                            ├──────────────────────────────────────────────────────────────┤
│                              │ CVE-2026-2006  │          │              │                            │                            │ postgresql: PostgreSQL missing validation of multibyte       │
│                              │                │          │              │                            │                            │ character length executes arbitrary code                     │
│                              │                │          │              │                            │                            │ https://avd.aquasec.com/nvd/cve-2026-2006                    │
│                              ├────────────────┤          │              │                            ├────────────────────────────┼──────────────────────────────────────────────────────────────┤
│                              │ CVE-2026-6473  │          │              │                            │ 17.10-0+deb13u1            │ postgresql: integer overflow can cause an undersized         │
│                              │                │          │              │                            │                            │ allocation and an out-of-bounds write...                     │
│                              │                │          │              │                            │                            │ https://avd.aquasec.com/nvd/cve-2026-6473                    │
│                              ├────────────────┤          │              │                            │                            ├──────────────────────────────────────────────────────────────┤
│                              │ CVE-2026-6477  │          │              │                            │                            │ postgresql: PostgreSQL libpq: Buffer overflow allows server  │
│                              │                │          │              │                            │                            │ superuser to overwrite client stack...                       │
│                              │                │          │              │                            │                            │ https://avd.aquasec.com/nvd/cve-2026-6477                    │
│                              ├────────────────┤          │              │                            │                            ├──────────────────────────────────────────────────────────────┤
│                              │ CVE-2026-6478  │          │              │                            │                            │ postgresql: PostgreSQL: Credential recovery via covert       │
│                              │                │          │              │                            │                            │ timing channel in MD5 password comparison...                 │
│                              │                │          │              │                            │                            │ https://avd.aquasec.com/nvd/cve-2026-6478                    │
│                              ├────────────────┤          │              │                            │                            ├──────────────────────────────────────────────────────────────┤
│                              │ CVE-2026-6638  │          │              │                            │                            │ SQL injection in PostgreSQL logical replication ALTER        │
│                              │                │          │              │                            │                            │ SUBSCRIPTION ... ...                                         │
│                              │                │          │              │                            │                            │ https://avd.aquasec.com/nvd/cve-2026-6638                    │
├──────────────────────────────┼────────────────┼──────────┼──────────────┼────────────────────────────┼────────────────────────────┼──────────────────────────────────────────────────────────────┤
│ libpython3.13-minimal        │ CVE-2026-7210  │ CRITICAL │ affected     │ 3.13.5-2                   │                            │ python: expat: Python/Expat: Denial of Service via crafted   │
│                              │                │          │              │                            │                            │ XML document                                                 │
│                              │                │          │              │                            │                            │ https://avd.aquasec.com/nvd/cve-2026-7210                    │
│                              ├────────────────┼──────────┼──────────────┤                            ├────────────────────────────┼──────────────────────────────────────────────────────────────┤
│                              │ CVE-2025-13836 │ HIGH     │ fixed        │                            │ 3.13.5-2+deb13u1           │ cpython: Excessive read buffering DoS in http.client         │
│                              │                │          │              │                            │                            │ https://avd.aquasec.com/nvd/cve-2025-13836                   │
│                              ├────────────────┤          │              │                            ├────────────────────────────┼──────────────────────────────────────────────────────────────┤
│                              │ CVE-2026-3644  │          │              │                            │ 3.13.5-2+deb13u2           │ cpython: Incomplete control character validation in          │
│                              │                │          │              │                            │                            │ http.cookies                                                 │
│                              │                │          │              │                            │                            │ https://avd.aquasec.com/nvd/cve-2026-3644                    │
│                              ├────────────────┤          │              │                            │                            ├──────────────────────────────────────────────────────────────┤
│                              │ CVE-2026-4224  │          │              │                            │                            │ cpython: Stack overflow parsing XML with deeply nested DTD   │
│                              │                │          │              │                            │                            │ content models                                               │
│                              │                │          │              │                            │                            │ https://avd.aquasec.com/nvd/cve-2026-4224                    │
│                              ├────────────────┤          │              │                            │                            ├──────────────────────────────────────────────────────────────┤
│                              │ CVE-2026-6100  │          │              │                            │                            │ python: Python: Arbitrary code execution or information      │
│                              │                │          │              │                            │                            │ disclosure via use-after-free in decompression...            │
│                              │                │          │              │                            │                            │ https://avd.aquasec.com/nvd/cve-2026-6100                    │
│                              ├────────────────┤          ├──────────────┤                            ├────────────────────────────┼──────────────────────────────────────────────────────────────┤
│                              │ CVE-2026-9669  │          │ affected     │                            │                            │ bz2.BZ2Decompressor objects could be reused after a          │
│                              │                │          │              │                            │                            │ decompression erro ...                                       │
│                              │                │          │              │                            │                            │ https://avd.aquasec.com/nvd/cve-2026-9669                    │
├──────────────────────────────┼────────────────┼──────────┤              │                            ├────────────────────────────┼──────────────────────────────────────────────────────────────┤
│ libpython3.13-stdlib         │ CVE-2026-7210  │ CRITICAL │              │                            │                            │ python: expat: Python/Expat: Denial of Service via crafted   │
│                              │                │          │              │                            │                            │ XML document                                                 │
│                              │                │          │              │                            │                            │ https://avd.aquasec.com/nvd/cve-2026-7210                    │
│                              ├────────────────┼──────────┼──────────────┤                            ├────────────────────────────┼──────────────────────────────────────────────────────────────┤
│                              │ CVE-2025-13836 │ HIGH     │ fixed        │                            │ 3.13.5-2+deb13u1           │ cpython: Excessive read buffering DoS in http.client         │
│                              │                │          │              │                            │                            │ https://avd.aquasec.com/nvd/cve-2025-13836                   │
│                              ├────────────────┤          │              │                            ├────────────────────────────┼──────────────────────────────────────────────────────────────┤
│                              │ CVE-2026-3644  │          │              │                            │ 3.13.5-2+deb13u2           │ cpython: Incomplete control character validation in          │
│                              │                │          │              │                            │                            │ http.cookies                                                 │
│                              │                │          │              │                            │                            │ https://avd.aquasec.com/nvd/cve-2026-3644                    │
│                              ├────────────────┤          │              │                            │                            ├──────────────────────────────────────────────────────────────┤
│                              │ CVE-2026-4224  │          │              │                            │                            │ cpython: Stack overflow parsing XML with deeply nested DTD   │
│                              │                │          │              │                            │                            │ content models                                               │
│                              │                │          │              │                            │                            │ https://avd.aquasec.com/nvd/cve-2026-4224                    │
│                              ├────────────────┤          │              │                            │                            ├──────────────────────────────────────────────────────────────┤
│                              │ CVE-2026-6100  │          │              │                            │                            │ python: Python: Arbitrary code execution or information      │
│                              │                │          │              │                            │                            │ disclosure via use-after-free in decompression...            │
│                              │                │          │              │                            │                            │ https://avd.aquasec.com/nvd/cve-2026-6100                    │
│                              ├────────────────┤          ├──────────────┤                            ├────────────────────────────┼──────────────────────────────────────────────────────────────┤
│                              │ CVE-2026-9669  │          │ affected     │                            │                            │ bz2.BZ2Decompressor objects could be reused after a          │
│                              │                │          │              │                            │                            │ decompression erro ...                                       │
│                              │                │          │              │                            │                            │ https://avd.aquasec.com/nvd/cve-2026-9669                    │
├──────────────────────────────┼────────────────┼──────────┤              ├────────────────────────────┼────────────────────────────┼──────────────────────────────────────────────────────────────┤
│ libraw23t64                  │ CVE-2026-20884 │ CRITICAL │              │ 0.21.4-2                   │                            │ LibRaw: LibRaw: Arbitrary code execution via integer         │
│                              │                │          │              │                            │                            │ overflow in deflate_dng_load_raw                             │
│                              │                │          │              │                            │                            │ https://avd.aquasec.com/nvd/cve-2026-20884                   │
│                              ├────────────────┤          │              │                            ├────────────────────────────┼──────────────────────────────────────────────────────────────┤
│                              │ CVE-2026-24450 │          │              │                            │                            │ LibRaw: LibRaw: Arbitrary code execution via a specially     │
│                              │                │          │              │                            │                            │ crafted malicious file                                       │
│                              │                │          │              │                            │                            │ https://avd.aquasec.com/nvd/cve-2026-24450                   │
│                              ├────────────────┤          │              │                            ├────────────────────────────┼──────────────────────────────────────────────────────────────┤
│                              │ CVE-2026-24660 │          │              │                            │                            │ LibRaw: LibRaw: Memory Corruption via Malicious File         │
│                              │                │          │              │                            │                            │ Processing                                                   │
│                              │                │          │              │                            │                            │ https://avd.aquasec.com/nvd/cve-2026-24660                   │
│                              ├────────────────┼──────────┤              │                            ├────────────────────────────┼──────────────────────────────────────────────────────────────┤
│                              │ CVE-2026-20889 │ HIGH     │              │                            │                            │ LibRaw: LibRaw: Arbitrary code execution via specially       │
│                              │                │          │              │                            │                            │ crafted image file                                           │
│                              │                │          │              │                            │                            │ https://avd.aquasec.com/nvd/cve-2026-20889                   │
│                              ├────────────────┤          │              │                            ├────────────────────────────┼──────────────────────────────────────────────────────────────┤
│                              │ CVE-2026-21413 │          │              │                            │                            │ LibRaw: LibRaw: Arbitrary code execution via heap-based      │
│                              │                │          │              │                            │                            │ buffer overflow in lossless JPEG...                          │
│                              │                │          │              │                            │                            │ https://avd.aquasec.com/nvd/cve-2026-21413                   │
├──────────────────────────────┼────────────────┤          │              ├────────────────────────────┼────────────────────────────┼──────────────────────────────────────────────────────────────┤
│ libssh2-1-dev                │ CVE-2026-7598  │          │              │ 1.11.1-1                   │                            │ libssh2: integer overflow via large username or password     │
│                              │                │          │              │                            │                            │ arguments                                                    │
│                              │                │          │              │                            │                            │ https://avd.aquasec.com/nvd/cve-2026-7598                    │
├──────────────────────────────┤                │          │              │                            ├────────────────────────────┤                                                              │
│ libssh2-1t64                 │                │          │              │                            │                            │                                                              │
│                              │                │          │              │                            │                            │                                                              │
│                              │                │          │              │                            │                            │                                                              │
├──────────────────────────────┼────────────────┼──────────┼──────────────┼────────────────────────────┼────────────────────────────┼──────────────────────────────────────────────────────────────┤
│ libssl-dev                   │ CVE-2026-31789 │ CRITICAL │ fixed        │ 3.5.1-1+deb13u1            │ 3.5.5-1~deb13u2            │ openssl: OpenSSL: Heap buffer overflow on 32-bit systems     │
│                              │                │          │              │                            │                            │ from large X.509 certificate...                              │
│                              │                │          │              │                            │                            │ https://avd.aquasec.com/nvd/cve-2026-31789                   │
│                              ├────────────────┼──────────┤              │                            ├────────────────────────────┼──────────────────────────────────────────────────────────────┤
│                              │ CVE-2025-15467 │ HIGH     │              │                            │ 3.5.4-1~deb13u2            │ openssl: OpenSSL: Remote code execution or Denial of Service │
│                              │                │          │              │                            │                            │ via oversized Initialization...                              │
│                              │                │          │              │                            │                            │ https://avd.aquasec.com/nvd/cve-2025-15467                   │
│                              ├────────────────┤          │              │                            │                            ├──────────────────────────────────────────────────────────────┤
│                              │ CVE-2025-69421 │          │              │                            │                            │ openssl: OpenSSL: Denial of Service via malformed PKCS#12    │
│                              │                │          │              │                            │                            │ file processing                                              │
│                              │                │          │              │                            │                            │ https://avd.aquasec.com/nvd/cve-2025-69421                   │
│                              ├────────────────┤          │              │                            ├────────────────────────────┼──────────────────────────────────────────────────────────────┤
│                              │ CVE-2026-28387 │          │              │                            │ 3.5.5-1~deb13u2            │ openssl: OpenSSL: Arbitrary code execution due to            │
│                              │                │          │              │                            │                            │ use-after-free in DANE TLSA authentication...                │
│                              │                │          │              │                            │                            │ https://avd.aquasec.com/nvd/cve-2026-28387                   │
│                              ├────────────────┤          │              │                            │                            ├──────────────────────────────────────────────────────────────┤
│                              │ CVE-2026-28388 │          │              │                            │                            │ openssl: OpenSSL: Denial of Service due to NULL pointer      │
│                              │                │          │              │                            │                            │ dereference in delta...                                      │
│                              │                │          │              │                            │                            │ https://avd.aquasec.com/nvd/cve-2026-28388                   │
│                              ├────────────────┤          │              │                            │                            ├──────────────────────────────────────────────────────────────┤
│                              │ CVE-2026-28389 │          │              │                            │                            │ openssl: OpenSSL: Denial of Service vulnerability in CMS     │
│                              │                │          │              │                            │                            │ processing                                                   │
│                              │                │          │              │                            │                            │ https://avd.aquasec.com/nvd/cve-2026-28389                   │
│                              ├────────────────┤          │              │                            │                            ├──────────────────────────────────────────────────────────────┤
│                              │ CVE-2026-28390 │          │              │                            │                            │ openssl: OpenSSL: Denial of Service due to NULL pointer      │
│                              │                │          │              │                            │                            │ dereference in CMS...                                        │
│                              │                │          │              │                            │                            │ https://avd.aquasec.com/nvd/cve-2026-28390                   │
│                              ├────────────────┤          │              │                            ├────────────────────────────┼──────────────────────────────────────────────────────────────┤
│                              │ CVE-2026-45447 │          │              │                            │ 3.5.6-1~deb13u2            │ openssl: Heap Use-After-Free in OpenSSL PKCS7_verify()       │
│                              │                │          │              │                            │                            │ https://avd.aquasec.com/nvd/cve-2026-45447                   │
├──────────────────────────────┼────────────────┼──────────┤              │                            ├────────────────────────────┼──────────────────────────────────────────────────────────────┤
│ libssl3t64                   │ CVE-2026-31789 │ CRITICAL │              │                            │ 3.5.5-1~deb13u2            │ openssl: OpenSSL: Heap buffer overflow on 32-bit systems     │
│                              │                │          │              │                            │                            │ from large X.509 certificate...                              │
│                              │                │          │              │                            │                            │ https://avd.aquasec.com/nvd/cve-2026-31789                   │
│                              ├────────────────┼──────────┤              │                            ├────────────────────────────┼──────────────────────────────────────────────────────────────┤
│                              │ CVE-2025-15467 │ HIGH     │              │                            │ 3.5.4-1~deb13u2            │ openssl: OpenSSL: Remote code execution or Denial of Service │
│                              │                │          │              │                            │                            │ via oversized Initialization...                              │
│                              │                │          │              │                            │                            │ https://avd.aquasec.com/nvd/cve-2025-15467                   │
│                              ├────────────────┤          │              │                            │                            ├──────────────────────────────────────────────────────────────┤
│                              │ CVE-2025-69421 │          │              │                            │                            │ openssl: OpenSSL: Denial of Service via malformed PKCS#12    │
│                              │                │          │              │                            │                            │ file processing                                              │
│                              │                │          │              │                            │                            │ https://avd.aquasec.com/nvd/cve-2025-69421                   │
│                              ├────────────────┤          │              │                            ├────────────────────────────┼──────────────────────────────────────────────────────────────┤
│                              │ CVE-2026-28387 │          │              │                            │ 3.5.5-1~deb13u2            │ openssl: OpenSSL: Arbitrary code execution due to            │
│                              │                │          │              │                            │                            │ use-after-free in DANE TLSA authentication...                │
│                              │                │          │              │                            │                            │ https://avd.aquasec.com/nvd/cve-2026-28387                   │
│                              ├────────────────┤          │              │                            │                            ├──────────────────────────────────────────────────────────────┤
│                              │ CVE-2026-28388 │          │              │                            │                            │ openssl: OpenSSL: Denial of Service due to NULL pointer      │
│                              │                │          │              │                            │                            │ dereference in delta...                                      │
│                              │                │          │              │                            │                            │ https://avd.aquasec.com/nvd/cve-2026-28388                   │
│                              ├────────────────┤          │              │                            │                            ├──────────────────────────────────────────────────────────────┤
│                              │ CVE-2026-28389 │          │              │                            │                            │ openssl: OpenSSL: Denial of Service vulnerability in CMS     │
│                              │                │          │              │                            │                            │ processing                                                   │
│                              │                │          │              │                            │                            │ https://avd.aquasec.com/nvd/cve-2026-28389                   │
│                              ├────────────────┤          │              │                            │                            ├──────────────────────────────────────────────────────────────┤
│                              │ CVE-2026-28390 │          │              │                            │                            │ openssl: OpenSSL: Denial of Service due to NULL pointer      │
│                              │                │          │              │                            │                            │ dereference in CMS...                                        │
│                              │                │          │              │                            │                            │ https://avd.aquasec.com/nvd/cve-2026-28390                   │
│                              ├────────────────┤          │              │                            ├────────────────────────────┼──────────────────────────────────────────────────────────────┤
│                              │ CVE-2026-45447 │          │              │                            │ 3.5.6-1~deb13u2            │ openssl: Heap Use-After-Free in OpenSSL PKCS7_verify()       │
│                              │                │          │              │                            │                            │ https://avd.aquasec.com/nvd/cve-2026-45447                   │
├──────────────────────────────┼────────────────┤          │              ├────────────────────────────┼────────────────────────────┼──────────────────────────────────────────────────────────────┤
│ libtiff-dev                  │ CVE-2026-4775  │          │              │ 4.7.0-3+deb13u1            │ 4.7.0-3+deb13u2            │ libtiff: libtiff: Arbitrary code execution or denial of      │
│                              │                │          │              │                            │                            │ service via signed integer...                                │
│                              │                │          │              │                            │                            │ https://avd.aquasec.com/nvd/cve-2026-4775                    │
├──────────────────────────────┤                │          │              │                            │                            │                                                              │
│ libtiff6                     │                │          │              │                            │                            │                                                              │
│                              │                │          │              │                            │                            │                                                              │
│                              │                │          │              │                            │                            │                                                              │
├──────────────────────────────┤                │          │              │                            │                            │                                                              │
│ libtiffxx6                   │                │          │              │                            │                            │                                                              │
│                              │                │          │              │                            │                            │                                                              │
│                              │                │          │              │                            │                            │                                                              │
├──────────────────────────────┼────────────────┤          ├──────────────┼────────────────────────────┼────────────────────────────┼──────────────────────────────────────────────────────────────┤
│ libtinfo6                    │ CVE-2025-69720 │          │ affected     │ 6.5+20250216-2             │                            │ ncurses: ncurses: Buffer overflow vulnerability may lead to  │
│                              │                │          │              │                            │                            │ arbitrary code execution.                                    │
│                              │                │          │              │                            │                            │ https://avd.aquasec.com/nvd/cve-2025-69720                   │
├──────────────────────────────┼────────────────┼──────────┼──────────────┼────────────────────────────┼────────────────────────────┼──────────────────────────────────────────────────────────────┤
│ libunbound8                  │ CVE-2026-33278 │ CRITICAL │ fixed        │ 1.22.0-2                   │ 1.22.0-2+deb13u3           │ unbound: Unbound DNSSEC Validator Use-After-Free via Deep    │
│                              │                │          │              │                            │                            │ Copy Pointer Overwrite Leading to...                         │
│                              │                │          │              │                            │                            │ https://avd.aquasec.com/nvd/cve-2026-33278                   │
│                              ├────────────────┤          │              │                            │                            ├──────────────────────────────────────────────────────────────┤
│                              │ CVE-2026-42960 │          │              │                            │                            │ unbound: Unbound DNS Cache Poisoning via Promiscuous         │
│                              │                │          │              │                            │                            │ Additional Section RRSet Acceptance                          │
│                              │                │          │              │                            │                            │ https://avd.aquasec.com/nvd/cve-2026-42960                   │
│                              ├────────────────┼──────────┤              │                            │                            ├──────────────────────────────────────────────────────────────┤
│                              │ CVE-2026-40622 │ HIGH     │              │                            │                            │ NLnet Labs Unbound 1.16.2 up to and including version 1.25.0 │
│                              │                │          │              │                            │                            │ has a...                                                     │
│                              │                │          │              │                            │                            │ https://avd.aquasec.com/nvd/cve-2026-40622                   │
│                              ├────────────────┤          │              │                            │                            ├──────────────────────────────────────────────────────────────┤
│                              │ CVE-2026-41292 │          │              │                            │                            │ NLnet Labs Unbound up to and including version 1.25.0 is     │
│                              │                │          │              │                            │                            │ vulnerable to...                                             │
│                              │                │          │              │                            │                            │ https://avd.aquasec.com/nvd/cve-2026-41292                   │
│                              ├────────────────┤          │              │                            │                            ├──────────────────────────────────────────────────────────────┤
│                              │ CVE-2026-42944 │          │              │                            │                            │ unbound: Heap overflow and crash with multiple nsid, cookie, │
│                              │                │          │              │                            │                            │ padding EDNS options...                                      │
│                              │                │          │              │                            │                            │ https://avd.aquasec.com/nvd/cve-2026-42944                   │
│                              ├────────────────┤          │              │                            │                            ├──────────────────────────────────────────────────────────────┤
│                              │ CVE-2026-42959 │          │              │                            │                            │ unbound: Unbound DNSSEC Validator Denial of Service via      │
│                              │                │          │              │                            │                            │ Incorrect Write Offset Counter...                            │
│                              │                │          │              │                            │                            │ https://avd.aquasec.com/nvd/cve-2026-42959                   │
├──────────────────────────────┼────────────────┼──────────┤              ├────────────────────────────┼────────────────────────────┼──────────────────────────────────────────────────────────────┤
│ linux-libc-dev               │ CVE-2026-23112 │ CRITICAL │              │ 6.12.48-1                  │ 6.12.73-1                  │ kernel: nvmet-tcp: add bounds checks in                      │
│                              │                │          │              │                            │                            │ nvmet_tcp_build_pdu_iovec                                    │
│                              │                │          │              │                            │                            │ https://avd.aquasec.com/nvd/cve-2026-23112                   │
│                              ├────────────────┤          │              │                            ├────────────────────────────┼──────────────────────────────────────────────────────────────┤
│                              │ CVE-2026-43011 │          │              │                            │ 6.12.85-1                  │ kernel: net/x25: Fix potential double free of skb            │
│                              │                │          │              │                            │                            │ https://avd.aquasec.com/nvd/cve-2026-43011                   │
│                              ├────────────────┤          │              │                            │                            ├──────────────────────────────────────────────────────────────┤
│                              │ CVE-2026-43037 │          │              │                            │                            │ kernel: ip6_tunnel: clear skb2->cb[] in ip4ip6_err()         │
│                              │                │          │              │                            │                            │ https://avd.aquasec.com/nvd/cve-2026-43037                   │
│                              ├────────────────┤          ├──────────────┤                            ├────────────────────────────┼──────────────────────────────────────────────────────────────┤
│                              │ CVE-2026-43185 │          │ affected     │                            │                            │ kernel: ksmbd: fix signededness bug in                       │
│                              │                │          │              │                            │                            │ smb_direct_prepare_negotiation()                             │
│                              │                │          │              │                            │                            │ https://avd.aquasec.com/nvd/cve-2026-43185                   │
│                              ├────────────────┼──────────┤              │                            ├────────────────────────────┼──────────────────────────────────────────────────────────────┤
│                              │ CVE-2013-7445  │ HIGH     │              │                            │                            │ kernel: memory exhaustion via crafted Graphics Execution     │
│                              │                │          │              │                            │                            │ Manager (GEM) objects                                        │
│                              │                │          │              │                            │                            │ https://avd.aquasec.com/nvd/cve-2013-7445                    │
│                              ├────────────────┤          │              │                            ├────────────────────────────┼──────────────────────────────────────────────────────────────┤
│                              │ CVE-2019-19449 │          │              │                            │                            │ kernel: mounting a crafted f2fs filesystem image can lead to │
│                              │                │          │              │                            │                            │ slab-out-of-bounds read...                                   │
│                              │                │          │              │                            │                            │ https://avd.aquasec.com/nvd/cve-2019-19449                   │
│                              ├────────────────┤          │              │                            ├────────────────────────────┼──────────────────────────────────────────────────────────────┤
│                              │ CVE-2019-19814 │          │              │                            │                            │ kernel: out-of-bounds write in __remove_dirty_segment in     │
│                              │                │          │              │                            │                            │ fs/f2fs/segment.c                                            │
│                              │                │          │              │                            │                            │ https://avd.aquasec.com/nvd/cve-2019-19814                   │
│                              ├────────────────┤          │              │                            ├────────────────────────────┼──────────────────────────────────────────────────────────────┤
│                              │ CVE-2021-3847  │          │              │                            │                            │ kernel: low-privileged user privileges escalation            │
│                              │                │          │              │                            │                            │ https://avd.aquasec.com/nvd/cve-2021-3847                    │
│                              ├────────────────┤          │              │                            ├────────────────────────────┼──────────────────────────────────────────────────────────────┤
│                              │ CVE-2021-3864  │          │              │                            │                            │ kernel: descendant's dumpable setting with certain SUID      │
│                              │                │          │              │                            │                            │ binaries                                                     │
│                              │                │          │              │                            │                            │ https://avd.aquasec.com/nvd/cve-2021-3864                    │
│                              ├────────────────┤          │              │                            ├────────────────────────────┼──────────────────────────────────────────────────────────────┤
│                              │ CVE-2024-21803 │          │              │                            │                            │ kernel: bluetooth: use-after-free vulnerability in           │
│                              │                │          │              │                            │                            │ af_bluetooth.c                                               │
│                              │                │          │              │                            │                            │ https://avd.aquasec.com/nvd/cve-2024-21803                   │
│                              ├────────────────┤          ├──────────────┤                            ├────────────────────────────┼──────────────────────────────────────────────────────────────┤
│                              │ CVE-2024-57995 │          │ fixed        │                            │ 6.12.57-1                  │ kernel: wifi: ath12k: fix read pointer after free in         │
│                              │                │          │              │                            │                            │ ath12k_mac_assign_vif_to_vdev()                              │
│                              │                │          │              │                            │                            │ https://avd.aquasec.com/nvd/cve-2024-57995                   │
│                              ├────────────────┤          ├──────────────┤                            ├────────────────────────────┼──────────────────────────────────────────────────────────────┤
│                              │ CVE-2024-58015 │          │ affected     │                            │                            │ kernel: wifi: ath12k: Fix for out-of bound access error      │
│                              │                │          │              │                            │                            │ https://avd.aquasec.com/nvd/cve-2024-58015                   │
│                              ├────────────────┤          │              │                            ├────────────────────────────┼──────────────────────────────────────────────────────────────┤
│                              │ CVE-2024-58093 │          │              │                            │                            │ kernel: Linux kernel: PCI/ASPM use-after-free during         │
│                              │                │          │              │                            │                            │ hot-unplug                                                   │
│                              │                │          │              │                            │                            │ https://avd.aquasec.com/nvd/cve-2024-58093                   │
│                              ├────────────────┤          │              │                            ├────────────────────────────┼──────────────────────────────────────────────────────────────┤
│                              │ CVE-2025-22104 │          │              │                            │                            │ kernel: ibmvnic: Use kernel helpers for hex dumps            │
│                              │                │          │              │                            │                            │ https://avd.aquasec.com/nvd/cve-2025-22104                   │
│                              ├────────────────┤          ├──────────────┤                            ├────────────────────────────┼──────────────────────────────────────────────────────────────┤
│                              │ CVE-2025-22107 │          │ fixed        │                            │ 6.12.63-1                  │ kernel: net: dsa: sja1105: fix kasan out-of-bounds warning   │
│                              │                │          │              │                            │                            │ in sja1105_table_delete_entry()                              │
│                              │                │          │              │                            │                            │ https://avd.aquasec.com/nvd/cve-2025-22107                   │
│                              ├────────────────┤          │              │                            │                            ├──────────────────────────────────────────────────────────────┤
│                              │ CVE-2025-22121 │          │              │                            │                            │ kernel: ext4: fix out-of-bound read in                       │
│                              │                │          │              │                            │                            │ ext4_xattr_inode_dec_ref_all()                               │
│                              │                │          │              │                            │                            │ https://avd.aquasec.com/nvd/cve-2025-22121                   │
│                              ├────────────────┤          │              │                            ├────────────────────────────┼──────────────────────────────────────────────────────────────┤
│                              │ CVE-2025-37803 │          │              │                            │ 6.12.57-1                  │ kernel: udmabuf: fix a buf size overflow issue during        │
│                              │                │          │              │                            │                            │ udmabuf creation                                             │
│                              │                │          │              │                            │                            │ https://avd.aquasec.com/nvd/cve-2025-37803                   │
│                              ├────────────────┤          ├──────────────┤                            ├────────────────────────────┼──────────────────────────────────────────────────────────────┤
│                              │ CVE-2025-38137 │          │ affected     │                            │                            │ kernel: PCI/pwrctrl: Cancel outstanding rescan work when     │
│                              │                │          │              │                            │                            │ unregistering                                                │
│                              │                │          │              │                            │                            │ https://avd.aquasec.com/nvd/cve-2025-38137                   │
│                              ├────────────────┤          │              │                            ├────────────────────────────┼──────────────────────────────────────────────────────────────┤
│                              │ CVE-2025-38187 │          │              │                            │                            │ kernel: drm/nouveau: fix a use-after-free in                 │
│                              │                │          │              │                            │                            │ r535_gsp_rpc_push()                                          │
│                              │                │          │              │                            │                            │ https://avd.aquasec.com/nvd/cve-2025-38187                   │
│                              ├────────────────┤          │              │                            ├────────────────────────────┼──────────────────────────────────────────────────────────────┤
│                              │ CVE-2025-38204 │          │              │                            │                            │ kernel: jfs: fix array-index-out-of-bounds read in           │
│                              │                │          │              │                            │                            │ add_missing_indices                                          │
│                              │                │          │              │                            │                            │ https://avd.aquasec.com/nvd/cve-2025-38204                   │
│                              ├────────────────┤          │              │                            ├────────────────────────────┼──────────────────────────────────────────────────────────────┤
│                              │ CVE-2025-38206 │          │              │                            │                            │ kernel: Kernel: Double free vulnerability in exFAT           │
│                              │                │          │              │                            │                            │ filesystem can lead to denial...                             │
│                              │                │          │              │                            │                            │ https://avd.aquasec.com/nvd/cve-2025-38206                   │
│                              ├────────────────┤          ├──────────────┤                            ├────────────────────────────┼──────────────────────────────────────────────────────────────┤
│                              │ CVE-2025-38248 │          │ fixed        │                            │ 6.12.69-1                  │ kernel: Linux kernel:A use-after-free in bridge multicast in │
│                              │                │          │              │                            │                            │ br_multicast_port_ctx_init                                   │
│                              │                │          │              │                            │                            │ https://avd.aquasec.com/nvd/cve-2025-38248                   │
│                              ├────────────────┤          ├──────────────┤                            ├────────────────────────────┼──────────────────────────────────────────────────────────────┤
│                              │ CVE-2025-38421 │          │ affected     │                            │                            │ kernel: platform/x86/amd: pmf: Use device managed            │
│                              │                │          │              │                            │                            │ allocations                                                  │
│                              │                │          │              │                            │                            │ https://avd.aquasec.com/nvd/cve-2025-38421                   │
│                              ├────────────────┤          ├──────────────┤                            ├────────────────────────────┼──────────────────────────────────────────────────────────────┤
│                              │ CVE-2025-38584 │          │ fixed        │                            │ 6.12.86-1                  │ kernel: padata: Fix pd UAF once and for all                  │
│                              │                │          │              │                            │                            │ https://avd.aquasec.com/nvd/cve-2025-38584                   │
│                              ├────────────────┤          │              │                            ├────────────────────────────┼──────────────────────────────────────────────────────────────┤
│                              │ CVE-2025-38627 │          │              │                            │ 6.12.85-1                  │ kernel: f2fs: compress: fix UAF of f2fs_inode_info in        │
│                              │                │          │              │                            │                            │ f2fs_free_dic                                                │
│                              │                │          │              │                            │                            │ https://avd.aquasec.com/nvd/cve-2025-38627                   │
│                              ├────────────────┤          ├──────────────┤                            ├────────────────────────────┼──────────────────────────────────────────────────────────────┤
│                              │ CVE-2025-38636 │          │ affected     │                            │                            │ kernel: rv: Use strings in da monitors tracepoints           │
│                              │                │          │              │                            │                            │ https://avd.aquasec.com/nvd/cve-2025-38636                   │
│                              ├────────────────┤          │              │                            ├────────────────────────────┼──────────────────────────────────────────────────────────────┤
│                              │ CVE-2025-39859 │          │              │                            │                            │ kernel: ptp: ocp: fix use-after-free bugs causing by         │
│                              │                │          │              │                            │                            │ ptp_ocp_watchdog                                             │
│                              │                │          │              │                            │                            │ https://avd.aquasec.com/nvd/cve-2025-39859                   │
│                              ├────────────────┤          │              │                            ├────────────────────────────┼──────────────────────────────────────────────────────────────┤
│                              │ CVE-2025-39862 │          │              │                            │                            │ kernel: wifi: mt76: mt7915: fix list corruption after        │
│                              │                │          │              │                            │                            │ hardware restart                                             │
│                              │                │          │              │                            │                            │ https://avd.aquasec.com/nvd/cve-2025-39862                   │
│                              ├────────────────┤          ├──────────────┤                            ├────────────────────────────┼──────────────────────────────────────────────────────────────┤
│                              │ CVE-2025-39943 │          │ fixed        │                            │ 6.12.57-1                  │ kernel: ksmbd: smbdirect: validate data_offset and           │
│                              │                │          │              │                            │                            │ data_length field of smb_direct_data_transfer                │
│                              │                │          │              │                            │                            │ https://avd.aquasec.com/nvd/cve-2025-39943                   │
│                              ├────────────────┤          │              │                            │                            ├──────────────────────────────────────────────────────────────┤
│                              │ CVE-2025-39944 │          │              │                            │                            │ kernel: octeontx2-pf: Fix use-after-free bugs in             │
│                              │                │          │              │                            │                            │ otx2_sync_tstamp()                                           │
│                              │                │          │              │                            │                            │ https://avd.aquasec.com/nvd/cve-2025-39944                   │
│                              ├────────────────┤          │              │                            │                            ├──────────────────────────────────────────────────────────────┤
│                              │ CVE-2025-39945 │          │              │                            │                            │ kernel: cnic: Fix use-after-free bugs in cnic_delete_task    │
│                              │                │          │              │                            │                            │ https://avd.aquasec.com/nvd/cve-2025-39945                   │
│                              ├────────────────┤          │              │                            │                            ├──────────────────────────────────────────────────────────────┤
│                              │ CVE-2025-39951 │          │              │                            │                            │ kernel: um: virtio_uml: Fix use-after-free after put_device  │
│                              │                │          │              │                            │                            │ in probe                                                     │
│                              │                │          │              │                            │                            │ https://avd.aquasec.com/nvd/cve-2025-39951                   │
│                              ├────────────────┤          │              │                            │                            ├──────────────────────────────────────────────────────────────┤
│                              │ CVE-2025-39952 │          │              │                            │                            │ kernel: wifi: wilc1000: avoid buffer overflow in WID string  │
│                              │                │          │              │                            │                            │ configuration                                                │
│                              │                │          │              │                            │                            │ https://avd.aquasec.com/nvd/cve-2025-39952                   │
│                              ├────────────────┤          │              │                            │                            ├──────────────────────────────────────────────────────────────┤
│                              │ CVE-2025-39955 │          │              │                            │                            │ kernel: tcp: Clear tcp_sk(sk)->fastopen_rsk in               │
│                              │                │          │              │                            │                            │ tcp_disconnect()                                             │
│                              │                │          │              │                            │                            │ https://avd.aquasec.com/nvd/cve-2025-39955                   │
│                              ├────────────────┤          │              │                            │                            ├──────────────────────────────────────────────────────────────┤
│                              │ CVE-2025-39957 │          │              │                            │                            │ kernel: wifi: mac80211: increase scan_ies_len for S1G        │
│                              │                │          │              │                            │                            │ https://avd.aquasec.com/nvd/cve-2025-39957                   │
│                              ├────────────────┤          ├──────────────┤                            ├────────────────────────────┼──────────────────────────────────────────────────────────────┤
│                              │ CVE-2025-39958 │          │ affected     │                            │                            │ kernel: iommu/s390: Make attach succeed when the device was  │
│                              │                │          │              │                            │                            │ surprise removed                                             │
│                              │                │          │              │                            │                            │ https://avd.aquasec.com/nvd/cve-2025-39958                   │
│                              ├────────────────┤          ├──────────────┤                            ├────────────────────────────┼──────────────────────────────────────────────────────────────┤
│                              │ CVE-2025-39963 │          │ fixed        │                            │ 6.12.57-1                  │ kernel: io_uring: fix incorrect io_kiocb reference in        │
│                              │                │          │              │                            │                            │ io_link_skb                                                  │
│                              │                │          │              │                            │                            │ https://avd.aquasec.com/nvd/cve-2025-39963                   │
│                              ├────────────────┤          │              │                            │                            ├──────────────────────────────────────────────────────────────┤
│                              │ CVE-2025-39966 │          │              │                            │                            │ kernel: iommufd: Fix race during abort for file descriptors  │
│                              │                │          │              │                            │                            │ https://avd.aquasec.com/nvd/cve-2025-39966                   │
│                              ├────────────────┤          │              │                            │                            ├──────────────────────────────────────────────────────────────┤
│                              │ CVE-2025-39967 │          │              │                            │                            │ kernel: fbcon: fix integer overflow in fbcon_do_set_font     │
│                              │                │          │              │                            │                            │ https://avd.aquasec.com/nvd/cve-2025-39967                   │
│                              ├────────────────┤          │              │                            ├────────────────────────────┼──────────────────────────────────────────────────────────────┤
│                              │ CVE-2025-40082 │          │              │                            │ 6.12.73-1                  │ kernel: hfsplus: fix slab-out-of-bounds read in              │
│                              │                │          │              │                            │                            │ hfsplus_uni2asc()                                            │
│                              │                │          │              │                            │                            │ https://avd.aquasec.com/nvd/cve-2025-40082                   │
│                              ├────────────────┤          │              │                            ├────────────────────────────┼──────────────────────────────────────────────────────────────┤
│                              │ CVE-2025-40149 │          │              │                            │ 6.12.69-1                  │ kernel: tls: Use __sk_dst_get() and dst_dev_rcu() in         │
│                              │                │          │              │                            │                            │ get_netdev_for_sock()                                        │
│                              │                │          │              │                            │                            │ https://avd.aquasec.com/nvd/cve-2025-40149                   │
│                              ├────────────────┤          │              │                            ├────────────────────────────┼──────────────────────────────────────────────────────────────┤
│                              │ CVE-2025-40186 │          │              │                            │ 6.12.57-1                  │ kernel: Linux kernel: Privilege escalation or Denial of      │
│                              │                │          │              │                            │                            │ Service via TCP Fast...                                      │
│                              │                │          │              │                            │                            │ https://avd.aquasec.com/nvd/cve-2025-40186                   │
│                              ├────────────────┤          │              │                            ├────────────────────────────┼──────────────────────────────────────────────────────────────┤
│                              │ CVE-2025-40248 │          │              │                            │ 6.12.63-1                  │ kernel: Linux kernel: vsock vulnerability may lead to memory │
│                              │                │          │              │                            │                            │ corruption                                                   │
│                              │                │          │              │                            │                            │ https://avd.aquasec.com/nvd/cve-2025-40248                   │
│                              ├────────────────┤          │              │                            ├────────────────────────────┼──────────────────────────────────────────────────────────────┤
│                              │ CVE-2025-40347 │          │              │                            │ 6.12.57-1                  │ kernel: net: enetc: fix the deadlock of enetc_mdio_lock      │
│                              │                │          │              │                            │                            │ https://avd.aquasec.com/nvd/cve-2025-40347                   │
│                              ├────────────────┤          │              │                            ├────────────────────────────┼──────────────────────────────────────────────────────────────┤
│                              │ CVE-2025-68191 │          │              │                            │ 6.12.63-1                  │ kernel: udp_tunnel: use netdev_warn() instead of             │
│                              │                │          │              │                            │                            │ netdev_WARN()                                                │
│                              │                │          │              │                            │                            │ https://avd.aquasec.com/nvd/cve-2025-68191                   │
│                              ├────────────────┤          │              │                            │                            ├──────────────────────────────────────────────────────────────┤
│                              │ CVE-2025-68192 │          │              │                            │                            │ kernel: net: usb: qmi_wwan: initialize MAC header offset in  │
│                              │                │          │              │                            │                            │ qmimux_rx_fixup                                              │
│                              │                │          │              │                            │                            │ https://avd.aquasec.com/nvd/cve-2025-68192                   │
│                              ├────────────────┤          │              │                            │                            ├──────────────────────────────────────────────────────────────┤
│                              │ CVE-2025-68215 │          │              │                            │                            │ kernel: ice: fix PTP cleanup on driver removal in error path │
│                              │                │          │              │                            │                            │ https://avd.aquasec.com/nvd/cve-2025-68215                   │
│                              ├────────────────┤          │              │                            │                            ├──────────────────────────────────────────────────────────────┤
│                              │ CVE-2025-68284 │          │              │                            │                            │ kernel: libceph: prevent potential out-of-bounds writes in   │
│                              │                │          │              │                            │                            │ handle_auth_session_key()                                    │
│                              │                │          │              │                            │                            │ https://avd.aquasec.com/nvd/cve-2025-68284                   │
│                              ├────────────────┤          │              │                            │                            ├──────────────────────────────────────────────────────────────┤
│                              │ CVE-2025-68287 │          │              │                            │                            │ kernel: usb: dwc3: Fix race condition between concurrent     │
│                              │                │          │              │                            │                            │ dwc3_remove_requests() call paths                            │
│                              │                │          │              │                            │                            │ https://avd.aquasec.com/nvd/cve-2025-68287                   │
│                              ├────────────────┤          │              │                            │                            ├──────────────────────────────────────────────────────────────┤
│                              │ CVE-2025-68297 │          │              │                            │                            │ kernel: ceph: fix crash in process_v2_sparse_read() for      │
│                              │                │          │              │                            │                            │ encrypted directories                                        │
│                              │                │          │              │                            │                            │ https://avd.aquasec.com/nvd/cve-2025-68297                   │
│                              ├────────────────┤          │              │                            │                            ├──────────────────────────────────────────────────────────────┤
│                              │ CVE-2025-68307 │          │              │                            │                            │ kernel: can: gs_usb: gs_usb_xmit_callback(): fix handling of │
│                              │                │          │              │                            │                            │ failed transmitted URBs                                      │
│                              │                │          │              │                            │                            │ https://avd.aquasec.com/nvd/cve-2025-68307                   │
│                              ├────────────────┤          │              │                            ├────────────────────────────┼──────────────────────────────────────────────────────────────┤
│                              │ CVE-2025-68817 │          │              │                            │ 6.12.69-1                  │ kernel: ksmbd: fix use-after-free in ksmbd_tree_connect_put  │
│                              │                │          │              │                            │                            │ under concurrency                                            │
│                              │                │          │              │                            │                            │ https://avd.aquasec.com/nvd/cve-2025-68817                   │
│                              ├────────────────┤          │              │                            │                            ├──────────────────────────────────────────────────────────────┤
│                              │ CVE-2025-71068 │          │              │                            │                            │ kernel: svcrdma: bound check rq_pages index in inline path   │
│                              │                │          │              │                            │                            │ https://avd.aquasec.com/nvd/cve-2025-71068                   │
│                              ├────────────────┤          │              │                            │                            ├──────────────────────────────────────────────────────────────┤
│                              │ CVE-2025-71071 │          │              │                            │                            │ kernel: iommu/mediatek: fix use-after-free on probe deferral │
│                              │                │          │              │                            │                            │ https://avd.aquasec.com/nvd/cve-2025-71071                   │
│                              ├────────────────┤          │              │                            │                            ├──────────────────────────────────────────────────────────────┤
│                              │ CVE-2025-71073 │          │              │                            │                            │ kernel: Input: lkkbd - disable pending work before freeing   │
│                              │                │          │              │                            │                            │ device                                                       │
│                              │                │          │              │                            │                            │ https://avd.aquasec.com/nvd/cve-2025-71073                   │
│                              ├────────────────┤          │              │                            │                            ├──────────────────────────────────────────────────────────────┤
│                              │ CVE-2025-71075 │          │              │                            │                            │ kernel: scsi: aic94xx: fix use-after-free in device removal  │
│                              │                │          │              │                            │                            │ path                                                         │
│                              │                │          │              │                            │                            │ https://avd.aquasec.com/nvd/cve-2025-71075                   │
│                              ├────────────────┤          │              │                            │                            ├──────────────────────────────────────────────────────────────┤
│                              │ CVE-2025-71078 │          │              │                            │                            │ kernel: powerpc/64s/slb: Fix SLB multihit issue during SLB   │
│                              │                │          │              │                            │                            │ preload                                                      │
│                              │                │          │              │                            │                            │ https://avd.aquasec.com/nvd/cve-2025-71078                   │
│                              ├────────────────┤          │              │                            │                            ├──────────────────────────────────────────────────────────────┤
│                              │ CVE-2025-71082 │          │              │                            │                            │ kernel: Bluetooth: btusb: revert use of devm_kzalloc in      │
│                              │                │          │              │                            │                            │ btusb                                                        │
│                              │                │          │              │                            │                            │ https://avd.aquasec.com/nvd/cve-2025-71082                   │
│                              ├────────────────┤          │              │                            │                            ├──────────────────────────────────────────────────────────────┤
│                              │ CVE-2025-71086 │          │              │                            │                            │ kernel: net: rose: fix invalid array index in                │
│                              │                │          │              │                            │                            │ rose_kill_by_device()                                        │
│                              │                │          │              │                            │                            │ https://avd.aquasec.com/nvd/cve-2025-71086                   │
│                              ├────────────────┤          │              │                            │                            ├──────────────────────────────────────────────────────────────┤
│                              │ CVE-2025-71089 │          │              │                            │                            │ kernel: iommu: disable SVA when CONFIG_X86 is set            │
│                              │                │          │              │                            │                            │ https://avd.aquasec.com/nvd/cve-2025-71089                   │
│                              ├────────────────┤          │              │                            │                            ├──────────────────────────────────────────────────────────────┤
│                              │ CVE-2025-71091 │          │              │                            │                            │ kernel: team: fix check for port enabled in                  │
│                              │                │          │              │                            │                            │ team_queue_override_port_prio_changed()                      │
│                              │                │          │              │                            │                            │ https://avd.aquasec.com/nvd/cve-2025-71091                   │
│                              ├────────────────┤          │              │                            │                            ├──────────────────────────────────────────────────────────────┤
│                              │ CVE-2025-71093 │          │              │                            │                            │ kernel: e1000: fix OOB in e1000_tbi_should_accept()          │
│                              │                │          │              │                            │                            │ https://avd.aquasec.com/nvd/cve-2025-71093                   │
│                              ├────────────────┤          │              │                            │                            ├──────────────────────────────────────────────────────────────┤
│                              │ CVE-2025-71099 │          │              │                            │                            │ kernel: drm/xe/oa: Fix potential UAF in                      │
│                              │                │          │              │                            │                            │ xe_oa_add_config_ioctl()                                     │
│                              │                │          │              │                            │                            │ https://avd.aquasec.com/nvd/cve-2025-71099                   │
│                              ├────────────────┤          │              │                            │                            ├──────────────────────────────────────────────────────────────┤
│                              │ CVE-2025-71100 │          │              │                            │                            │ kernel: wifi: rtlwifi: 8192cu: fix tid out of range in       │
│                              │                │          │              │                            │                            │ rtl92cu_tx_fill_desc()                                       │
│                              │                │          │              │                            │                            │ https://avd.aquasec.com/nvd/cve-2025-71100                   │
│                              ├────────────────┤          │              │                            │                            ├──────────────────────────────────────────────────────────────┤
│                              │ CVE-2025-71101 │          │              │                            │                            │ kernel: platform/x86: hp-bioscfg: Fix out-of-bounds array    │
│                              │                │          │              │                            │                            │ access in ACPI package parsing                               │
│                              │                │          │              │                            │                            │ https://avd.aquasec.com/nvd/cve-2025-71101                   │
│                              ├────────────────┤          │              │                            │                            ├──────────────────────────────────────────────────────────────┤
│                              │ CVE-2025-71112 │          │              │                            │                            │ kernel: net: hns3: add VLAN id validation before using       │
│                              │                │          │              │                            │                            │ https://avd.aquasec.com/nvd/cve-2025-71112                   │
│                              ├────────────────┤          │              │                            │                            ├──────────────────────────────────────────────────────────────┤
│                              │ CVE-2025-71116 │          │              │                            │                            │ kernel: libceph: make decode_pool() more resilient against   │
│                              │                │          │              │                            │                            │ corrupted osdmaps                                            │
│                              │                │          │              │                            │                            │ https://avd.aquasec.com/nvd/cve-2025-71116                   │
│                              ├────────────────┤          │              │                            │                            ├──────────────────────────────────────────────────────────────┤
│                              │ CVE-2025-71122 │          │              │                            │                            │ kernel: iommufd/selftest: Check for overflow in              │
│                              │                │          │              │                            │                            │ IOMMU_TEST_OP_ADD_RESERVED                                   │
│                              │                │          │              │                            │                            │ https://avd.aquasec.com/nvd/cve-2025-71122                   │
│                              ├────────────────┤          │              │                            │                            ├──────────────────────────────────────────────────────────────┤
│                              │ CVE-2025-71123 │          │              │                            │                            │ kernel: ext4: fix string copying in                          │
│                              │                │          │              │                            │                            │ parse_apply_sb_mount_options()                               │
│                              │                │          │              │                            │                            │ https://avd.aquasec.com/nvd/cve-2025-71123                   │
│                              ├────────────────┤          │              │                            │                            ├──────────────────────────────────────────────────────────────┤
│                              │ CVE-2025-71133 │          │              │                            │                            │ kernel: RDMA/irdma: avoid invalid read in irdma_net_event    │
│                              │                │          │              │                            │                            │ https://avd.aquasec.com/nvd/cve-2025-71133                   │
│                              ├────────────────┤          │              │                            │                            ├──────────────────────────────────────────────────────────────┤
│                              │ CVE-2025-71136 │          │              │                            │                            │ kernel: media: adv7842: Avoid possible out-of-bounds array   │
│                              │                │          │              │                            │                            │ accesses in adv7842_cp_log_status()                          │
│                              │                │          │              │                            │                            │ https://avd.aquasec.com/nvd/cve-2025-71136                   │
│                              ├────────────────┤          │              │                            │                            ├──────────────────────────────────────────────────────────────┤
│                              │ CVE-2025-71137 │          │              │                            │                            │ kernel: octeontx2-pf: fix "UBSAN: shift-out-of-bounds error" │
│                              │                │          │              │                            │                            │ https://avd.aquasec.com/nvd/cve-2025-71137                   │
│                              ├────────────────┤          │              │                            │                            ├──────────────────────────────────────────────────────────────┤
│                              │ CVE-2025-71143 │          │              │                            │                            │ kernel: clk: samsung: exynos-clkout: Assign .num before      │
│                              │                │          │              │                            │                            │ accessing .hws                                               │
│                              │                │          │              │                            │                            │ https://avd.aquasec.com/nvd/cve-2025-71143                   │
│                              ├────────────────┤          │              │                            ├────────────────────────────┼──────────────────────────────────────────────────────────────┤
│                              │ CVE-2025-71152 │          │              │                            │ 6.12.85-1                  │ kernel: net: dsa: properly keep track of conduit reference   │
│                              │                │          │              │                            │                            │ https://avd.aquasec.com/nvd/cve-2025-71152                   │
│                              ├────────────────┤          │              │                            ├────────────────────────────┼──────────────────────────────────────────────────────────────┤
│                              │ CVE-2025-71156 │          │              │                            │ 6.12.69-1                  │ kernel: Linux kernel (gve): Denial of Service due to         │
│                              │                │          │              │                            │                            │ premature interrupt enabling...                              │
│                              │                │          │              │                            │                            │ https://avd.aquasec.com/nvd/cve-2025-71156                   │
│                              ├────────────────┤          │              │                            │                            ├──────────────────────────────────────────────────────────────┤
│                              │ CVE-2025-71157 │          │              │                            │                            │ kernel: Kernel: Resource management flaw in RDMA/core can    │
│                              │                │          │              │                            │                            │ lead to denial of...                                         │
│                              │                │          │              │                            │                            │ https://avd.aquasec.com/nvd/cve-2025-71157                   │
│                              ├────────────────┤          │              │                            │                            ├──────────────────────────────────────────────────────────────┤
│                              │ CVE-2025-71162 │          │              │                            │                            │ kernel: dmaengine: tegra-adma: Fix use-after-free            │
│                              │                │          │              │                            │                            │ https://avd.aquasec.com/nvd/cve-2025-71162                   │
│                              ├────────────────┤          │              │                            ├────────────────────────────┼──────────────────────────────────────────────────────────────┤
│                              │ CVE-2025-71203 │          │              │                            │ 6.12.73-1                  │ kernel: riscv: Sanitize syscall table indexing under         │
│                              │                │          │              │                            │                            │ speculation                                                  │
│                              │                │          │              │                            │                            │ https://avd.aquasec.com/nvd/cve-2025-71203                   │
│                              ├────────────────┤          │              │                            │                            ├──────────────────────────────────────────────────────────────┤
│                              │ CVE-2025-71220 │          │              │                            │                            │ kernel: smb/server: call ksmbd_session_rpc_close() on error  │
│                              │                │          │              │                            │                            │ path in create_smb2_pipe()                                   │
│                              │                │          │              │                            │                            │ https://avd.aquasec.com/nvd/cve-2025-71220                   │
│                              ├────────────────┤          │              │                            ├────────────────────────────┼──────────────────────────────────────────────────────────────┤
│                              │ CVE-2025-71221 │          │              │                            │ 6.12.85-1                  │ kernel: dmaengine: mmp_pdma: Fix race condition in           │
│                              │                │          │              │                            │                            │ mmp_pdma_residue()                                           │
│                              │                │          │              │                            │                            │ https://avd.aquasec.com/nvd/cve-2025-71221                   │
│                              ├────────────────┤          │              │                            ├────────────────────────────┼──────────────────────────────────────────────────────────────┤
│                              │ CVE-2025-71231 │          │              │                            │ 6.12.73-1                  │ kernel: Linux kernel: Denial of Service due to out-of-bounds │
│                              │                │          │              │                            │                            │ index in IAA...                                              │
│                              │                │          │              │                            │                            │ https://avd.aquasec.com/nvd/cve-2025-71231                   │
│                              ├────────────────┤          │              │                            │                            ├──────────────────────────────────────────────────────────────┤
│                              │ CVE-2025-71234 │          │              │                            │                            │ kernel: wifi: rtl8xxxu: fix slab-out-of-bounds in            │
│                              │                │          │              │                            │                            │ rtl8xxxu_sta_add                                             │
│                              │                │          │              │                            │                            │ https://avd.aquasec.com/nvd/cve-2025-71234                   │
│                              ├────────────────┤          │              │                            ├────────────────────────────┼──────────────────────────────────────────────────────────────┤
│                              │ CVE-2025-71238 │          │              │                            │ 6.12.74-2                  │ kernel: Linux kernel (qla2xxx): Double free vulnerability    │
│                              │                │          │              │                            │                            │ leads to denial of service...                                │
│                              │                │          │              │                            │                            │ https://avd.aquasec.com/nvd/cve-2025-71238                   │
│                              ├────────────────┤          │              │                            ├────────────────────────────┼──────────────────────────────────────────────────────────────┤
│                              │ CVE-2026-22980 │          │              │                            │ 6.12.69-1                  │ kernel: nfsd: provide locking for v4_end_grace               │
│                              │                │          │              │                            │                            │ https://avd.aquasec.com/nvd/cve-2026-22980                   │
│                              ├────────────────┤          │              │                            │                            ├──────────────────────────────────────────────────────────────┤
│                              │ CVE-2026-22984 │          │              │                            │                            │ kernel: libceph: prevent potential out-of-bounds reads in    │
│                              │                │          │              │                            │                            │ handle_auth_done()                                           │
│                              │                │          │              │                            │                            │ https://avd.aquasec.com/nvd/cve-2026-22984                   │
│                              ├────────────────┤          │              │                            │                            ├──────────────────────────────────────────────────────────────┤
│                              │ CVE-2026-22998 │          │              │                            │                            │ kernel: nvme-tcp: fix NULL pointer dereferences in           │
│                              │                │          │              │                            │                            │ nvmet_tcp_build_pdu_iovec                                    │
│                              │                │          │              │                            │                            │ https://avd.aquasec.com/nvd/cve-2026-22998                   │
│                              ├────────────────┤          │              │                            │                            ├──────────────────────────────────────────────────────────────┤
│                              │ CVE-2026-23001 │          │              │                            │                            │ kernel: macvlan: fix possible UAF in                         │
│                              │                │          │              │                            │                            │ macvlan_forward_source()                                     │
│                              │                │          │              │                            │                            │ https://avd.aquasec.com/nvd/cve-2026-23001                   │
│                              ├────────────────┤          │              │                            │                            ├──────────────────────────────────────────────────────────────┤
│                              │ CVE-2026-23010 │          │              │                            │                            │ kernel: Linux kernel: Use-after-free in IPv6 address         │
│                              │                │          │              │                            │                            │ deletion may lead to a...                                    │
│                              │                │          │              │                            │                            │ https://avd.aquasec.com/nvd/cve-2026-23010                   │
│                              ├────────────────┤          │              │                            │                            ├──────────────────────────────────────────────────────────────┤
│                              │ CVE-2026-23013 │          │              │                            │                            │ kernel: net: octeon_ep_vf: fix free_irq dev_id mismatch in   │
│                              │                │          │              │                            │                            │ IRQ rollback                                                 │
│                              │                │          │              │                            │                            │ https://avd.aquasec.com/nvd/cve-2026-23013                   │
│                              ├────────────────┤          │              │                            │                            ├──────────────────────────────────────────────────────────────┤
│                              │ CVE-2026-23025 │          │              │                            │                            │ kernel: mm/page_alloc: prevent pcp corruption with SMP=n     │
│                              │                │          │              │                            │                            │ https://avd.aquasec.com/nvd/cve-2026-23025                   │
│                              ├────────────────┤          │              │                            │                            ├──────────────────────────────────────────────────────────────┤
│                              │ CVE-2026-23068 │          │              │                            │                            │ kernel: spi: spi-sprd-adi: Fix double free in probe error    │
│                              │                │          │              │                            │                            │ path                                                         │
│                              │                │          │              │                            │                            │ https://avd.aquasec.com/nvd/cve-2026-23068                   │
│                              ├────────────────┤          │              │                            │                            ├──────────────────────────────────────────────────────────────┤
│                              │ CVE-2026-23073 │          │              │                            │                            │ kernel: wifi: rsi: Fix memory corruption due to not set vif  │
│                              │                │          │              │                            │                            │ driver...                                                    │
│                              │                │          │              │                            │                            │ https://avd.aquasec.com/nvd/cve-2026-23073                   │
│                              ├────────────────┤          │              │                            │                            ├──────────────────────────────────────────────────────────────┤
│                              │ CVE-2026-23074 │          │              │                            │                            │ kernel: Linux kernel: Use-after-free in teql queueing        │
│                              │                │          │              │                            │                            │ discipline can lead to privilege...                          │
│                              │                │          │              │                            │                            │ https://avd.aquasec.com/nvd/cve-2026-23074                   │
│                              ├────────────────┤          │              │                            │                            ├──────────────────────────────────────────────────────────────┤
│                              │ CVE-2026-23076 │          │              │                            │                            │ kernel: Linux kernel: Denial of Service in ALSA ctxfi driver │
│                              │                │          │              │                            │                            │ due to...                                                    │
│                              │                │          │              │                            │                            │ https://avd.aquasec.com/nvd/cve-2026-23076                   │
│                              ├────────────────┤          │              │                            │                            ├──────────────────────────────────────────────────────────────┤
│                              │ CVE-2026-23078 │          │              │                            │                            │ kernel: ALSA: scarlett2: Fix buffer overflow in config       │
│                              │                │          │              │                            │                            │ retrieval                                                    │
│                              │                │          │              │                            │                            │ https://avd.aquasec.com/nvd/cve-2026-23078                   │
│                              ├────────────────┤          │              │                            │                            ├──────────────────────────────────────────────────────────────┤
│                              │ CVE-2026-23083 │          │              │                            │                            │ kernel: fou: Don't allow 0 for FOU_ATTR_IPPROTO              │
│                              │                │          │              │                            │                            │ https://avd.aquasec.com/nvd/cve-2026-23083                   │
│                              ├────────────────┤          │              │                            │                            ├──────────────────────────────────────────────────────────────┤
│                              │ CVE-2026-23089 │          │              │                            │                            │ kernel: ALSA: usb-audio: Fix use-after-free in               │
│                              │                │          │              │                            │                            │ snd_usb_mixer_free()                                         │
│                              │                │          │              │                            │                            │ https://avd.aquasec.com/nvd/cve-2026-23089                   │
│                              ├────────────────┤          │              │                            │                            ├──────────────────────────────────────────────────────────────┤
│                              │ CVE-2026-23098 │          │              │                            │                            │ kernel: netrom: fix double-free in nr_route_frame()          │
│                              │                │          │              │                            │                            │ https://avd.aquasec.com/nvd/cve-2026-23098                   │
│                              ├────────────────┤          │              │                            │                            ├──────────────────────────────────────────────────────────────┤
│                              │ CVE-2026-23099 │          │              │                            │                            │ kernel: bonding: limit BOND_MODE_8023AD to Ethernet devices  │
│                              │                │          │              │                            │                            │ https://avd.aquasec.com/nvd/cve-2026-23099                   │
│                              ├────────────────┤          ├──────────────┤                            ├────────────────────────────┼──────────────────────────────────────────────────────────────┤
│                              │ CVE-2026-23102 │          │ affected     │                            │                            │ kernel: Linux kernel: Denial of Service due to incorrect SVE │
│                              │                │          │              │                            │                            │ context restoration...                                       │
│                              │                │          │              │                            │                            │ https://avd.aquasec.com/nvd/cve-2026-23102                   │
│                              ├────────────────┤          ├──────────────┤                            ├────────────────────────────┼──────────────────────────────────────────────────────────────┤
│                              │ CVE-2026-23111 │          │ fixed        │                            │ 6.12.73-1                  │ kernel: Kernel: Privilege escalation or denial of service in │
│                              │                │          │              │                            │                            │ nf_tables via inverted...                                    │
│                              │                │          │              │                            │                            │ https://avd.aquasec.com/nvd/cve-2026-23111                   │
│                              ├────────────────┤          │              │                            ├────────────────────────────┼──────────────────────────────────────────────────────────────┤
│                              │ CVE-2026-23156 │          │              │                            │ 6.12.69-1                  │ kernel: Linux kernel: Information disclosure in efivarfs via │
│                              │                │          │              │                            │                            │ incorrect error propagation                                  │
│                              │                │          │              │                            │                            │ https://avd.aquasec.com/nvd/cve-2026-23156                   │
│                              ├────────────────┤          │              │                            │                            ├──────────────────────────────────────────────────────────────┤
│                              │ CVE-2026-23158 │          │              │                            │                            │ kernel: gpio: virtuser: fix UAF in configfs release path     │
│                              │                │          │              │                            │                            │ https://avd.aquasec.com/nvd/cve-2026-23158                   │
│                              ├────────────────┤          │              │                            ├────────────────────────────┼──────────────────────────────────────────────────────────────┤
│                              │ CVE-2026-23171 │          │              │                            │ 6.12.90-1                  │ kernel: Linux kernel: Use-after-free in bonding module can   │
│                              │                │          │              │                            │                            │ cause system crash or...                                     │
│                              │                │          │              │                            │                            │ https://avd.aquasec.com/nvd/cve-2026-23171                   │
│                              ├────────────────┤          │              │                            ├────────────────────────────┼──────────────────────────────────────────────────────────────┤
│                              │ CVE-2026-23187 │          │              │                            │ 6.12.73-1                  │ kernel: pmdomain: imx8m-blk-ctrl: fix out-of-range access of │
│                              │                │          │              │                            │                            │ bc->domains                                                  │
│                              │                │          │              │                            │                            │ https://avd.aquasec.com/nvd/cve-2026-23187                   │
│                              ├────────────────┤          │              │                            │                            ├──────────────────────────────────────────────────────────────┤
│                              │ CVE-2026-23191 │          │              │                            │                            │ kernel: ALSA: aloop: Fix racy access at PCM trigger          │
│                              │                │          │              │                            │                            │ https://avd.aquasec.com/nvd/cve-2026-23191                   │
│                              ├────────────────┤          │              │                            │                            ├──────────────────────────────────────────────────────────────┤
│                              │ CVE-2026-23193 │          │              │                            │                            │ kernel: scsi: target: iscsi: Fix use-after-free in           │
│                              │                │          │              │                            │                            │ iscsit_dec_session_usage_count()                             │
│                              │                │          │              │                            │                            │ https://avd.aquasec.com/nvd/cve-2026-23193                   │
│                              ├────────────────┤          │              │                            │                            ├──────────────────────────────────────────────────────────────┤
│                              │ CVE-2026-23204 │          │              │                            │                            │ kernel: net/sched: cls_u32: use skb_header_pointer_careful() │
│                              │                │          │              │                            │                            │ https://avd.aquasec.com/nvd/cve-2026-23204                   │
│                              ├────────────────┤          ├──────────────┤                            ├────────────────────────────┼──────────────────────────────────────────────────────────────┤
│                              │ CVE-2026-23208 │          │ affected     │                            │                            │ kernel: ALSA: usb-audio: Prevent excessive number of frames  │
│                              │                │          │              │                            │                            │ https://avd.aquasec.com/nvd/cve-2026-23208                   │
│                              ├────────────────┤          ├──────────────┤                            ├────────────────────────────┼──────────────────────────────────────────────────────────────┤
│                              │ CVE-2026-23209 │          │ fixed        │                            │ 6.12.73-1                  │ kernel: macvlan: fix error recovery in                       │
│                              │                │          │              │                            │                            │ macvlan_common_newlink()                                     │
│                              │                │          │              │                            │                            │ https://avd.aquasec.com/nvd/cve-2026-23209                   │
│                              ├────────────────┤          │              │                            │                            ├──────────────────────────────────────────────────────────────┤
│                              │ CVE-2026-23216 │          │              │                            │                            │ kernel: scsi: target: iscsi: Fix use-after-free in           │
│                              │                │          │              │                            │                            │ iscsit_dec_conn_usage_count()                                │
│                              │                │          │              │                            │                            │ https://avd.aquasec.com/nvd/cve-2026-23216                   │
│                              ├────────────────┤          │              │                            ├────────────────────────────┼──────────────────────────────────────────────────────────────┤
│                              │ CVE-2026-23221 │          │              │                            │ 6.12.74-2                  │ kernel: bus: fsl-mc: fix use-after-free in                   │
│                              │                │          │              │                            │                            │ driver_override_show()                                       │
│                              │                │          │              │                            │                            │ https://avd.aquasec.com/nvd/cve-2026-23221                   │
│                              ├────────────────┤          │              │                            ├────────────────────────────┼──────────────────────────────────────────────────────────────┤
│                              │ CVE-2026-23223 │          │              │                            │ 6.12.73-1                  │ kernel: xfs: fix UAF in xchk_btree_check_block_owner         │
│                              │                │          │              │                            │                            │ https://avd.aquasec.com/nvd/cve-2026-23223                   │
│                              ├────────────────┤          │              │                            │                            ├──────────────────────────────────────────────────────────────┤
│                              │ CVE-2026-23224 │          │              │                            │                            │ kernel: Linux kernel erofs: Denial of Service via            │
│                              │                │          │              │                            │                            │ Use-After-Free in file-backed directio...                    │
│                              │                │          │              │                            │                            │ https://avd.aquasec.com/nvd/cve-2026-23224                   │
│                              ├────────────────┤          │              │                            ├────────────────────────────┼──────────────────────────────────────────────────────────────┤
│                              │ CVE-2026-23226 │          │              │                            │ 6.12.85-1                  │ kernel: ksmbd: add chann_lock to protect ksmbd_chann_list    │
│                              │                │          │              │                            │                            │ xarray                                                       │
│                              │                │          │              │                            │                            │ https://avd.aquasec.com/nvd/cve-2026-23226                   │
│                              ├────────────────┤          │              │                            │                            ├──────────────────────────────────────────────────────────────┤
│                              │ CVE-2026-23227 │          │              │                            │                            │ kernel: drm/exynos: vidi: use ctx->lock to protect struct    │
│                              │                │          │              │                            │                            │ vidi_context member variables related...                     │
│                              │                │          │              │                            │                            │ https://avd.aquasec.com/nvd/cve-2026-23227                   │
│                              ├────────────────┤          │              │                            │                            ├──────────────────────────────────────────────────────────────┤
│                              │ CVE-2026-23231 │          │              │                            │                            │ kernel: kernel: Privilege escalation or denial of service    │
│                              │                │          │              │                            │                            │ via use-after-free in nf_tables_addchain()...                │
│                              │                │          │              │                            │                            │ https://avd.aquasec.com/nvd/cve-2026-23231                   │
│                              ├────────────────┤          │              │                            ├────────────────────────────┼──────────────────────────────────────────────────────────────┤
│                              │ CVE-2026-23233 │          │              │                            │ 6.12.74-2                  │ kernel: f2fs: fix to avoid mapping wrong physical block for  │
│                              │                │          │              │                            │                            │ swapfile                                                     │
│                              │                │          │              │                            │                            │ https://avd.aquasec.com/nvd/cve-2026-23233                   │
│                              ├────────────────┤          │              │                            │                            ├──────────────────────────────────────────────────────────────┤
│                              │ CVE-2026-23234 │          │              │                            │                            │ kernel: f2fs: fix to avoid UAF in f2fs_write_end_io()        │
│                              │                │          │              │                            │                            │ https://avd.aquasec.com/nvd/cve-2026-23234                   │
│                              ├────────────────┤          │              │                            │                            ├──────────────────────────────────────────────────────────────┤
│                              │ CVE-2026-23235 │          │              │                            │                            │ kernel: f2fs: fix out-of-bounds access in sysfs attribute    │
│                              │                │          │              │                            │                            │ read/write                                                   │
│                              │                │          │              │                            │                            │ https://avd.aquasec.com/nvd/cve-2026-23235                   │
│                              ├────────────────┤          │              │                            ├────────────────────────────┼──────────────────────────────────────────────────────────────┤
│                              │ CVE-2026-23244 │          │              │                            │ 6.12.85-1                  │ kernel: nvme: fix memory allocation in nvme_pr_read_keys()   │
│                              │                │          │              │                            │                            │ https://avd.aquasec.com/nvd/cve-2026-23244                   │
│                              ├────────────────┤          │              │                            ├────────────────────────────┼──────────────────────────────────────────────────────────────┤
│                              │ CVE-2026-23268 │          │              │                            │ 6.12.74-2                  │ kernel: apparmor: fix unprivileged local user can do         │
│                              │                │          │              │                            │                            │ privileged policy management                                 │
│                              │                │          │              │                            │                            │ https://avd.aquasec.com/nvd/cve-2026-23268                   │
│                              ├────────────────┤          │              │                            ├────────────────────────────┼──────────────────────────────────────────────────────────────┤
│                              │ CVE-2026-23315 │          │              │                            │ 6.12.85-1                  │ kernel: wifi: mt76: Fix possible oob access in               │
│                              │                │          │              │                            │                            │ mt76_connac2_mac_write_txwi_80211()                          │
│                              │                │          │              │                            │                            │ https://avd.aquasec.com/nvd/cve-2026-23315                   │
│                              ├────────────────┤          │              │                            │                            ├──────────────────────────────────────────────────────────────┤
│                              │ CVE-2026-23318 │          │              │                            │                            │ kernel: ALSA: usb-audio: Use correct version for UAC3 header │
│                              │                │          │              │                            │                            │ validation                                                   │
│                              │                │          │              │                            │                            │ https://avd.aquasec.com/nvd/cve-2026-23318                   │
│                              ├────────────────┤          │              │                            │                            ├──────────────────────────────────────────────────────────────┤
│                              │ CVE-2026-23319 │          │              │                            │                            │ kernel: bpf: Fix a UAF issue in                              │
│                              │                │          │              │                            │                            │ bpf_trampoline_link_cgroup_shim                              │
│                              │                │          │              │                            │                            │ https://avd.aquasec.com/nvd/cve-2026-23319                   │
│                              ├────────────────┤          │              │                            │                            ├──────────────────────────────────────────────────────────────┤
│                              │ CVE-2026-23325 │          │              │                            │                            │ kernel: wifi: mt76: mt7996: Fix possible oob access in       │
│                              │                │          │              │                            │                            │ mt7996_mac_write_txwi_80211()                                │
│                              │                │          │              │                            │                            │ https://avd.aquasec.com/nvd/cve-2026-23325                   │
│                              ├────────────────┤          ├──────────────┤                            ├────────────────────────────┼──────────────────────────────────────────────────────────────┤
│                              │ CVE-2026-23327 │          │ affected     │                            │                            │ kernel: cxl/mbox: validate payload size before accessing     │
│                              │                │          │              │                            │                            │ contents in cxl_payload_from_user_allowed()                  │
│                              │                │          │              │                            │                            │ https://avd.aquasec.com/nvd/cve-2026-23327                   │
│                              ├────────────────┤          ├──────────────┤                            ├────────────────────────────┼──────────────────────────────────────────────────────────────┤
│                              │ CVE-2026-23343 │          │ fixed        │                            │ 6.12.85-1                  │ kernel: xdp: produce a warning when calculated tailroom is   │
│                              │                │          │              │                            │                            │ negative                                                     │
│                              │                │          │              │                            │                            │ https://avd.aquasec.com/nvd/cve-2026-23343                   │
│                              ├────────────────┤          │              │                            │                            ├──────────────────────────────────────────────────────────────┤
│                              │ CVE-2026-23354 │          │              │                            │                            │ kernel: x86/fred: Correct speculative safety in              │
│                              │                │          │              │                            │                            │ fred_extint()                                                │
│                              │                │          │              │                            │                            │ https://avd.aquasec.com/nvd/cve-2026-23354                   │
│                              ├────────────────┤          │              │                            │                            ├──────────────────────────────────────────────────────────────┤
│                              │ CVE-2026-23359 │          │              │                            │                            │ kernel: bpf: Fix stack-out-of-bounds write in devmap         │
│                              │                │          │              │                            │                            │ https://avd.aquasec.com/nvd/cve-2026-23359                   │
│                              ├────────────────┤          │              │                            │                            ├──────────────────────────────────────────────────────────────┤
│                              │ CVE-2026-23361 │          │              │                            │                            │ kernel: PCI: dwc: ep: Flush MSI-X write before unmapping its │
│                              │                │          │              │                            │                            │ ATU entry...                                                 │
│                              │                │          │              │                            │                            │ https://avd.aquasec.com/nvd/cve-2026-23361                   │
│                              ├────────────────┤          │              │                            │                            ├──────────────────────────────────────────────────────────────┤
│                              │ CVE-2026-23363 │          │              │                            │                            │ kernel: wifi: mt76: mt7925: Fix possible oob access in       │
│                              │                │          │              │                            │                            │ mt7925_mac_write_txwi_80211()                                │
│                              │                │          │              │                            │                            │ https://avd.aquasec.com/nvd/cve-2026-23363                   │
│                              ├────────────────┤          │              │                            │                            ├──────────────────────────────────────────────────────────────┤
│                              │ CVE-2026-23378 │          │              │                            │                            │ kernel: net/sched: act_ife: Fix metalist update behavior     │
│                              │                │          │              │                            │                            │ https://avd.aquasec.com/nvd/cve-2026-23378                   │
│                              ├────────────────┤          │              │                            │                            ├──────────────────────────────────────────────────────────────┤
│                              │ CVE-2026-23387 │          │              │                            │                            │ kernel: pinctrl: cirrus: cs42l43: Fix double-put in          │
│                              │                │          │              │                            │                            │ cs42l43_pin_probe()                                          │
│                              │                │          │              │                            │                            │ https://avd.aquasec.com/nvd/cve-2026-23387                   │
│                              ├────────────────┤          │              │                            │                            ├──────────────────────────────────────────────────────────────┤
│                              │ CVE-2026-23388 │          │              │                            │                            │ kernel: Squashfs: check metadata block offset is within      │
│                              │                │          │              │                            │                            │ range                                                        │
│                              │                │          │              │                            │                            │ https://avd.aquasec.com/nvd/cve-2026-23388                   │
│                              ├────────────────┤          │              │                            ├────────────────────────────┼──────────────────────────────────────────────────────────────┤
│                              │ CVE-2026-23390 │          │              │                            │ 6.12.74-1                  │ kernel: tracing/dma: Cap dma_map_sg tracepoint arrays to     │
│                              │                │          │              │                            │                            │ prevent buffer overflow                                      │
│                              │                │          │              │                            │                            │ https://avd.aquasec.com/nvd/cve-2026-23390                   │
│                              ├────────────────┤          │              │                            ├────────────────────────────┼──────────────────────────────────────────────────────────────┤
│                              │ CVE-2026-23395 │          │              │                            │ 6.12.85-1                  │ kernel: Bluetooth: L2CAP: Fix accepting multiple             │
│                              │                │          │              │                            │                            │ L2CAP_ECRED_CONN_REQ                                         │
│                              │                │          │              │                            │                            │ https://avd.aquasec.com/nvd/cve-2026-23395                   │
│                              ├────────────────┤          │              │                            │                            ├──────────────────────────────────────────────────────────────┤
│                              │ CVE-2026-23397 │          │              │                            │                            │ Linux kernel: nfnetlink_osf: Linux kernel: Denial of Service │
│                              │                │          │              │                            │                            │ in nfnetlink_osf via crafted...                              │
│                              │                │          │              │                            │                            │ https://avd.aquasec.com/nvd/cve-2026-23397                   │
│                              ├────────────────┤          │              │                            ├────────────────────────────┼──────────────────────────────────────────────────────────────┤
│                              │ CVE-2026-23408 │          │              │                            │ 6.12.74-2                  │ kernel: apparmor: Fix double free of ns_name in              │
│                              │                │          │              │                            │                            │ aa_replace_profiles()                                        │
│                              │                │          │              │                            │                            │ https://avd.aquasec.com/nvd/cve-2026-23408                   │
│                              ├────────────────┤          │              │                            │                            ├──────────────────────────────────────────────────────────────┤
│                              │ CVE-2026-23410 │          │              │                            │                            │ kernel: apparmor: fix race on rawdata dereference            │
│                              │                │          │              │                            │                            │ https://avd.aquasec.com/nvd/cve-2026-23410                   │
│                              ├────────────────┤          │              │                            │                            ├──────────────────────────────────────────────────────────────┤
│                              │ CVE-2026-23411 │          │              │                            │                            │ kernel: apparmor: fix race between freeing data and fs       │
│                              │                │          │              │                            │                            │ accessing it                                                 │
│                              │                │          │              │                            │                            │ https://avd.aquasec.com/nvd/cve-2026-23411                   │
│                              ├────────────────┤          │              │                            ├────────────────────────────┼──────────────────────────────────────────────────────────────┤
│                              │ CVE-2026-23412 │          │              │                            │ 6.12.85-1                  │ kernel: netfilter: bpf: defer hook memory release until rcu  │
│                              │                │          │              │                            │                            │ readers are done...                                          │
│                              │                │          │              │                            │                            │ https://avd.aquasec.com/nvd/cve-2026-23412                   │
│                              ├────────────────┤          │              │                            │                            ├──────────────────────────────────────────────────────────────┤
│                              │ CVE-2026-23413 │          │              │                            │                            │ kernel: clsact: Fix use-after-free in init/destroy rollback  │
│                              │                │          │              │                            │                            │ asymmetry                                                    │
│                              │                │          │              │                            │                            │ https://avd.aquasec.com/nvd/cve-2026-23413                   │
│                              ├────────────────┤          │              │                            │                            ├──────────────────────────────────────────────────────────────┤
│                              │ CVE-2026-23422 │          │              │                            │                            │ In the Linux kernel, the following vulnerability has been    │
│                              │                │          │              │                            │                            │ resolved: d...                                               │
│                              │                │          │              │                            │                            │ https://avd.aquasec.com/nvd/cve-2026-23422                   │
│                              ├────────────────┤          │              │                            │                            ├──────────────────────────────────────────────────────────────┤
│                              │ CVE-2026-23427 │          │              │                            │                            │ kernel: ksmbd: fix use-after-free in durable v2 replay of    │
│                              │                │          │              │                            │                            │ active file handles...                                       │
│                              │                │          │              │                            │                            │ https://avd.aquasec.com/nvd/cve-2026-23427                   │
│                              ├────────────────┤          │              │                            │                            ├──────────────────────────────────────────────────────────────┤
│                              │ CVE-2026-23428 │          │              │                            │                            │ kernel: ksmbd: fix use-after-free of share_conf in compound  │
│                              │                │          │              │                            │                            │ request                                                      │
│                              │                │          │              │                            │                            │ https://avd.aquasec.com/nvd/cve-2026-23428                   │
│                              ├────────────────┤          │              │                            │                            ├──────────────────────────────────────────────────────────────┤
│                              │ CVE-2026-23447 │          │              │                            │                            │ kernel: net: usb: cdc_ncm: add ndpoffset to NDP32 nframes    │
│                              │                │          │              │                            │                            │ bounds check                                                 │
│                              │                │          │              │                            │                            │ https://avd.aquasec.com/nvd/cve-2026-23447                   │
│                              ├────────────────┤          │              │                            │                            ├──────────────────────────────────────────────────────────────┤
│                              │ CVE-2026-23448 │          │              │                            │                            │ kernel: net: usb: cdc_ncm: add ndpoffset to NDP16 nframes    │
│                              │                │          │              │                            │                            │ bounds check                                                 │
│                              │                │          │              │                            │                            │ https://avd.aquasec.com/nvd/cve-2026-23448                   │
│                              ├────────────────┤          │              │                            │                            ├──────────────────────────────────────────────────────────────┤
│                              │ CVE-2026-23454 │          │              │                            │                            │ kernel: net: mana: fix use-after-free in                     │
│                              │                │          │              │                            │                            │ mana_hwc_destroy_channel() by reordering teardown            │
│                              │                │          │              │                            │                            │ https://avd.aquasec.com/nvd/cve-2026-23454                   │
│                              ├────────────────┤          │              │                            │                            ├──────────────────────────────────────────────────────────────┤
│                              │ CVE-2026-31399 │          │              │                            │                            │ kernel: nvdimm/bus: Fix potential use after free in          │
│                              │                │          │              │                            │                            │ asynchronous initialization                                  │
│                              │                │          │              │                            │                            │ https://avd.aquasec.com/nvd/cve-2026-31399                   │
│                              ├────────────────┤          │              │                            │                            ├──────────────────────────────────────────────────────────────┤
│                              │ CVE-2026-31402 │          │              │                            │                            │ kernel: nfsd: fix heap overflow in NFSv4.0 LOCK replay cache │
│                              │                │          │              │                            │                            │ https://avd.aquasec.com/nvd/cve-2026-31402                   │
│                              ├────────────────┤          │              │                            │                            ├──────────────────────────────────────────────────────────────┤
│                              │ CVE-2026-31405 │          │              │                            │                            │ kernel: media: dvb-net: fix OOB access in ULE extension      │
│                              │                │          │              │                            │                            │ header tables                                                │
│                              │                │          │              │                            │                            │ https://avd.aquasec.com/nvd/cve-2026-31405                   │
│                              ├────────────────┤          │              │                            ├────────────────────────────┼──────────────────────────────────────────────────────────────┤
│                              │ CVE-2026-31419 │          │              │                            │ 6.12.86-1                  │ kernel: Linux kernel: Use-after-free in bonding driver leads │
│                              │                │          │              │                            │                            │ to denial of service...                                      │
│                              │                │          │              │                            │                            │ https://avd.aquasec.com/nvd/cve-2026-31419                   │
│                              ├────────────────┤          │              │                            ├────────────────────────────┼──────────────────────────────────────────────────────────────┤
│                              │ CVE-2026-31430 │          │              │                            │ 6.12.85-1                  │ kernel: X.509: Fix out-of-bounds access when parsing         │
│                              │                │          │              │                            │                            │ extensions                                                   │
│                              │                │          │              │                            │                            │ https://avd.aquasec.com/nvd/cve-2026-31430                   │
│                              ├────────────────┤          │              │                            │                            ├──────────────────────────────────────────────────────────────┤
│                              │ CVE-2026-31431 │          │              │                            │                            │ kernel: crypto: algif_aead - Revert to operating             │
│                              │                │          │              │                            │                            │ out-of-place                                                 │
│                              │                │          │              │                            │                            │ https://avd.aquasec.com/nvd/cve-2026-31431                   │
│                              ├────────────────┤          │              │                            │                            ├──────────────────────────────────────────────────────────────┤
│                              │ CVE-2026-31452 │          │              │                            │                            │ kernel: ext4: convert inline data to extents when truncate   │
│                              │                │          │              │                            │                            │ exceeds inline size...                                       │
│                              │                │          │              │                            │                            │ https://avd.aquasec.com/nvd/cve-2026-31452                   │
│                              ├────────────────┤          │              │                            │                            ├──────────────────────────────────────────────────────────────┤
│                              │ CVE-2026-31455 │          │              │                            │                            │ kernel: xfs: stop reclaim before pushing AIL during unmount  │
│                              │                │          │              │                            │                            │ https://avd.aquasec.com/nvd/cve-2026-31455                   │
│                              ├────────────────┤          │              │                            │                            ├──────────────────────────────────────────────────────────────┤
│                              │ CVE-2026-31474 │          │              │                            │                            │ kernel: can: isotp: fix tx.buf use-after-free in             │
│                              │                │          │              │                            │                            │ isotp_sendmsg()                                              │
│                              │                │          │              │                            │                            │ https://avd.aquasec.com/nvd/cve-2026-31474                   │
│                              ├────────────────┤          │              │                            │                            ├──────────────────────────────────────────────────────────────┤
│                              │ CVE-2026-31478 │          │              │                            │                            │ kernel: ksmbd: replace hardcoded hdr2_len with offsetof() in │
│                              │                │          │              │                            │                            │ smb2_calc_max_out_buf_len()                                  │
│                              │                │          │              │                            │                            │ https://avd.aquasec.com/nvd/cve-2026-31478                   │
│                              ├────────────────┤          │              │                            │                            ├──────────────────────────────────────────────────────────────┤
│                              │ CVE-2026-31485 │          │              │                            │                            │ kernel: spi: spi-fsl-lpspi: fix teardown order issue (UAF)   │
│                              │                │          │              │                            │                            │ https://avd.aquasec.com/nvd/cve-2026-31485                   │
│                              ├────────────────┤          │              │                            │                            ├──────────────────────────────────────────────────────────────┤
│                              │ CVE-2026-31488 │          │              │                            │                            │ kernel: drm/amd/display: Do not skip unrelated mode changes  │
│                              │                │          │              │                            │                            │ in DSC validation                                            │
│                              │                │          │              │                            │                            │ https://avd.aquasec.com/nvd/cve-2026-31488                   │
│                              ├────────────────┤          │              │                            │                            ├──────────────────────────────────────────────────────────────┤
│                              │ CVE-2026-31489 │          │              │                            │                            │ kernel: spi: meson-spicc: Fix double-put in remove path      │
│                              │                │          │              │                            │                            │ https://avd.aquasec.com/nvd/cve-2026-31489                   │
│                              ├────────────────┤          ├──────────────┤                            ├────────────────────────────┼──────────────────────────────────────────────────────────────┤
│                              │ CVE-2026-31493 │          │ affected     │                            │                            │ kernel: RDMA/efa: Fix use of completion ctx after free       │
│                              │                │          │              │                            │                            │ https://avd.aquasec.com/nvd/cve-2026-31493                   │
│                              ├────────────────┤          ├──────────────┤                            ├────────────────────────────┼──────────────────────────────────────────────────────────────┤
│                              │ CVE-2026-31500 │          │ fixed        │                            │ 6.12.85-1                  │ kernel: Bluetooth: btintel: serialize btintel_hw_error()     │
│                              │                │          │              │                            │                            │ with hci_req_sync_lock                                       │
│                              │                │          │              │                            │                            │ https://avd.aquasec.com/nvd/cve-2026-31500                   │
│                              ├────────────────┤          │              │                            │                            ├──────────────────────────────────────────────────────────────┤
│                              │ CVE-2026-31506 │          │              │                            │                            │ kernel: net: bcmasp: fix double free of WoL irq              │
│                              │                │          │              │                            │                            │ https://avd.aquasec.com/nvd/cve-2026-31506                   │
│                              ├────────────────┤          │              │                            │                            ├──────────────────────────────────────────────────────────────┤
│                              │ CVE-2026-31527 │          │              │                            │                            │ kernel: driver core: platform: use generic driver_override   │
│                              │                │          │              │                            │                            │ infrastructure                                               │
│                              │                │          │              │                            │                            │ https://avd.aquasec.com/nvd/cve-2026-31527                   │
│                              ├────────────────┤          │              │                            │                            ├──────────────────────────────────────────────────────────────┤
│                              │ CVE-2026-31530 │          │              │                            │                            │ kernel: cxl/port: Fix use after free of parent_port in       │
│                              │                │          │              │                            │                            │ cxl_detach_ep()                                              │
│                              │                │          │              │                            │                            │ https://avd.aquasec.com/nvd/cve-2026-31530                   │
│                              ├────────────────┤          │              │                            │                            ├──────────────────────────────────────────────────────────────┤
│                              │ CVE-2026-31532 │          │              │                            │                            │ kernel: can: raw: fix ro->uniq use-after-free in raw_rcv()   │
│                              │                │          │              │                            │                            │ https://avd.aquasec.com/nvd/cve-2026-31532                   │
│                              ├────────────────┤          ├──────────────┤                            ├────────────────────────────┼──────────────────────────────────────────────────────────────┤
│                              │ CVE-2026-31536 │          │ affected     │                            │                            │ kernel: smb: server: let send_done handle a completion       │
│                              │                │          │              │                            │                            │ without IB_SEND_SIGNALED                                     │
│                              │                │          │              │                            │                            │ https://avd.aquasec.com/nvd/cve-2026-31536                   │
│                              ├────────────────┤          ├──────────────┤                            ├────────────────────────────┼──────────────────────────────────────────────────────────────┤
│                              │ CVE-2026-31566 │          │ fixed        │                            │ 6.12.85-1                  │ kernel: drm/amdgpu: Fix fence put before wait in             │
│                              │                │          │              │                            │                            │ amdgpu_amdkfd_submit_ib                                      │
│                              │                │          │              │                            │                            │ https://avd.aquasec.com/nvd/cve-2026-31566                   │
│                              ├────────────────┤          ├──────────────┤                            ├────────────────────────────┼──────────────────────────────────────────────────────────────┤
│                              │ CVE-2026-31568 │          │ affected     │                            │                            │ kernel: s390/mm: Add missing secure storage access fixups    │
│                              │                │          │              │                            │                            │ for donated memory                                           │
│                              │                │          │              │                            │                            │ https://avd.aquasec.com/nvd/cve-2026-31568                   │
│                              ├────────────────┤          ├──────────────┤                            ├────────────────────────────┼──────────────────────────────────────────────────────────────┤
│                              │ CVE-2026-31576 │          │ fixed        │                            │ 6.12.85-1                  │ kernel: media: hackrf: fix to not free memory after the      │
│                              │                │          │              │                            │                            │ device is...                                                 │
│                              │                │          │              │                            │                            │ https://avd.aquasec.com/nvd/cve-2026-31576                   │
│                              ├────────────────┤          │              │                            │                            ├──────────────────────────────────────────────────────────────┤
│                              │ CVE-2026-31578 │          │              │                            │                            │ kernel: media: as102: fix to not free memory after the       │
│                              │                │          │              │                            │                            │ device is...                                                 │
│                              │                │          │              │                            │                            │ https://avd.aquasec.com/nvd/cve-2026-31578                   │
│                              ├────────────────┤          │              │                            │                            ├──────────────────────────────────────────────────────────────┤
│                              │ CVE-2026-31580 │          │              │                            │                            │ kernel: bcache: fix cached_dev.sb_bio use-after-free and     │
│                              │                │          │              │                            │                            │ crash                                                        │
│                              │                │          │              │                            │                            │ https://avd.aquasec.com/nvd/cve-2026-31580                   │
│                              ├────────────────┤          │              │                            │                            ├──────────────────────────────────────────────────────────────┤
│                              │ CVE-2026-31581 │          │              │                            │                            │ kernel: ALSA: 6fire: fix use-after-free on disconnect        │
│                              │                │          │              │                            │                            │ https://avd.aquasec.com/nvd/cve-2026-31581                   │
│                              ├────────────────┤          │              │                            │                            ├──────────────────────────────────────────────────────────────┤
│                              │ CVE-2026-31582 │          │              │                            │                            │ kernel: hwmon: (powerz) Fix use-after-free on USB disconnect │
│                              │                │          │              │                            │                            │ https://avd.aquasec.com/nvd/cve-2026-31582                   │
│                              ├────────────────┤          │              │                            │                            ├──────────────────────────────────────────────────────────────┤
│                              │ CVE-2026-31583 │          │              │                            │                            │ kernel: media: em28xx: fix use-after-free in                 │
│                              │                │          │              │                            │                            │ em28xx_v4l2_open()                                           │
│                              │                │          │              │                            │                            │ https://avd.aquasec.com/nvd/cve-2026-31583                   │
│                              ├────────────────┤          │              │                            │                            ├──────────────────────────────────────────────────────────────┤
│                              │ CVE-2026-31607 │          │              │                            │                            │ kernel: usbip: validate number_of_packets in                 │
│                              │                │          │              │                            │                            │ usbip_pack_ret_submit()                                      │
│                              │                │          │              │                            │                            │ https://avd.aquasec.com/nvd/cve-2026-31607                   │
│                              ├────────────────┤          │              │                            │                            ├──────────────────────────────────────────────────────────────┤
│                              │ CVE-2026-31614 │          │              │                            │                            │ kernel: smb: client: fix off-by-8 bounds check in            │
│                              │                │          │              │                            │                            │ check_wsl_eas()                                              │
│                              │                │          │              │                            │                            │ https://avd.aquasec.com/nvd/cve-2026-31614                   │
│                              ├────────────────┤          │              │                            │                            ├──────────────────────────────────────────────────────────────┤
│                              │ CVE-2026-31657 │          │              │                            │                            │ kernel: batman-adv: hold claim backbone gateways by          │
│                              │                │          │              │                            │                            │ reference                                                    │
│                              │                │          │              │                            │                            │ https://avd.aquasec.com/nvd/cve-2026-31657                   │
│                              ├────────────────┤          │              │                            │                            ├──────────────────────────────────────────────────────────────┤
│                              │ CVE-2026-31659 │          │              │                            │                            │ kernel: batman-adv: reject oversized global TT response      │
│                              │                │          │              │                            │                            │ buffers                                                      │
│                              │                │          │              │                            │                            │ https://avd.aquasec.com/nvd/cve-2026-31659                   │
│                              ├────────────────┤          ├──────────────┤                            ├────────────────────────────┼──────────────────────────────────────────────────────────────┤
│                              │ CVE-2026-31663 │          │ affected     │                            │                            │ kernel: xfrm: hold dev ref until after transport_finish      │
│                              │                │          │              │                            │                            │ NF_HOOK                                                      │
│                              │                │          │              │                            │                            │ https://avd.aquasec.com/nvd/cve-2026-31663                   │
│                              ├────────────────┤          ├──────────────┤                            ├────────────────────────────┼──────────────────────────────────────────────────────────────┤
│                              │ CVE-2026-31686 │          │ fixed        │                            │ 6.12.85-1                  │ kernel: mm/kasan: fix double free for kasan pXds             │
│                              │                │          │              │                            │                            │ https://avd.aquasec.com/nvd/cve-2026-31686                   │
│                              ├────────────────┤          ├──────────────┤                            ├────────────────────────────┼──────────────────────────────────────────────────────────────┤
│                              │ CVE-2026-31688 │          │ affected     │                            │                            │ kernel: driver core: enforce device_lock for                 │
│                              │                │          │              │                            │                            │ driver_match_device()                                        │
│                              │                │          │              │                            │                            │ https://avd.aquasec.com/nvd/cve-2026-31688                   │
│                              ├────────────────┤          ├──────────────┤                            ├────────────────────────────┼──────────────────────────────────────────────────────────────┤
│                              │ CVE-2026-31696 │          │ fixed        │                            │ 6.12.85-1                  │ kernel: rxrpc: Fix missing validation of ticket length in    │
│                              │                │          │              │                            │                            │ non-XDR key preparsing...                                    │
│                              │                │          │              │                            │                            │ https://avd.aquasec.com/nvd/cve-2026-31696                   │
│                              ├────────────────┤          │              │                            │                            ├──────────────────────────────────────────────────────────────┤
│                              │ CVE-2026-31702 │          │              │                            │                            │ kernel: f2fs: fix use-after-free of sbi in                   │
│                              │                │          │              │                            │                            │ f2fs_compress_write_end_io()                                 │
│                              │                │          │              │                            │                            │ https://avd.aquasec.com/nvd/cve-2026-31702                   │
│                              ├────────────────┤          │              │                            │                            ├──────────────────────────────────────────────────────────────┤
│                              │ CVE-2026-31705 │          │              │                            │                            │ kernel: ksmbd: fix out-of-bounds write in smb2_get_ea() EA   │
│                              │                │          │              │                            │                            │ alignment                                                    │
│                              │                │          │              │                            │                            │ https://avd.aquasec.com/nvd/cve-2026-31705                   │
│                              ├────────────────┤          │              │                            ├────────────────────────────┼──────────────────────────────────────────────────────────────┤
│                              │ CVE-2026-31709 │          │              │                            │ 6.12.86-1                  │ kernel: smb: client: validate the whole DACL before          │
│                              │                │          │              │                            │                            │ rewriting it in cifsacl...                                   │
│                              │                │          │              │                            │                            │ https://avd.aquasec.com/nvd/cve-2026-31709                   │
│                              ├────────────────┤          │              │                            │                            ├──────────────────────────────────────────────────────────────┤
│                              │ CVE-2026-31715 │          │              │                            │                            │ kernel: f2fs: fix UAF caused by decrementing sbi->nr_pages[] │
│                              │                │          │              │                            │                            │ in f2fs_write_end_io()                                       │
│                              │                │          │              │                            │                            │ https://avd.aquasec.com/nvd/cve-2026-31715                   │
│                              ├────────────────┤          │              │                            ├────────────────────────────┼──────────────────────────────────────────────────────────────┤
│                              │ CVE-2026-31718 │          │              │                            │ 6.12.85-1                  │ kernel: ksmbd: fix use-after-free in __ksmbd_close_fd() via  │
│                              │                │          │              │                            │                            │ durable scavenger                                            │
│                              │                │          │              │                            │                            │ https://avd.aquasec.com/nvd/cve-2026-31718                   │
│                              ├────────────────┤          │              │                            │                            ├──────────────────────────────────────────────────────────────┤
│                              │ CVE-2026-31720 │          │              │                            │                            │ kernel: usb: gadget: f_uac1_legacy: validate control request │
│                              │                │          │              │                            │                            │ size                                                         │
│                              │                │          │              │                            │                            │ https://avd.aquasec.com/nvd/cve-2026-31720                   │
│                              ├────────────────┤          │              │                            │                            ├──────────────────────────────────────────────────────────────┤
│                              │ CVE-2026-31729 │          │              │                            │                            │ kernel: usb: typec: ucsi: validate connector number in       │
│                              │                │          │              │                            │                            │ ucsi_notify_common()                                         │
│                              │                │          │              │                            │                            │ https://avd.aquasec.com/nvd/cve-2026-31729                   │
│                              ├────────────────┤          │              │                            │                            ├──────────────────────────────────────────────────────────────┤
│                              │ CVE-2026-31730 │          │              │                            │                            │ kernel: misc: fastrpc: possible double-free of               │
│                              │                │          │              │                            │                            │ cctx->remote_heap                                            │
│                              │                │          │              │                            │                            │ https://avd.aquasec.com/nvd/cve-2026-31730                   │
│                              ├────────────────┤          │              │                            │                            ├──────────────────────────────────────────────────────────────┤
│                              │ CVE-2026-31731 │          │              │                            │                            │ kernel: thermal: core: Address thermal zone removal races    │
│                              │                │          │              │                            │                            │ with resume                                                  │
│                              │                │          │              │                            │                            │ https://avd.aquasec.com/nvd/cve-2026-31731                   │
│                              ├────────────────┤          │              │                            │                            ├──────────────────────────────────────────────────────────────┤
│                              │ CVE-2026-31747 │          │              │                            │                            │ kernel: comedi: me4000: Fix potential overrun of firmware    │
│                              │                │          │              │                            │                            │ buffer                                                       │
│                              │                │          │              │                            │                            │ https://avd.aquasec.com/nvd/cve-2026-31747                   │
│                              ├────────────────┤          │              │                            │                            ├──────────────────────────────────────────────────────────────┤
│                              │ CVE-2026-31748 │          │              │                            │                            │ kernel: comedi: me_daq: Fix potential overrun of firmware    │
│                              │                │          │              │                            │                            │ buffer                                                       │
│                              │                │          │              │                            │                            │ https://avd.aquasec.com/nvd/cve-2026-31748                   │
│                              ├────────────────┤          │              │                            │                            ├──────────────────────────────────────────────────────────────┤
│                              │ CVE-2026-31759 │          │              │                            │                            │ kernel: usb: ulpi: fix double free in                        │
│                              │                │          │              │                            │                            │ ulpi_register_interface() error path                         │
│                              │                │          │              │                            │                            │ https://avd.aquasec.com/nvd/cve-2026-31759                   │
│                              ├────────────────┤          │              │                            │                            ├──────────────────────────────────────────────────────────────┤
│                              │ CVE-2026-31778 │          │              │                            │                            │ kernel: ALSA: caiaq: fix stack out-of-bounds read in         │
│                              │                │          │              │                            │                            │ init_card                                                    │
│                              │                │          │              │                            │                            │ https://avd.aquasec.com/nvd/cve-2026-31778                   │
│                              ├────────────────┤          │              │                            │                            ├──────────────────────────────────────────────────────────────┤
│                              │ CVE-2026-31787 │          │              │                            │                            │ kernel: xen/privcmd: fix double free via VMA splitting       │
│                              │                │          │              │                            │                            │ https://avd.aquasec.com/nvd/cve-2026-31787                   │
│                              ├────────────────┤          │              │                            │                            ├──────────────────────────────────────────────────────────────┤
│                              │ CVE-2026-31788 │          │              │                            │                            │ kernel: xen/privcmd: restrict usage in unprivileged domU     │
│                              │                │          │              │                            │                            │ https://avd.aquasec.com/nvd/cve-2026-31788                   │
│                              ├────────────────┤          │              │                            │                            ├──────────────────────────────────────────────────────────────┤
│                              │ CVE-2026-43007 │          │              │                            │                            │ kernel: accel/qaic: Handle DBC deactivation if the owner     │
│                              │                │          │              │                            │                            │ went away                                                    │
│                              │                │          │              │                            │                            │ https://avd.aquasec.com/nvd/cve-2026-43007                   │
│                              ├────────────────┤          │              │                            │                            ├──────────────────────────────────────────────────────────────┤
│                              │ CVE-2026-43015 │          │              │                            │                            │ kernel: net: macb: fix clk handling on PCI glue driver       │
│                              │                │          │              │                            │                            │ removal                                                      │
│                              │                │          │              │                            │                            │ https://avd.aquasec.com/nvd/cve-2026-43015                   │
│                              ├────────────────┤          │              │                            │                            ├──────────────────────────────────────────────────────────────┤
│                              │ CVE-2026-43020 │          │              │                            │                            │ kernel: Bluetooth: MGMT: validate LTK enc_size on load       │
│                              │                │          │              │                            │                            │ https://avd.aquasec.com/nvd/cve-2026-43020                   │
│                              ├────────────────┤          │              │                            │                            ├──────────────────────────────────────────────────────────────┤
│                              │ CVE-2026-43027 │          │              │                            │                            │ kernel: netfilter: nf_conntrack_helper: pass helper to       │
│                              │                │          │              │                            │                            │ expect cleanup                                               │
│                              │                │          │              │                            │                            │ https://avd.aquasec.com/nvd/cve-2026-43027                   │
│                              ├────────────────┤          │              │                            │                            ├──────────────────────────────────────────────────────────────┤
│                              │ CVE-2026-43038 │          │              │                            │                            │ kernel: ipv6: icmp: clear skb2->cb[] in                      │
│                              │                │          │              │                            │                            │ ip6_err_gen_icmpv6_unreach()                                 │
│                              │                │          │              │                            │                            │ https://avd.aquasec.com/nvd/cve-2026-43038                   │
│                              ├────────────────┤          │              │                            │                            ├──────────────────────────────────────────────────────────────┤
│                              │ CVE-2026-43040 │          │              │                            │                            │ kernel: net: ipv6: ndisc: fix ndisc_ra_useropt to initialize │
│                              │                │          │              │                            │                            │ nduseropt_padX fields to zero...                             │
│                              │                │          │              │                            │                            │ https://avd.aquasec.com/nvd/cve-2026-43040                   │
│                              ├────────────────┤          │              │                            │                            ├──────────────────────────────────────────────────────────────┤
│                              │ CVE-2026-43049 │          │              │                            │                            │ kernel: HID: logitech-hidpp: Prevent use-after-free on force │
│                              │                │          │              │                            │                            │ feedback initialisation failure                              │
│                              │                │          │              │                            │                            │ https://avd.aquasec.com/nvd/cve-2026-43049                   │
│                              ├────────────────┤          │              │                            │                            ├──────────────────────────────────────────────────────────────┤
│                              │ CVE-2026-43050 │          │              │                            │                            │ kernel: atm: lec: fix use-after-free in sock_def_readable()  │
│                              │                │          │              │                            │                            │ https://avd.aquasec.com/nvd/cve-2026-43050                   │
│                              ├────────────────┤          │              │                            │                            ├──────────────────────────────────────────────────────────────┤
│                              │ CVE-2026-43052 │          │              │                            │                            │ kernel: wifi: mac80211: check tdls flag in                   │
│                              │                │          │              │                            │                            │ ieee80211_tdls_oper                                          │
│                              │                │          │              │                            │                            │ https://avd.aquasec.com/nvd/cve-2026-43052                   │
│                              ├────────────────┤          │              │                            │                            ├──────────────────────────────────────────────────────────────┤
│                              │ CVE-2026-43120 │          │              │                            │                            │ kernel: RDMA/irdma: Fix double free related to rereg_user_mr │
│                              │                │          │              │                            │                            │ https://avd.aquasec.com/nvd/cve-2026-43120                   │
│                              ├────────────────┤          │              │                            │                            ├──────────────────────────────────────────────────────────────┤
│                              │ CVE-2026-43125 │          │              │                            │                            │ kernel: dlm: validate length in dlm_search_rsb_tree          │
│                              │                │          │              │                            │                            │ https://avd.aquasec.com/nvd/cve-2026-43125                   │
│                              ├────────────────┤          │              │                            │                            ├──────────────────────────────────────────────────────────────┤
│                              │ CVE-2026-43128 │          │              │                            │                            │ kernel: RDMA/umem: Fix double dma_buf_unpin in failure path  │
│                              │                │          │              │                            │                            │ https://avd.aquasec.com/nvd/cve-2026-43128                   │
│                              ├────────────────┤          │              │                            │                            ├──────────────────────────────────────────────────────────────┤
│                              │ CVE-2026-43138 │          │              │                            │                            │ kernel: reset: gpio: suppress bind attributes in sysfs       │
│                              │                │          │              │                            │                            │ https://avd.aquasec.com/nvd/cve-2026-43138                   │
│                              ├────────────────┤          │              │                            │                            ├──────────────────────────────────────────────────────────────┤
│                              │ CVE-2026-43141 │          │              │                            │                            │ kernel: ntb: ntb_hw_switchtec: Fix shift-out-of-bounds for 0 │
│                              │                │          │              │                            │                            │ mw lut                                                       │
│                              │                │          │              │                            │                            │ https://avd.aquasec.com/nvd/cve-2026-43141                   │
│                              ├────────────────┤          │              │                            │                            ├──────────────────────────────────────────────────────────────┤
│                              │ CVE-2026-43150 │          │              │                            │                            │ kernel: perf/arm-cmn: Reject unsupported hardware            │
│                              │                │          │              │                            │                            │ configurations                                               │
│                              │                │          │              │                            │                            │ https://avd.aquasec.com/nvd/cve-2026-43150                   │
│                              ├────────────────┤          │              │                            │                            ├──────────────────────────────────────────────────────────────┤
│                              │ CVE-2026-43178 │          │              │                            │                            │ kernel: procfs: fix possible double mmput() in               │
│                              │                │          │              │                            │                            │ do_procmap_query()                                           │
│                              │                │          │              │                            │                            │ https://avd.aquasec.com/nvd/cve-2026-43178                   │
│                              ├────────────────┤          │              │                            │                            ├──────────────────────────────────────────────────────────────┤
│                              │ CVE-2026-43196 │          │              │                            │                            │ kernel: soc: ti: pruss: Fix double free in                   │
│                              │                │          │              │                            │                            │ pruss_clk_mux_setup()                                        │
│                              │                │          │              │                            │                            │ https://avd.aquasec.com/nvd/cve-2026-43196                   │
│                              ├────────────────┤          ├──────────────┤                            ├────────────────────────────┼──────────────────────────────────────────────────────────────┤
│                              │ CVE-2026-43198 │          │ affected     │                            │                            │ kernel: tcp: fix potential race in tcp_v6_syn_recv_sock()    │
│                              │                │          │              │                            │                            │ https://avd.aquasec.com/nvd/cve-2026-43198                   │
│                              ├────────────────┤          ├──────────────┤                            ├────────────────────────────┼──────────────────────────────────────────────────────────────┤
│                              │ CVE-2026-43205 │          │ fixed        │                            │ 6.12.85-1                  │ kernel: Linux kernel dpaa2-switch: Kernel memory corruption  │
│                              │                │          │              │                            │                            │ via out-of-bounds write                                      │
│                              │                │          │              │                            │                            │ https://avd.aquasec.com/nvd/cve-2026-43205                   │
│                              ├────────────────┤          │              │                            │                            ├──────────────────────────────────────────────────────────────┤
│                              │ CVE-2026-43241 │          │              │                            │                            │ kernel: ntb: ntb_hw_switchtec: Fix array-index-out-of-bounds │
│                              │                │          │              │                            │                            │ access                                                       │
│                              │                │          │              │                            │                            │ https://avd.aquasec.com/nvd/cve-2026-43241                   │
│                              ├────────────────┤          │              │                            │                            ├──────────────────────────────────────────────────────────────┤
│                              │ CVE-2026-43250 │          │              │                            │                            │ kernel: usb: chipidea: udc: fix DMA and SG cleanup in        │
│                              │                │          │              │                            │                            │ _ep_nuke()                                                   │
│                              │                │          │              │                            │                            │ https://avd.aquasec.com/nvd/cve-2026-43250                   │
│                              ├────────────────┤          │              │                            │                            ├──────────────────────────────────────────────────────────────┤
│                              │ CVE-2026-43260 │          │              │                            │                            │ kernel: bnxt_en: Fix RSS context delete logic                │
│                              │                │          │              │                            │                            │ https://avd.aquasec.com/nvd/cve-2026-43260                   │
│                              ├────────────────┤          │              │                            │                            ├──────────────────────────────────────────────────────────────┤
│                              │ CVE-2026-43281 │          │              │                            │                            │ kernel: mailbox: Prevent out-of-bounds access in             │
│                              │                │          │              │                            │                            │ fw_mbox_index_xlate()                                        │
│                              │                │          │              │                            │                            │ https://avd.aquasec.com/nvd/cve-2026-43281                   │
│                              ├────────────────┤          │              │                            ├────────────────────────────┼──────────────────────────────────────────────────────────────┤
│                              │ CVE-2026-43284 │          │              │                            │ 6.12.86-1                  │ kernel: "Dirty Frag" ESP XFRM variant is a new universal     │
│                              │                │          │              │                            │                            │ Local Privilege...                                           │
│                              │                │          │              │                            │                            │ https://avd.aquasec.com/nvd/cve-2026-43284                   │
│                              ├────────────────┤          │              │                            ├────────────────────────────┼──────────────────────────────────────────────────────────────┤
│                              │ CVE-2026-43328 │          │              │                            │ 6.12.85-1                  │ kernel: cpufreq: governor: fix double free in                │
│                              │                │          │              │                            │                            │ cpufreq_dbs_governor_init() error path                       │
│                              │                │          │              │                            │                            │ https://avd.aquasec.com/nvd/cve-2026-43328                   │
│                              ├────────────────┤          │              │                            │                            ├──────────────────────────────────────────────────────────────┤
│                              │ CVE-2026-43329 │          │              │                            │                            │ kernel: netfilter: flowtable: strictly check for maximum     │
│                              │                │          │              │                            │                            │ number of actions                                            │
│                              │                │          │              │                            │                            │ https://avd.aquasec.com/nvd/cve-2026-43329                   │
│                              ├────────────────┤          │              │                            │                            ├──────────────────────────────────────────────────────────────┤
│                              │ CVE-2026-43376 │          │              │                            │                            │ kernel: ksmbd: fix use-after-free by using call_rcu() for    │
│                              │                │          │              │                            │                            │ oplock_info                                                  │
│                              │                │          │              │                            │                            │ https://avd.aquasec.com/nvd/cve-2026-43376                   │
│                              ├────────────────┤          │              │                            │                            ├──────────────────────────────────────────────────────────────┤
│                              │ CVE-2026-43378 │          │              │                            │                            │ kernel: smb: server: fix use-after-free in smb2_open()       │
│                              │                │          │              │                            │                            │ https://avd.aquasec.com/nvd/cve-2026-43378                   │
│                              ├────────────────┤          │              │                            │                            ├──────────────────────────────────────────────────────────────┤
│                              │ CVE-2026-43379 │          │              │                            │                            │ kernel: ksmbd: fix use-after-free in                         │
│                              │                │          │              │                            │                            │ smb_lazy_parent_lease_break_close()                          │
│                              │                │          │              │                            │                            │ https://avd.aquasec.com/nvd/cve-2026-43379                   │
│                              ├────────────────┤          │              │                            │                            ├──────────────────────────────────────────────────────────────┤
│                              │ CVE-2026-43380 │          │              │                            │                            │ kernel: hwmon: (pmbus/q54sj108a2) fix stack overflow in      │
│                              │                │          │              │                            │                            │ debugfs read                                                 │
│                              │                │          │              │                            │                            │ https://avd.aquasec.com/nvd/cve-2026-43380                   │
│                              ├────────────────┤          │              │                            │                            ├──────────────────────────────────────────────────────────────┤
│                              │ CVE-2026-43386 │          │              │                            │                            │ kernel: staging: rtl8723bs: fix potential out-of-bounds read │
│                              │                │          │              │                            │                            │ in rtw_restruct_wmm_ie                                       │
│                              │                │          │              │                            │                            │ https://avd.aquasec.com/nvd/cve-2026-43386                   │
│                              ├────────────────┤          │              │                            │                            ├──────────────────────────────────────────────────────────────┤
│                              │ CVE-2026-43426 │          │              │                            │                            │ kernel: usb: renesas_usbhs: fix use-after-free in ISR during │
│                              │                │          │              │                            │                            │ device removal                                               │
│                              │                │          │              │                            │                            │ https://avd.aquasec.com/nvd/cve-2026-43426                   │
│                              ├────────────────┤          │              │                            │                            ├──────────────────────────────────────────────────────────────┤
│                              │ CVE-2026-43427 │          │              │                            │                            │ kernel: usb: class: cdc-wdm: fix reordering issue in read    │
│                              │                │          │              │                            │                            │ code path                                                    │
│                              │                │          │              │                            │                            │ https://avd.aquasec.com/nvd/cve-2026-43427                   │
│                              ├────────────────┤          │              │                            │                            ├──────────────────────────────────────────────────────────────┤
│                              │ CVE-2026-43449 │          │              │                            │                            │ kernel: Linux kernel: NVMe PCI driver slab-out-of-bounds can │
│                              │                │          │              │                            │                            │ lead to privilege escalation...                              │
│                              │                │          │              │                            │                            │ https://avd.aquasec.com/nvd/cve-2026-43449                   │
│                              ├────────────────┤          │              │                            │                            ├──────────────────────────────────────────────────────────────┤
│                              │ CVE-2026-43450 │          │              │                            │                            │ kernel: netfilter: nfnetlink_cthelper: fix OOB read in       │
│                              │                │          │              │                            │                            │ nfnl_cthelper_dump_table()                                   │
│                              │                │          │              │                            │                            │ https://avd.aquasec.com/nvd/cve-2026-43450                   │
│                              ├────────────────┤          │              │                            │                            ├──────────────────────────────────────────────────────────────┤
│                              │ CVE-2026-43453 │          │              │                            │                            │ In the Linux kernel, the following vulnerability has been    │
│                              │                │          │              │                            │                            │ resolved: n...                                               │
│                              │                │          │              │                            │                            │ https://avd.aquasec.com/nvd/cve-2026-43453                   │
│                              ├────────────────┤          │              │                            │                            ├──────────────────────────────────────────────────────────────┤
│                              │ CVE-2026-43458 │          │              │                            │                            │ kernel: serial: caif: hold tty->link reference in ldisc_open │
│                              │                │          │              │                            │                            │ and ser_release                                              │
│                              │                │          │              │                            │                            │ https://avd.aquasec.com/nvd/cve-2026-43458                   │
│                              ├────────────────┤          │              │                            ├────────────────────────────┼──────────────────────────────────────────────────────────────┤
│                              │ CVE-2026-43494 │          │              │                            │ 6.12.90-2                  │ kernel: net/rds: reset op_nents when zerocopy page pin fails │
│                              │                │          │              │                            │                            │ https://avd.aquasec.com/nvd/cve-2026-43494                   │
│                              ├────────────────┤          │              │                            ├────────────────────────────┼──────────────────────────────────────────────────────────────┤
│                              │ CVE-2026-43500 │          │              │                            │ 6.12.86-1                  │ kernel: "Dirty Frag" RxRPC variant is a new universal Local  │
│                              │                │          │              │                            │                            │ Privilege Escalation...                                      │
│                              │                │          │              │                            │                            │ https://avd.aquasec.com/nvd/cve-2026-43500                   │
│                              ├────────────────┤          │              │                            │                            ├──────────────────────────────────────────────────────────────┤
│                              │ CVE-2026-43501 │          │              │                            │                            │ kernel: ipv6: rpl: reserve mac_len headroom when             │
│                              │                │          │              │                            │                            │ recompressed SRH grows                                       │
│                              │                │          │              │                            │                            │ https://avd.aquasec.com/nvd/cve-2026-43501                   │
│                              ├────────────────┤          │              │                            ├────────────────────────────┼──────────────────────────────────────────────────────────────┤
│                              │ CVE-2026-43503 │          │              │                            │ 6.12.90-1                  │ kernel: net: skbuff: propagate shared-frag marker through    │
│                              │                │          │              │                            │                            │ frag-transfer helpers                                        │
│                              │                │          │              │                            │                            │ https://avd.aquasec.com/nvd/cve-2026-43503                   │
│                              ├────────────────┤          │              │                            ├────────────────────────────┼──────────────────────────────────────────────────────────────┤
│                              │ CVE-2026-45837 │          │              │                            │ 6.12.88-1                  │ kernel: bpf: Fix use-after-free in arena_vm_close on fork    │
│                              │                │          │              │                            │                            │ https://avd.aquasec.com/nvd/cve-2026-45837                   │
│                              ├────────────────┤          │              │                            ├────────────────────────────┼──────────────────────────────────────────────────────────────┤
│                              │ CVE-2026-45852 │          │              │                            │ 6.12.85-1                  │ kernel: RDMA/rxe: Fix double free in rxe_srq_from_init       │
│                              │                │          │              │                            │                            │ https://avd.aquasec.com/nvd/cve-2026-45852                   │
│                              ├────────────────┤          │              │                            │                            ├──────────────────────────────────────────────────────────────┤
│                              │ CVE-2026-45858 │          │              │                            │                            │ kernel: ext4: don't zero the entire extent if                │
│                              │                │          │              │                            │                            │ EXT4_EXT_DATA_PARTIAL_VALID1                                 │
│                              │                │          │              │                            │                            │ https://avd.aquasec.com/nvd/cve-2026-45858                   │
│                              ├────────────────┤          │              │                            │                            ├──────────────────────────────────────────────────────────────┤
│                              │ CVE-2026-45898 │          │              │                            │                            │ kernel: RDMA/iwcm: Fix workqueue list corruption by removing │
│                              │                │          │              │                            │                            │ work_list                                                    │
│                              │                │          │              │                            │                            │ https://avd.aquasec.com/nvd/cve-2026-45898                   │
│                              ├────────────────┤          ├──────────────┤                            ├────────────────────────────┼──────────────────────────────────────────────────────────────┤
│                              │ CVE-2026-45932 │          │ affected     │                            │                            │ kernel: bpf: Fix tcx/netkit detach permissions when prog fd  │
│                              │                │          │              │                            │                            │ isn't given                                                  │
│                              │                │          │              │                            │                            │ https://avd.aquasec.com/nvd/cve-2026-45932                   │
│                              ├────────────────┤          ├──────────────┤                            ├────────────────────────────┼──────────────────────────────────────────────────────────────┤
│                              │ CVE-2026-45972 │          │ fixed        │                            │ 6.12.85-1                  │ kernel: smb: client: fix potential UAF and double free in    │
│                              │                │          │              │                            │                            │ smb2_open_file()                                             │
│                              │                │          │              │                            │                            │ https://avd.aquasec.com/nvd/cve-2026-45972                   │
│                              ├────────────────┤          │              │                            │                            ├──────────────────────────────────────────────────────────────┤
│                              │ CVE-2026-45984 │          │              │                            │                            │ kernel: gfs2: Fix use-after-free in iomap inline data write  │
│                              │                │          │              │                            │                            │ path                                                         │
│                              │                │          │              │                            │                            │ https://avd.aquasec.com/nvd/cve-2026-45984                   │
│                              ├────────────────┤          │              │                            ├────────────────────────────┼──────────────────────────────────────────────────────────────┤
│                              │ CVE-2026-45991 │          │              │                            │ 6.12.88-1                  │ kernel: udf: fix partition descriptor append bookkeeping     │
│                              │                │          │              │                            │                            │ https://avd.aquasec.com/nvd/cve-2026-45991                   │
│                              ├────────────────┤          │              │                            ├────────────────────────────┼──────────────────────────────────────────────────────────────┤
│                              │ CVE-2026-45998 │          │              │                            │ 6.12.86-1                  │ kernel: rxrpc: Fix potential UAF after skb_unshare() failure │
│                              │                │          │              │                            │                            │ https://avd.aquasec.com/nvd/cve-2026-45998                   │
│                              ├────────────────┤          │              │                            │                            ├──────────────────────────────────────────────────────────────┤
│                              │ CVE-2026-46033 │          │              │                            │                            │ kernel: crypto: authencesn - reject short ahash digests      │
│                              │                │          │              │                            │                            │ during instance creation                                     │
│                              │                │          │              │                            │                            │ https://avd.aquasec.com/nvd/cve-2026-46033                   │
│                              ├────────────────┤          │              │                            │                            ├──────────────────────────────────────────────────────────────┤
│                              │ CVE-2026-46053 │          │              │                            │                            │ kernel: net: rds: fix MR cleanup on copy error               │
│                              │                │          │              │                            │                            │ https://avd.aquasec.com/nvd/cve-2026-46053                   │
│                              ├────────────────┤          ├──────────────┤                            ├────────────────────────────┼──────────────────────────────────────────────────────────────┤
│                              │ CVE-2026-46054 │          │ affected     │                            │                            │ kernel: selinux: fix overlayfs mmap() and mprotect() access  │
│                              │                │          │              │                            │                            │ checks                                                       │
│                              │                │          │              │                            │                            │ https://avd.aquasec.com/nvd/cve-2026-46054                   │
│                              ├────────────────┤          ├──────────────┤                            ├────────────────────────────┼──────────────────────────────────────────────────────────────┤
│                              │ CVE-2026-46090 │          │ fixed        │                            │ 6.12.88-1                  │ kernel: ALSA: aloop: Fix peer runtime UAF during             │
│                              │                │          │              │                            │                            │ format-change stop                                           │
│                              │                │          │              │                            │                            │ https://avd.aquasec.com/nvd/cve-2026-46090                   │
│                              ├────────────────┤          │              │                            ├────────────────────────────┼──────────────────────────────────────────────────────────────┤
│                              │ CVE-2026-46099 │          │              │                            │ 6.12.86-1                  │ kernel: net: ipv6: fix NOREF dst use in seg6 and rpl         │
│                              │                │          │              │                            │                            │ lwtunnels...                                                 │
│                              │                │          │              │                            │                            │ https://avd.aquasec.com/nvd/cve-2026-46099                   │
│                              ├────────────────┤          │              │                            ├────────────────────────────┼──────────────────────────────────────────────────────────────┤
│                              │ CVE-2026-46116 │          │              │                            │ 6.12.88-1                  │ kernel: xfrm: defensively unhash xfrm_state lists in         │
│                              │                │          │              │                            │                            │ __xfrm_state_delete                                          │
│                              │                │          │              │                            │                            │ https://avd.aquasec.com/nvd/cve-2026-46116                   │
│                              ├────────────────┤          ├──────────────┤                            ├────────────────────────────┼──────────────────────────────────────────────────────────────┤
│                              │ CVE-2026-46117 │          │ affected     │                            │                            │ kernel: RDMA/mana: Remove user triggerable WARN_ON() in      │
│                              │                │          │              │                            │                            │ mana_ib_create_qp_rss()                                      │
│                              │                │          │              │                            │                            │ https://avd.aquasec.com/nvd/cve-2026-46117                   │
│                              ├────────────────┤          ├──────────────┤                            ├────────────────────────────┼──────────────────────────────────────────────────────────────┤
│                              │ CVE-2026-46125 │          │ fixed        │                            │ 6.12.88-1                  │ kernel: wifi: mac80211: remove station if connection prep    │
│                              │                │          │              │                            │                            │ fails                                                        │
│                              │                │          │              │                            │                            │ https://avd.aquasec.com/nvd/cve-2026-46125                   │
│                              ├────────────────┤          │              │                            │                            ├──────────────────────────────────────────────────────────────┤
│                              │ CVE-2026-46145 │          │              │                            │                            │ kernel: RDMA/mana: Validate rx_hash_key_len                  │
│                              │                │          │              │                            │                            │ https://avd.aquasec.com/nvd/cve-2026-46145                   │
│                              ├────────────────┤          │              │                            │                            ├──────────────────────────────────────────────────────────────┤
│                              │ CVE-2026-46152 │          │              │                            │                            │ kernel: wifi: mac80211: drop stray 'static' from fast-RX     │
│                              │                │          │              │                            │                            │ rx_result                                                    │
│                              │                │          │              │                            │                            │ https://avd.aquasec.com/nvd/cve-2026-46152                   │
│                              ├────────────────┤          │              │                            │                            ├──────────────────────────────────────────────────────────────┤
│                              │ CVE-2026-46162 │          │              │                            │                            │ kernel: ice: fix double free in ice_sf_eth_activate() error  │
│                              │                │          │              │                            │                            │ path                                                         │
│                              │                │          │              │                            │                            │ https://avd.aquasec.com/nvd/cve-2026-46162                   │
│                              ├────────────────┤          │              │                            │                            ├──────────────────────────────────────────────────────────────┤
│                              │ CVE-2026-46163 │          │              │                            │                            │ kernel: wifi: b43legacy: enforce bounds check on firmware    │
│                              │                │          │              │                            │                            │ key index in RX...                                           │
│                              │                │          │              │                            │                            │ https://avd.aquasec.com/nvd/cve-2026-46163                   │
│                              ├────────────────┤          │              │                            │                            ├──────────────────────────────────────────────────────────────┤
│                              │ CVE-2026-46166 │          │              │                            │                            │ kernel: wifi: mac80211: use safe list iteration in radar     │
│                              │                │          │              │                            │                            │ detect work                                                  │
│                              │                │          │              │                            │                            │ https://avd.aquasec.com/nvd/cve-2026-46166                   │
│                              ├────────────────┤          │              │                            │                            ├──────────────────────────────────────────────────────────────┤
│                              │ CVE-2026-46176 │          │              │                            │                            │ kernel: RDMA/mlx5: Fix error path fall-through in            │
│                              │                │          │              │                            │                            │ mlx5_ib_dev_res_srq_init()                                   │
│                              │                │          │              │                            │                            │ https://avd.aquasec.com/nvd/cve-2026-46176                   │
│                              ├────────────────┤          │              │                            │                            ├──────────────────────────────────────────────────────────────┤
│                              │ CVE-2026-46180 │          │              │                            │                            │ kernel: wifi: brcmfmac: Fix potential use-after-free issue   │
│                              │                │          │              │                            │                            │ when stopping watchdog task                                  │
│                              │                │          │              │                            │                            │ https://avd.aquasec.com/nvd/cve-2026-46180                   │
│                              ├────────────────┤          ├──────────────┤                            ├────────────────────────────┼──────────────────────────────────────────────────────────────┤
│                              │ CVE-2026-46181 │          │ affected     │                            │                            │ kernel: RDMA/mlx4: Fix mis-use of RCU in mlx4_srq_event()    │
│                              │                │          │              │                            │                            │ https://avd.aquasec.com/nvd/cve-2026-46181                   │
│                              ├────────────────┤          ├──────────────┤                            ├────────────────────────────┼──────────────────────────────────────────────────────────────┤
│                              │ CVE-2026-46189 │          │ fixed        │                            │ 6.12.88-1                  │ kernel: RDMA/vmw_pvrdma: Fix double free on                  │
│                              │                │          │              │                            │                            │ pvrdma_alloc_ucontext() error path                           │
│                              │                │          │              │                            │                            │ https://avd.aquasec.com/nvd/cve-2026-46189                   │
│                              ├────────────────┤          │              │                            ├────────────────────────────┼──────────────────────────────────────────────────────────────┤
│                              │ CVE-2026-46191 │          │              │                            │ 6.12.90-1                  │ kernel: fbcon: Avoid OOB font access if console rotation     │
│                              │                │          │              │                            │                            │ fails                                                        │
│                              │                │          │              │                            │                            │ https://avd.aquasec.com/nvd/cve-2026-46191                   │
│                              ├────────────────┤          │              │                            ├────────────────────────────┼──────────────────────────────────────────────────────────────┤
│                              │ CVE-2026-46195 │          │              │                            │ 6.12.88-1                  │ kernel: smb: client: validate dacloffset before building     │
│                              │                │          │              │                            │                            │ DACL pointers                                                │
│                              │                │          │              │                            │                            │ https://avd.aquasec.com/nvd/cve-2026-46195                   │
│                              ├────────────────┤          ├──────────────┤                            ├────────────────────────────┼──────────────────────────────────────────────────────────────┤
│                              │ CVE-2026-46203 │          │ affected     │                            │                            │ kernel: spi: cadence-quadspi: fix unclocked access on unbind │
│                              │                │          │              │                            │                            │ https://avd.aquasec.com/nvd/cve-2026-46203                   │
│                              ├────────────────┤          ├──────────────┤                            ├────────────────────────────┼──────────────────────────────────────────────────────────────┤
│                              │ CVE-2026-46219 │          │ fixed        │                            │ 6.12.90-1                  │ kernel: spi: mpc52xx: fix use-after-free on unbind           │
│                              │                │          │              │                            │                            │ https://avd.aquasec.com/nvd/cve-2026-46219                   │
│                              ├────────────────┤          │              │                            │                            ├──────────────────────────────────────────────────────────────┤
│                              │ CVE-2026-46227 │          │              │                            │                            │ kernel: sctp: revalidate list cursor after                   │
│                              │                │          │              │                            │                            │ sctp_sendmsg_to_asoc() in SCTP_SENDALL                       │
│                              │                │          │              │                            │                            │ https://avd.aquasec.com/nvd/cve-2026-46227                   │
│                              ├────────────────┤          │              │                            │                            ├──────────────────────────────────────────────────────────────┤
│                              │ CVE-2026-46234 │          │              │                            │                            │ kernel: vsock: fix buffer size clamping order                │
│                              │                │          │              │                            │                            │ https://avd.aquasec.com/nvd/cve-2026-46234                   │
│                              ├────────────────┤          │              │                            │                            ├──────────────────────────────────────────────────────────────┤
│                              │ CVE-2026-46241 │          │              │                            │                            │ kernel: spi: mpc52xx: fix use-after-free on registration     │
│                              │                │          │              │                            │                            │ failure                                                      │
│                              │                │          │              │                            │                            │ https://avd.aquasec.com/nvd/cve-2026-46241                   │
│                              ├────────────────┤          │              │                            ├────────────────────────────┼──────────────────────────────────────────────────────────────┤
│                              │ CVE-2026-46243 │          │              │                            │ 6.12.90-2                  │ kernel: Linux kernel: smb: client: reject userspace          │
│                              │                │          │              │                            │                            │ cifs.spnego descriptions                                     │
│                              │                │          │              │                            │                            │ https://avd.aquasec.com/nvd/cve-2026-46243                   │
│                              ├────────────────┤          ├──────────────┤                            ├────────────────────────────┼──────────────────────────────────────────────────────────────┤
│                              │ CVE-2026-46244 │          │ affected     │                            │                            │ kernel: netfilter: nft_inner: Fix IPv6 inner_thoff desync    │
│                              │                │          │              │                            │                            │ https://avd.aquasec.com/nvd/cve-2026-46244                   │
│                              ├────────────────┤          ├──────────────┤                            ├────────────────────────────┼──────────────────────────────────────────────────────────────┤
│                              │ CVE-2026-46246 │          │ fixed        │                            │ 6.12.85-1                  │ kernel: power: supply: pm8916_lbc: Fix use-after-free for    │
│                              │                │          │              │                            │                            │ extcon in IRQ handler                                        │
│                              │                │          │              │                            │                            │ https://avd.aquasec.com/nvd/cve-2026-46246                   │
│                              ├────────────────┤          │              │                            │                            ├──────────────────────────────────────────────────────────────┤
│                              │ CVE-2026-46267 │          │              │                            │                            │ kernel: nfc: hci: shdlc: Stop timers and work before freeing │
│                              │                │          │              │                            │                            │ context                                                      │
│                              │                │          │              │                            │                            │ https://avd.aquasec.com/nvd/cve-2026-46267                   │
│                              ├────────────────┤          │              │                            ├────────────────────────────┼──────────────────────────────────────────────────────────────┤
│                              │ CVE-2026-46300 │          │              │                            │ 6.12.90-1                  │ kernel: "Fragnesia" is a variant of Dirty Frag vulnerability │
│                              │                │          │              │                            │                            │ in the ESP/XFRM...                                           │
│                              │                │          │              │                            │                            │ https://avd.aquasec.com/nvd/cve-2026-46300                   │
│                              ├────────────────┤          ├──────────────┤                            ├────────────────────────────┼──────────────────────────────────────────────────────────────┤
│                              │ CVE-2026-46316 │          │ affected     │                            │                            │ kernel: KVM: arm64: vgic-its: Drop the translation cache     │
│                              │                │          │              │                            │                            │ reference only for the...                                    │
│                              │                │          │              │                            │                            │ https://avd.aquasec.com/nvd/cve-2026-46316                   │
│                              ├────────────────┤          │              │                            ├────────────────────────────┼──────────────────────────────────────────────────────────────┤
│                              │ CVE-2026-46319 │          │              │                            │                            │ kernel: net/sched: act_ct: Only release RCU read lock after  │
│                              │                │          │              │                            │                            │ ct_ft                                                        │
│                              │                │          │              │                            │                            │ https://avd.aquasec.com/nvd/cve-2026-46319                   │
│                              ├────────────────┤          │              │                            ├────────────────────────────┼──────────────────────────────────────────────────────────────┤
│                              │ CVE-2026-46323 │          │              │                            │                            │ kernel: Linux kernel: Use-After-Free in net/gro due to       │
│                              │                │          │              │                            │                            │ improper handling of zerocopy...                             │
│                              │                │          │              │                            │                            │ https://avd.aquasec.com/nvd/cve-2026-46323                   │
│                              ├────────────────┤          │              │                            ├────────────────────────────┼──────────────────────────────────────────────────────────────┤
│                              │ CVE-2026-46330 │          │              │                            │                            │ kernel: Revert "net/smc: Introduce TCP ULP support"          │
│                              │                │          │              │                            │                            │ https://avd.aquasec.com/nvd/cve-2026-46330                   │
│                              ├────────────────┤          ├──────────────┤                            ├────────────────────────────┼──────────────────────────────────────────────────────────────┤
│                              │ CVE-2026-46333 │          │ fixed        │                            │ 6.12.88-1                  │ kernel: Read root-owned files as an unprivileged user        │
│                              │                │          │              │                            │                            │ https://avd.aquasec.com/nvd/cve-2026-46333                   │
├──────────────────────────────┼────────────────┼──────────┤              ├────────────────────────────┼────────────────────────────┼──────────────────────────────────────────────────────────────┤
│ mariadb-common               │ CVE-2026-32710 │ CRITICAL │              │ 1:11.8.3-0+deb13u1         │ 1:11.8.6-0+deb13u1         │ MariaDB: MariaDB: Remote Code Execution or Denial of Service │
│                              │                │          │              │                            │                            │ via JSON_SCHEMA_VALID() function...                          │
│                              │                │          │              │                            │                            │ https://avd.aquasec.com/nvd/cve-2026-32710                   │
├──────────────────────────────┼────────────────┼──────────┼──────────────┼────────────────────────────┼────────────────────────────┼──────────────────────────────────────────────────────────────┤
│ ncurses-base                 │ CVE-2025-69720 │ HIGH     │ affected     │ 6.5+20250216-2             │                            │ ncurses: ncurses: Buffer overflow vulnerability may lead to  │
│                              │                │          │              │                            │                            │ arbitrary code execution.                                    │
│                              │                │          │              │                            │                            │ https://avd.aquasec.com/nvd/cve-2025-69720                   │
├──────────────────────────────┤                │          │              │                            ├────────────────────────────┤                                                              │
│ ncurses-bin                  │                │          │              │                            │                            │                                                              │
│                              │                │          │              │                            │                            │                                                              │
│                              │                │          │              │                            │                            │                                                              │
├──────────────────────────────┼────────────────┤          ├──────────────┼────────────────────────────┼────────────────────────────┼──────────────────────────────────────────────────────────────┤
│ openssh-client               │ CVE-2026-3497  │          │ fixed        │ 1:10.0p1-7                 │ 1:10.0p1-7+deb13u2         │ openssh: OpenSSH GSSAPI: Information disclosure or denial of │
│                              │                │          │              │                            │                            │ service due to uninitialized...                              │
│                              │                │          │              │                            │                            │ https://avd.aquasec.com/nvd/cve-2026-3497                    │
│                              ├────────────────┤          │              │                            ├────────────────────────────┼──────────────────────────────────────────────────────────────┤
│                              │ CVE-2026-35385 │          │              │                            │ 1:10.0p1-7+deb13u3         │ OpenSSH: OpenSSH: Privilege escalation via scp legacy        │
│                              │                │          │              │                            │                            │ protocol when not preserving file...                         │
│                              │                │          │              │                            │                            │ https://avd.aquasec.com/nvd/cve-2026-35385                   │
│                              ├────────────────┤          │              │                            │                            ├──────────────────────────────────────────────────────────────┤
│                              │ CVE-2026-35386 │          │              │                            │                            │ OpenSSH: OpenSSH: Arbitrary command execution via shell      │
│                              │                │          │              │                            │                            │ metacharacters in username                                   │
│                              │                │          │              │                            │                            │ https://avd.aquasec.com/nvd/cve-2026-35386                   │
│                              ├────────────────┤          │              │                            │                            ├──────────────────────────────────────────────────────────────┤
│                              │ CVE-2026-35414 │          │              │                            │                            │ OpenSSH: OpenSSH: Security bypass via mishandling of         │
│                              │                │          │              │                            │                            │ authorized_keys principals option                            │
│                              │                │          │              │                            │                            │ https://avd.aquasec.com/nvd/cve-2026-35414                   │
├──────────────────────────────┼────────────────┼──────────┤              ├────────────────────────────┼────────────────────────────┼──────────────────────────────────────────────────────────────┤
│ openssl                      │ CVE-2026-31789 │ CRITICAL │              │ 3.5.1-1+deb13u1            │ 3.5.5-1~deb13u2            │ openssl: OpenSSL: Heap buffer overflow on 32-bit systems     │
│                              │                │          │              │                            │                            │ from large X.509 certificate...                              │
│                              │                │          │              │                            │                            │ https://avd.aquasec.com/nvd/cve-2026-31789                   │
│                              ├────────────────┼──────────┤              │                            ├────────────────────────────┼──────────────────────────────────────────────────────────────┤
│                              │ CVE-2025-15467 │ HIGH     │              │                            │ 3.5.4-1~deb13u2            │ openssl: OpenSSL: Remote code execution or Denial of Service │
│                              │                │          │              │                            │                            │ via oversized Initialization...                              │
│                              │                │          │              │                            │                            │ https://avd.aquasec.com/nvd/cve-2025-15467                   │
│                              ├────────────────┤          │              │                            │                            ├──────────────────────────────────────────────────────────────┤
│                              │ CVE-2025-69421 │          │              │                            │                            │ openssl: OpenSSL: Denial of Service via malformed PKCS#12    │
│                              │                │          │              │                            │                            │ file processing                                              │
│                              │                │          │              │                            │                            │ https://avd.aquasec.com/nvd/cve-2025-69421                   │
│                              ├────────────────┤          │              │                            ├────────────────────────────┼──────────────────────────────────────────────────────────────┤
│                              │ CVE-2026-28387 │          │              │                            │ 3.5.5-1~deb13u2            │ openssl: OpenSSL: Arbitrary code execution due to            │
│                              │                │          │              │                            │                            │ use-after-free in DANE TLSA authentication...                │
│                              │                │          │              │                            │                            │ https://avd.aquasec.com/nvd/cve-2026-28387                   │
│                              ├────────────────┤          │              │                            │                            ├──────────────────────────────────────────────────────────────┤
│                              │ CVE-2026-28388 │          │              │                            │                            │ openssl: OpenSSL: Denial of Service due to NULL pointer      │
│                              │                │          │              │                            │                            │ dereference in delta...                                      │
│                              │                │          │              │                            │                            │ https://avd.aquasec.com/nvd/cve-2026-28388                   │
│                              ├────────────────┤          │              │                            │                            ├──────────────────────────────────────────────────────────────┤
│                              │ CVE-2026-28389 │          │              │                            │                            │ openssl: OpenSSL: Denial of Service vulnerability in CMS     │
│                              │                │          │              │                            │                            │ processing                                                   │
│                              │                │          │              │                            │                            │ https://avd.aquasec.com/nvd/cve-2026-28389                   │
│                              ├────────────────┤          │              │                            │                            ├──────────────────────────────────────────────────────────────┤
│                              │ CVE-2026-28390 │          │              │                            │                            │ openssl: OpenSSL: Denial of Service due to NULL pointer      │
│                              │                │          │              │                            │                            │ dereference in CMS...                                        │
│                              │                │          │              │                            │                            │ https://avd.aquasec.com/nvd/cve-2026-28390                   │
│                              ├────────────────┤          │              │                            ├────────────────────────────┼──────────────────────────────────────────────────────────────┤
│                              │ CVE-2026-45447 │          │              │                            │ 3.5.6-1~deb13u2            │ openssl: Heap Use-After-Free in OpenSSL PKCS7_verify()       │
│                              │                │          │              │                            │                            │ https://avd.aquasec.com/nvd/cve-2026-45447                   │
├──────────────────────────────┼────────────────┼──────────┤              │                            ├────────────────────────────┼──────────────────────────────────────────────────────────────┤
│ openssl-provider-legacy      │ CVE-2026-31789 │ CRITICAL │              │                            │ 3.5.5-1~deb13u2            │ openssl: OpenSSL: Heap buffer overflow on 32-bit systems     │
│                              │                │          │              │                            │                            │ from large X.509 certificate...                              │
│                              │                │          │              │                            │                            │ https://avd.aquasec.com/nvd/cve-2026-31789                   │
│                              ├────────────────┼──────────┤              │                            ├────────────────────────────┼──────────────────────────────────────────────────────────────┤
│                              │ CVE-2025-15467 │ HIGH     │              │                            │ 3.5.4-1~deb13u2            │ openssl: OpenSSL: Remote code execution or Denial of Service │
│                              │                │          │              │                            │                            │ via oversized Initialization...                              │
│                              │                │          │              │                            │                            │ https://avd.aquasec.com/nvd/cve-2025-15467                   │
│                              ├────────────────┤          │              │                            │                            ├──────────────────────────────────────────────────────────────┤
│                              │ CVE-2025-69421 │          │              │                            │                            │ openssl: OpenSSL: Denial of Service via malformed PKCS#12    │
│                              │                │          │              │                            │                            │ file processing                                              │
│                              │                │          │              │                            │                            │ https://avd.aquasec.com/nvd/cve-2025-69421                   │
│                              ├────────────────┤          │              │                            ├────────────────────────────┼──────────────────────────────────────────────────────────────┤
│                              │ CVE-2026-28387 │          │              │                            │ 3.5.5-1~deb13u2            │ openssl: OpenSSL: Arbitrary code execution due to            │
│                              │                │          │              │                            │                            │ use-after-free in DANE TLSA authentication...                │
│                              │                │          │              │                            │                            │ https://avd.aquasec.com/nvd/cve-2026-28387                   │
│                              ├────────────────┤          │              │                            │                            ├──────────────────────────────────────────────────────────────┤
│                              │ CVE-2026-28388 │          │              │                            │                            │ openssl: OpenSSL: Denial of Service due to NULL pointer      │
│                              │                │          │              │                            │                            │ dereference in delta...                                      │
│                              │                │          │              │                            │                            │ https://avd.aquasec.com/nvd/cve-2026-28388                   │
│                              ├────────────────┤          │              │                            │                            ├──────────────────────────────────────────────────────────────┤
│                              │ CVE-2026-28389 │          │              │                            │                            │ openssl: OpenSSL: Denial of Service vulnerability in CMS     │
│                              │                │          │              │                            │                            │ processing                                                   │
│                              │                │          │              │                            │                            │ https://avd.aquasec.com/nvd/cve-2026-28389                   │
│                              ├────────────────┤          │              │                            │                            ├──────────────────────────────────────────────────────────────┤
│                              │ CVE-2026-28390 │          │              │                            │                            │ openssl: OpenSSL: Denial of Service due to NULL pointer      │
│                              │                │          │              │                            │                            │ dereference in CMS...                                        │
│                              │                │          │              │                            │                            │ https://avd.aquasec.com/nvd/cve-2026-28390                   │
│                              ├────────────────┤          │              │                            ├────────────────────────────┼──────────────────────────────────────────────────────────────┤
│                              │ CVE-2026-45447 │          │              │                            │ 3.5.6-1~deb13u2            │ openssl: Heap Use-After-Free in OpenSSL PKCS7_verify()       │
│                              │                │          │              │                            │                            │ https://avd.aquasec.com/nvd/cve-2026-45447                   │
├──────────────────────────────┼────────────────┼──────────┼──────────────┼────────────────────────────┼────────────────────────────┼──────────────────────────────────────────────────────────────┤
│ perl                         │ CVE-2026-42496 │ CRITICAL │ fix_deferred │ 5.40.1-6                   │                            │ perl-archive-tar: perl-archive-tar: Path traversal via       │
│                              │                │          │              │                            │                            │ crafted symlinks allows arbitrary file access                │
│                              │                │          │              │                            │                            │ https://avd.aquasec.com/nvd/cve-2026-42496                   │
│                              ├────────────────┤          ├──────────────┤                            ├────────────────────────────┼──────────────────────────────────────────────────────────────┤
│                              │ CVE-2026-8376  │          │ affected     │                            │                            │ Perl versions through 5.43.10 have a heap buffer overflow    │
│                              │                │          │              │                            │                            │ when compili ......                                          │
│                              │                │          │              │                            │                            │ https://avd.aquasec.com/nvd/cve-2026-8376                    │
│                              ├────────────────┼──────────┼──────────────┤                            ├────────────────────────────┼──────────────────────────────────────────────────────────────┤
│                              │ CVE-2026-42497 │ HIGH     │ fix_deferred │                            │                            │ Archive::Tar versions before 3.08 for Perl extract hardlinks │
│                              │                │          │              │                            │                            │ to attack ...                                                │
│                              │                │          │              │                            │                            │ https://avd.aquasec.com/nvd/cve-2026-42497                   │
│                              ├────────────────┤          ├──────────────┤                            ├────────────────────────────┼──────────────────────────────────────────────────────────────┤
│                              │ CVE-2026-48959 │          │ affected     │                            │                            │ IO::Uncompress::Unzip versions before 2.220 for Perl allow   │
│                              │                │          │              │                            │                            │ CPU exhaust ...                                              │
│                              │                │          │              │                            │                            │ https://avd.aquasec.com/nvd/cve-2026-48959                   │
│                              ├────────────────┤          │              │                            ├────────────────────────────┼──────────────────────────────────────────────────────────────┤
│                              │ CVE-2026-48962 │          │              │                            │                            │ perl-IO-Compress: perl-IO-Compress: Arbitrary code execution │
│                              │                │          │              │                            │                            │ via attacker-controlled output glob                          │
│                              │                │          │              │                            │                            │ https://avd.aquasec.com/nvd/cve-2026-48962                   │
│                              ├────────────────┤          ├──────────────┤                            ├────────────────────────────┼──────────────────────────────────────────────────────────────┤
│                              │ CVE-2026-9538  │          │ fix_deferred │                            │                            │ Archive::Tar versions before 3.10 for Perl allow memory      │
│                              │                │          │              │                            │                            │ exhaustion via ...                                           │
│                              │                │          │              │                            │                            │ https://avd.aquasec.com/nvd/cve-2026-9538                    │
├──────────────────────────────┼────────────────┼──────────┤              │                            ├────────────────────────────┼──────────────────────────────────────────────────────────────┤
│ perl-base                    │ CVE-2026-42496 │ CRITICAL │              │                            │                            │ perl-archive-tar: perl-archive-tar: Path traversal via       │
│                              │                │          │              │                            │                            │ crafted symlinks allows arbitrary file access                │
│                              │                │          │              │                            │                            │ https://avd.aquasec.com/nvd/cve-2026-42496                   │
│                              ├────────────────┤          ├──────────────┤                            ├────────────────────────────┼──────────────────────────────────────────────────────────────┤
│                              │ CVE-2026-8376  │          │ affected     │                            │                            │ Perl versions through 5.43.10 have a heap buffer overflow    │
│                              │                │          │              │                            │                            │ when compili ......                                          │
│                              │                │          │              │                            │                            │ https://avd.aquasec.com/nvd/cve-2026-8376                    │
│                              ├────────────────┼──────────┼──────────────┤                            ├────────────────────────────┼──────────────────────────────────────────────────────────────┤
│                              │ CVE-2026-42497 │ HIGH     │ fix_deferred │                            │                            │ Archive::Tar versions before 3.08 for Perl extract hardlinks │
│                              │                │          │              │                            │                            │ to attack ...                                                │
│                              │                │          │              │                            │                            │ https://avd.aquasec.com/nvd/cve-2026-42497                   │
│                              ├────────────────┤          ├──────────────┤                            ├────────────────────────────┼──────────────────────────────────────────────────────────────┤
│                              │ CVE-2026-48959 │          │ affected     │                            │                            │ IO::Uncompress::Unzip versions before 2.220 for Perl allow   │
│                              │                │          │              │                            │                            │ CPU exhaust ...                                              │
│                              │                │          │              │                            │                            │ https://avd.aquasec.com/nvd/cve-2026-48959                   │
│                              ├────────────────┤          │              │                            ├────────────────────────────┼──────────────────────────────────────────────────────────────┤
│                              │ CVE-2026-48962 │          │              │                            │                            │ perl-IO-Compress: perl-IO-Compress: Arbitrary code execution │
│                              │                │          │              │                            │                            │ via attacker-controlled output glob                          │
│                              │                │          │              │                            │                            │ https://avd.aquasec.com/nvd/cve-2026-48962                   │
│                              ├────────────────┤          ├──────────────┤                            ├────────────────────────────┼──────────────────────────────────────────────────────────────┤
│                              │ CVE-2026-9538  │          │ fix_deferred │                            │                            │ Archive::Tar versions before 3.10 for Perl allow memory      │
│                              │                │          │              │                            │                            │ exhaustion via ...                                           │
│                              │                │          │              │                            │                            │ https://avd.aquasec.com/nvd/cve-2026-9538                    │
├──────────────────────────────┼────────────────┼──────────┤              │                            ├────────────────────────────┼──────────────────────────────────────────────────────────────┤
│ perl-modules-5.40            │ CVE-2026-42496 │ CRITICAL │              │                            │                            │ perl-archive-tar: perl-archive-tar: Path traversal via       │
│                              │                │          │              │                            │                            │ crafted symlinks allows arbitrary file access                │
│                              │                │          │              │                            │                            │ https://avd.aquasec.com/nvd/cve-2026-42496                   │
│                              ├────────────────┤          ├──────────────┤                            ├────────────────────────────┼──────────────────────────────────────────────────────────────┤
│                              │ CVE-2026-8376  │          │ affected     │                            │                            │ Perl versions through 5.43.10 have a heap buffer overflow    │
│                              │                │          │              │                            │                            │ when compili ......                                          │
│                              │                │          │              │                            │                            │ https://avd.aquasec.com/nvd/cve-2026-8376                    │
│                              ├────────────────┼──────────┼──────────────┤                            ├────────────────────────────┼──────────────────────────────────────────────────────────────┤
│                              │ CVE-2026-42497 │ HIGH     │ fix_deferred │                            │                            │ Archive::Tar versions before 3.08 for Perl extract hardlinks │
│                              │                │          │              │                            │                            │ to attack ...                                                │
│                              │                │          │              │                            │                            │ https://avd.aquasec.com/nvd/cve-2026-42497                   │
│                              ├────────────────┤          ├──────────────┤                            ├────────────────────────────┼──────────────────────────────────────────────────────────────┤
│                              │ CVE-2026-48959 │          │ affected     │                            │                            │ IO::Uncompress::Unzip versions before 2.220 for Perl allow   │
│                              │                │          │              │                            │                            │ CPU exhaust ...                                              │
│                              │                │          │              │                            │                            │ https://avd.aquasec.com/nvd/cve-2026-48959                   │
│                              ├────────────────┤          │              │                            ├────────────────────────────┼──────────────────────────────────────────────────────────────┤
│                              │ CVE-2026-48962 │          │              │                            │                            │ perl-IO-Compress: perl-IO-Compress: Arbitrary code execution │
│                              │                │          │              │                            │                            │ via attacker-controlled output glob                          │
│                              │                │          │              │                            │                            │ https://avd.aquasec.com/nvd/cve-2026-48962                   │
│                              ├────────────────┤          ├──────────────┤                            ├────────────────────────────┼──────────────────────────────────────────────────────────────┤
│                              │ CVE-2026-9538  │          │ fix_deferred │                            │                            │ Archive::Tar versions before 3.10 for Perl allow memory      │
│                              │                │          │              │                            │                            │ exhaustion via ...                                           │
│                              │                │          │              │                            │                            │ https://avd.aquasec.com/nvd/cve-2026-9538                    │
├──────────────────────────────┼────────────────┼──────────┼──────────────┼────────────────────────────┼────────────────────────────┼──────────────────────────────────────────────────────────────┤
│ python3.13                   │ CVE-2026-7210  │ CRITICAL │ affected     │ 3.13.5-2                   │                            │ python: expat: Python/Expat: Denial of Service via crafted   │
│                              │                │          │              │                            │                            │ XML document                                                 │
│                              │                │          │              │                            │                            │ https://avd.aquasec.com/nvd/cve-2026-7210                    │
│                              ├────────────────┼──────────┼──────────────┤                            ├────────────────────────────┼──────────────────────────────────────────────────────────────┤
│                              │ CVE-2025-13836 │ HIGH     │ fixed        │                            │ 3.13.5-2+deb13u1           │ cpython: Excessive read buffering DoS in http.client         │
│                              │                │          │              │                            │                            │ https://avd.aquasec.com/nvd/cve-2025-13836                   │
│                              ├────────────────┤          │              │                            ├────────────────────────────┼──────────────────────────────────────────────────────────────┤
│                              │ CVE-2026-3644  │          │              │                            │ 3.13.5-2+deb13u2           │ cpython: Incomplete control character validation in          │
│                              │                │          │              │                            │                            │ http.cookies                                                 │
│                              │                │          │              │                            │                            │ https://avd.aquasec.com/nvd/cve-2026-3644                    │
│                              ├────────────────┤          │              │                            │                            ├──────────────────────────────────────────────────────────────┤
│                              │ CVE-2026-4224  │          │              │                            │                            │ cpython: Stack overflow parsing XML with deeply nested DTD   │
│                              │                │          │              │                            │                            │ content models                                               │
│                              │                │          │              │                            │                            │ https://avd.aquasec.com/nvd/cve-2026-4224                    │
│                              ├────────────────┤          │              │                            │                            ├──────────────────────────────────────────────────────────────┤
│                              │ CVE-2026-6100  │          │              │                            │                            │ python: Python: Arbitrary code execution or information      │
│                              │                │          │              │                            │                            │ disclosure via use-after-free in decompression...            │
│                              │                │          │              │                            │                            │ https://avd.aquasec.com/nvd/cve-2026-6100                    │
│                              ├────────────────┤          ├──────────────┤                            ├────────────────────────────┼──────────────────────────────────────────────────────────────┤
│                              │ CVE-2026-9669  │          │ affected     │                            │                            │ bz2.BZ2Decompressor objects could be reused after a          │
│                              │                │          │              │                            │                            │ decompression erro ...                                       │
│                              │                │          │              │                            │                            │ https://avd.aquasec.com/nvd/cve-2026-9669                    │
├──────────────────────────────┼────────────────┼──────────┤              │                            ├────────────────────────────┼──────────────────────────────────────────────────────────────┤
│ python3.13-minimal           │ CVE-2026-7210  │ CRITICAL │              │                            │                            │ python: expat: Python/Expat: Denial of Service via crafted   │
│                              │                │          │              │                            │                            │ XML document                                                 │
│                              │                │          │              │                            │                            │ https://avd.aquasec.com/nvd/cve-2026-7210                    │
│                              ├────────────────┼──────────┼──────────────┤                            ├────────────────────────────┼──────────────────────────────────────────────────────────────┤
│                              │ CVE-2025-13836 │ HIGH     │ fixed        │                            │ 3.13.5-2+deb13u1           │ cpython: Excessive read buffering DoS in http.client         │
│                              │                │          │              │                            │                            │ https://avd.aquasec.com/nvd/cve-2025-13836                   │
│                              ├────────────────┤          │              │                            ├────────────────────────────┼──────────────────────────────────────────────────────────────┤
│                              │ CVE-2026-3644  │          │              │                            │ 3.13.5-2+deb13u2           │ cpython: Incomplete control character validation in          │
│                              │                │          │              │                            │                            │ http.cookies                                                 │
│                              │                │          │              │                            │                            │ https://avd.aquasec.com/nvd/cve-2026-3644                    │
│                              ├────────────────┤          │              │                            │                            ├──────────────────────────────────────────────────────────────┤
│                              │ CVE-2026-4224  │          │              │                            │                            │ cpython: Stack overflow parsing XML with deeply nested DTD   │
│                              │                │          │              │                            │                            │ content models                                               │
│                              │                │          │              │                            │                            │ https://avd.aquasec.com/nvd/cve-2026-4224                    │
│                              ├────────────────┤          │              │                            │                            ├──────────────────────────────────────────────────────────────┤
│                              │ CVE-2026-6100  │          │              │                            │                            │ python: Python: Arbitrary code execution or information      │
│                              │                │          │              │                            │                            │ disclosure via use-after-free in decompression...            │
│                              │                │          │              │                            │                            │ https://avd.aquasec.com/nvd/cve-2026-6100                    │
│                              ├────────────────┤          ├──────────────┤                            ├────────────────────────────┼──────────────────────────────────────────────────────────────┤
│                              │ CVE-2026-9669  │          │ affected     │                            │                            │ bz2.BZ2Decompressor objects could be reused after a          │
│                              │                │          │              │                            │                            │ decompression erro ...                                       │
│                              │                │          │              │                            │                            │ https://avd.aquasec.com/nvd/cve-2026-9669                    │
└──────────────────────────────┴────────────────┴──────────┴──────────────┴────────────────────────────┴────────────────────────────┴──────────────────────────────────────────────────────────────┘

Python (python-pkg)
===================
Total: 15 (HIGH: 15, CRITICAL: 0)

┌───────────────────────────┬────────────────┬──────────┬────────┬───────────────────┬───────────────┬──────────────────────────────────────────────────────────────┐
│          Library          │ Vulnerability  │ Severity │ Status │ Installed Version │ Fixed Version │                            Title                             │
├───────────────────────────┼────────────────┼──────────┼────────┼───────────────────┼───────────────┼──────────────────────────────────────────────────────────────┤
│ Flask (METADATA)          │ CVE-2023-30861 │ HIGH     │ fixed  │ 1.0               │ 2.3.2, 2.2.5  │ flask: Possible disclosure of permanent session cookie due   │
│                           │                │          │        │                   │               │ to missing Vary: Cookie...                                   │
│                           │                │          │        │                   │               │ https://avd.aquasec.com/nvd/cve-2023-30861                   │
│                           │                │          │        │                   │               │                                                              │
│                           │                │          │        │                   │               │                                                              │
│                           │                │          │        │                   │               │                                                              │
│                           │                │          │        │                   │               │                                                              │
├───────────────────────────┼────────────────┤          │        ├───────────────────┼───────────────┼──────────────────────────────────────────────────────────────┤
│ Jinja2 (METADATA)         │ CVE-2019-10906 │          │        │ 2.10              │ 2.10.1        │ python-jinja2: str.format_map allows sandbox escape          │
│                           │                │          │        │                   │               │ https://avd.aquasec.com/nvd/cve-2019-10906                   │
│                           │                │          │        │                   │               │                                                              │
│                           │                │          │        │                   │               │                                                              │
│                           │                │          │        │                   │               │                                                              │
├───────────────────────────┼────────────────┤          │        ├───────────────────┼───────────────┼──────────────────────────────────────────────────────────────┤
│ Werkzeug (METADATA)       │ CVE-2019-14322 │          │        │ 0.15.0            │ 0.15.5        │ Pallets Werkzeug vulnerable to Path Traversal                │
│                           │                │          │        │                   │               │ https://avd.aquasec.com/nvd/cve-2019-14322                   │
│                           │                │          │        │                   │               │                                                              │
│                           │                │          │        │                   │               │                                                              │
│                           │                │          │        │                   │               │                                                              │
│                           ├────────────────┤          │        │                   ├───────────────┼──────────────────────────────────────────────────────────────┤
│                           │ CVE-2019-14806 │          │        │                   │ 0.15.3        │ python-werkzeug: insufficient debugger PIN randomness        │
│                           │                │          │        │                   │               │ vulnerability                                                │
│                           │                │          │        │                   │               │ https://avd.aquasec.com/nvd/cve-2019-14806                   │
│                           │                │          │        │                   │               │                                                              │
│                           │                │          │        │                   │               │                                                              │
│                           │                │          │        │                   │               │                                                              │
│                           │                │          │        │                   │               │                                                              │
│                           ├────────────────┤          │        │                   ├───────────────┼──────────────────────────────────────────────────────────────┤
│                           │ CVE-2023-25577 │          │        │                   │ 2.2.3         │ python-werkzeug: high resource usage when parsing multipart  │
│                           │                │          │        │                   │               │ form data with many fields...                                │
│                           │                │          │        │                   │               │ https://avd.aquasec.com/nvd/cve-2023-25577                   │
│                           │                │          │        │                   │               │                                                              │
│                           │                │          │        │                   │               │                                                              │
│                           │                │          │        │                   │               │                                                              │
│                           │                │          │        │                   │               │                                                              │
│                           ├────────────────┤          │        │                   ├───────────────┼──────────────────────────────────────────────────────────────┤
│                           │ CVE-2024-34069 │          │        │                   │ 3.0.3         │ python-werkzeug: user may execute code on a developer's      │
│                           │                │          │        │                   │               │ machine                                                      │
│                           │                │          │        │                   │               │ https://avd.aquasec.com/nvd/cve-2024-34069                   │
│                           │                │          │        │                   │               │                                                              │
│                           │                │          │        │                   │               │                                                              │
│                           │                │          │        │                   │               │                                                              │
│                           │                │          │        │                   │               │                                                              │
├───────────────────────────┼────────────────┤          │        ├───────────────────┼───────────────┼──────────────────────────────────────────────────────────────┤
│ jaraco.context (METADATA) │ CVE-2026-23949 │          │        │ 5.3.0             │ 6.1.0         │ jaraco.context: jaraco.context: Path traversal via malicious │
│                           │                │          │        │                   │               │ tar archives                                                 │
│                           │                │          │        │                   │               │ https://avd.aquasec.com/nvd/cve-2026-23949                   │
├───────────────────────────┼────────────────┤          │        ├───────────────────┼───────────────┼──────────────────────────────────────────────────────────────┤
│ wheel (METADATA)          │ CVE-2026-24049 │          │        │ 0.45.1            │ 0.46.2        │ wheel: wheel: Privilege Escalation or Arbitrary Code         │
│                           │                │          │        │                   │               │ Execution via malicious wheel file...                        │
│                           │                │          │        │                   │               │ https://avd.aquasec.com/nvd/cve-2026-24049                   │
│                           │                │          │        │                   │               │                                                              │
│                           │                │          │        │                   │               │                                                              │
│                           │                │          │        │                   │               │                                                              │
│                           │                │          │        │                   │               │                                                              │
└───────────────────────────┴────────────────┴──────────┴────────┴───────────────────┴───────────────┴──────────────────────────────────────────────────────────────┘

📣 [34mNotices:[0m
  - Version 0.71.0 of Trivy is now available, current version is 0.70.0

To suppress version checks, run Trivy scans with the --skip-version-check flag

